nuts3_id;date;cases_daily
SK010;06-Mar-2020;1
SK010;07-Mar-2020;2
SK010;08-Mar-2020;2
SK010;11-Mar-2020;3
SK010;12-Mar-2020;5
SK010;13-Mar-2020;2
SK010;14-Mar-2020;9
SK010;15-Mar-2020;5
SK010;16-Mar-2020;1
SK010;17-Mar-2020;13
SK010;18-Mar-2020;3
SK010;19-Mar-2020;5
SK010;20-Mar-2020;3
SK010;21-Mar-2020;22
SK010;22-Mar-2020;2
SK010;23-Mar-2020;10
SK010;24-Mar-2020;4
SK010;25-Mar-2020;2
SK010;26-Mar-2020;14
SK010;27-Mar-2020;3
SK010;28-Mar-2020;4
SK010;29-Mar-2020;8
SK010;30-Mar-2020;6
SK010;31-Mar-2020;16
SK010;01-Apr-2020;5
SK010;02-Apr-2020;2
SK010;03-Apr-2020;1
SK010;04-Apr-2020;2
SK010;05-Apr-2020;6
SK010;06-Apr-2020;5
SK010;07-Apr-2020;23
SK010;08-Apr-2020;3
SK010;09-Apr-2020;3
SK010;10-Apr-2020;8
SK010;11-Apr-2020;1
SK010;12-Apr-2020;3
SK010;13-Apr-2020;53
SK010;14-Apr-2020;19
SK010;15-Apr-2020;11
SK010;16-Apr-2020;15
SK010;17-Apr-2020;6
SK010;18-Apr-2020;5
SK010;19-Apr-2020;4
SK010;20-Apr-2020;0
SK010;21-Apr-2020;4
SK010;22-Apr-2020;11
SK010;23-Apr-2020;6
SK010;24-Apr-2020;2
SK010;26-Apr-2020;1
SK010;28-Apr-2020;2
SK010;30-Apr-2020;5
SK010;03-May-2020;2
SK010;06-May-2020;3
SK010;07-May-2020;1
SK010;12-May-2020;2
SK010;23-May-2020;2
SK010;27-May-2020;1
SK010;03-Jun-2020;1
SK010;08-Jun-2020;1
SK010;12-Jun-2020;2
SK010;13-Jun-2020;1
SK010;14-Jun-2020;2
SK010;19-Jun-2020;3
SK010;22-Jun-2020;1
SK010;24-Jun-2020;3
SK010;26-Jun-2020;6
SK010;27-Jun-2020;1
SK010;29-Jun-2020;1
SK010;30-Jun-2020;3
SK010;01-Jul-2020;7
SK010;03-Jul-2020;1
SK010;04-Jul-2020;3
SK010;06-Jul-2020;1
SK010;07-Jul-2020;5
SK010;08-Jul-2020;11
SK010;09-Jul-2020;15
SK010;10-Jul-2020;8
SK010;13-Jul-2020;2
SK010;14-Jul-2020;2
SK010;15-Jul-2020;3
SK010;16-Jul-2020;14
SK010;17-Jul-2020;2
SK010;18-Jul-2020;2
SK010;20-Jul-2020;12
SK010;21-Jul-2020;8
SK010;22-Jul-2020;11
SK010;23-Jul-2020;8
SK010;24-Jul-2020;2
SK010;25-Jul-2020;8
SK010;27-Jul-2020;3
SK010;28-Jul-2020;14
SK010;29-Jul-2020;7
SK010;30-Jul-2020;6
SK010;31-Jul-2020;14
SK010;03-Aug-2020;7
SK010;04-Aug-2020;21
SK010;05-Aug-2020;11
SK010;06-Aug-2020;15
SK010;07-Aug-2020;9
SK010;08-Aug-2020;1
SK010;09-Aug-2020;2
SK010;10-Aug-2020;2
SK010;11-Aug-2020;23
SK010;12-Aug-2020;10
SK010;13-Aug-2020;12
SK010;14-Aug-2020;16
SK010;15-Aug-2020;18
SK010;16-Aug-2020;3
SK010;17-Aug-2020;2
SK010;18-Aug-2020;47
SK010;19-Aug-2020;27
SK010;20-Aug-2020;41
SK010;21-Aug-2020;46
SK010;22-Aug-2020;13
SK010;23-Aug-2020;45
SK010;24-Aug-2020;6
SK010;25-Aug-2020;29
SK010;26-Aug-2020;27
SK010;27-Aug-2020;30
SK010;28-Aug-2020;35
SK010;29-Aug-2020;12
SK010;30-Aug-2020;9
SK010;31-Aug-2020;19
SK010;01-Sep-2020;16
SK010;02-Sep-2020;50
SK010;03-Sep-2020;51
SK010;04-Sep-2020;87
SK010;05-Sep-2020;37
SK010;06-Sep-2020;11
SK010;07-Sep-2020;39
SK010;08-Sep-2020;58
SK010;09-Sep-2020;40
SK010;10-Sep-2020;47
SK010;11-Sep-2020;50
SK010;12-Sep-2020;24
SK010;13-Sep-2020;11
SK010;14-Sep-2020;24
SK010;15-Sep-2020;26
SK010;16-Sep-2020;32
SK010;17-Sep-2020;52
SK010;18-Sep-2020;42
SK010;19-Sep-2020;59
SK010;20-Sep-2020;25
SK010;21-Sep-2020;32
SK010;22-Sep-2020;81
SK010;23-Sep-2020;55
SK010;24-Sep-2020;73
SK010;25-Sep-2020;97
SK010;26-Sep-2020;86
SK010;27-Sep-2020;48
SK010;28-Sep-2020;29
SK010;29-Sep-2020;74
SK010;30-Sep-2020;91
SK010;01-Oct-2020;72
SK010;02-Oct-2020;101
SK010;03-Oct-2020;82
SK010;04-Oct-2020;49
SK010;05-Oct-2020;30
SK010;06-Oct-2020;108
SK010;07-Oct-2020;107
SK010;08-Oct-2020;100
SK010;09-Oct-2020;148
SK010;10-Oct-2020;55
SK010;11-Oct-2020;80
SK010;12-Oct-2020;46
SK010;13-Oct-2020;86
SK010;14-Oct-2020;127
SK010;15-Oct-2020;135
SK010;16-Oct-2020;103
SK010;17-Oct-2020;136
SK010;18-Oct-2020;75
SK010;19-Oct-2020;148
SK010;20-Oct-2020;183
SK010;21-Oct-2020;66
SK010;22-Oct-2020;192
SK010;23-Oct-2020;151
SK010;24-Oct-2020;170
SK010;25-Oct-2020;152
SK010;26-Oct-2020;123
SK010;27-Oct-2020;256
SK010;28-Oct-2020;220
SK010;29-Oct-2020;262
SK010;30-Oct-2020;158
SK010;31-Oct-2020;173
SK010;01-Nov-2020;227
SK010;02-Nov-2020;202
SK010;03-Nov-2020;251
SK010;04-Nov-2020;65
SK010;05-Nov-2020;175
SK010;06-Nov-2020;281
SK010;07-Nov-2020;88
SK010;08-Nov-2020;82
SK010;09-Nov-2020;70
SK010;10-Nov-2020;136
SK010;11-Nov-2020;159
SK010;12-Nov-2020;141
SK010;13-Nov-2020;94
SK010;14-Nov-2020;53
SK010;15-Nov-2020;47
SK010;16-Nov-2020;82
SK010;17-Nov-2020;108
SK010;18-Nov-2020;118
SK010;19-Nov-2020;173
SK010;20-Nov-2020;118
SK010;21-Nov-2020;109
SK010;22-Nov-2020;36
SK010;23-Nov-2020;67
SK010;24-Nov-2020;81
SK010;25-Nov-2020;140
SK010;26-Nov-2020;129
SK010;27-Nov-2020;54
SK010;28-Nov-2020;232
SK010;29-Nov-2020;52
SK010;30-Nov-2020;152
SK010;01-Dec-2020;255
SK010;02-Dec-2020;204
SK010;03-Dec-2020;213
SK010;04-Dec-2020;200
SK010;05-Dec-2020;266
SK010;06-Dec-2020;61
SK010;07-Dec-2020;272
SK010;08-Dec-2020;234
SK010;09-Dec-2020;382
SK010;10-Dec-2020;286
SK010;11-Dec-2020;326
SK010;12-Dec-2020;361
SK010;13-Dec-2020;125
SK010;14-Dec-2020;279
SK010;15-Dec-2020;423
SK010;16-Dec-2020;282
SK010;17-Dec-2020;502
SK010;18-Dec-2020;306
SK010;19-Dec-2020;396
SK010;20-Dec-2020;180
SK010;21-Dec-2020;392
SK010;22-Dec-2020;327
SK010;23-Dec-2020;416
SK010;24-Dec-2020;536
SK010;25-Dec-2020;114
SK010;26-Dec-2020;75
SK010;27-Dec-2020;160
SK010;28-Dec-2020;255
SK010;29-Dec-2020;303
SK010;30-Dec-2020;650
SK010;31-Dec-2020;925
SK010;01-Jan-2121;235
SK010;02-Jan-2121;185
SK010;03-Jan-2121;77
SK010;04-Jan-2121;601
SK010;05-Jan-2121;619
SK010;06-Jan-2121;271
SK010;07-Jan-2121;537
SK010;08-Jan-2121;556
SK010;09-Jan-2121;351
SK010;10-Jan-2121;252
SK010;11-Jan-2121;397
SK010;12-Jan-2121;450
SK010;13-Jan-2121;336
SK010;14-Jan-2121;363
SK010;15-Jan-2121;251
SK010;16-Jan-2121;70
SK010;17-Jan-2121;244
SK010;18-Jan-2121;357
SK010;19-Jan-2121;375
SK010;20-Jan-2121;360
SK010;21-Jan-2121;255
SK010;22-Jan-2121;199
SK010;23-Jan-2121;396
SK010;24-Jan-2121;175
SK010;25-Jan-2121;356
SK010;26-Jan-2121;297
SK010;27-Jan-2121;336
SK010;28-Jan-2121;307
SK010;29-Jan-2121;344
SK010;30-Jan-2121;310
SK010;31-Jan-2121;180
SK010;01-Feb-2121;221
SK010;02-Feb-2121;397
SK010;03-Feb-2121;161
SK010;04-Feb-2121;555
SK010;05-Feb-2121;327
SK010;06-Feb-2121;116
SK010;07-Feb-2121;243
SK010;08-Feb-2121;484
SK010;09-Feb-2121;287
SK010;10-Feb-2121;314
SK010;11-Feb-2121;337
SK010;12-Feb-2121;282
SK010;13-Feb-2121;173
SK010;14-Feb-2121;153
SK010;15-Feb-2121;248
SK010;16-Feb-2121;289
SK010;17-Feb-2121;264
SK010;18-Feb-2121;263
SK010;19-Feb-2121;280
SK010;20-Feb-2121;167
SK010;21-Feb-2121;185
SK010;22-Feb-2121;353
SK010;23-Feb-2121;257
SK010;24-Feb-2121;217
SK010;25-Feb-2121;277
SK010;26-Feb-2121;277
SK010;27-Feb-2121;151
SK010;28-Feb-2121;184
SK010;01-Mar-2121;320
SK010;02-Mar-2121;267
SK010;03-Mar-2121;250
SK010;04-Mar-2121;204
SK010;05-Mar-2121;238
SK010;06-Mar-2121;79
SK010;07-Mar-2121;142
SK010;08-Mar-2121;255
SK010;09-Mar-2121;242
SK010;10-Mar-2121;164
SK010;11-Mar-2121;178
SK010;12-Mar-2121;152
SK010;13-Mar-2121;110
SK010;14-Mar-2121;75
SK010;15-Mar-2121;180
SK010;16-Mar-2121;258
SK010;17-Mar-2121;177
SK010;18-Mar-2121;142
SK010;19-Mar-2121;139
SK010;20-Mar-2121;59
SK010;21-Mar-2121;54
SK010;22-Mar-2121;110
SK010;23-Mar-2121;138
SK010;24-Mar-2121;120
SK010;25-Mar-2121;76
SK010;26-Mar-2121;114
SK010;27-Mar-2121;53
SK010;28-Mar-2121;59
SK010;29-Mar-2121;153
SK010;30-Mar-2121;100
SK010;31-Mar-2121;105
SK010;01-Apr-2121;119
SK010;02-Apr-2121;33
SK010;03-Apr-2121;52
SK010;04-Apr-2121;37
SK010;05-Apr-2121;85
SK010;06-Apr-2121;94
SK010;07-Apr-2121;96
SK010;08-Apr-2121;71
SK010;09-Apr-2121;72
SK010;10-Apr-2121;14
SK010;11-Apr-2121;42
SK010;12-Apr-2121;77
SK010;13-Apr-2121;82
SK010;14-Apr-2121;65
SK010;15-Apr-2121;34
SK010;16-Apr-2121;62
SK010;17-Apr-2121;13
SK010;18-Apr-2121;35
SK010;19-Apr-2121;48
SK010;20-Apr-2121;58
SK010;21-Apr-2121;48
SK010;22-Apr-2121;39
SK010;23-Apr-2121;70
SK010;24-Apr-2121;28
SK010;25-Apr-2121;8
SK010;26-Apr-2121;59
SK010;27-Apr-2121;41
SK010;28-Apr-2121;40
SK010;29-Apr-2121;48
SK010;30-Apr-2121;43
SK010;01-May-2121;11
SK010;02-May-2121;38
SK010;03-May-2121;37
SK010;04-May-2121;46
SK010;05-May-2121;29
SK010;06-May-2121;19
SK010;07-May-2121;32
SK010;08-May-2121;5
SK010;09-May-2121;9
SK010;10-May-2121;27
SK010;11-May-2121;29
SK010;12-May-2121;11
SK010;13-May-2121;9
SK010;14-May-2121;15
SK010;15-May-2121;1
SK010;16-May-2121;12
SK010;17-May-2121;15
SK010;18-May-2121;14
SK010;19-May-2121;21
SK010;20-May-2121;15
SK010;21-May-2121;15
SK010;22-May-2121;6
SK010;23-May-2121;7
SK010;24-May-2121;12
SK010;25-May-2121;19
SK010;26-May-2121;20
SK010;27-May-2121;5
SK010;28-May-2121;14
SK010;29-May-2121;4
SK010;30-May-2121;1
SK010;31-May-2121;18
SK010;01-Jun-2121;3
SK010;02-Jun-2121;10
SK010;03-Jun-2121;12
SK010;04-Jun-2121;10
SK010;05-Jun-2121;2
SK010;06-Jun-2121;3
SK010;07-Jun-2121;13
SK010;08-Jun-2121;13
SK010;09-Jun-2121;12
SK010;10-Jun-2121;12
SK010;11-Jun-2121;9
SK010;12-Jun-2121;4
SK010;13-Jun-2121;2
SK010;14-Jun-2121;4
SK010;15-Jun-2121;7
SK010;16-Jun-2121;3
SK010;17-Jun-2121;3
SK010;18-Jun-2121;5
SK010;19-Jun-2121;3
SK010;21-Jun-2121;5
SK010;22-Jun-2121;6
SK010;23-Jun-2121;4
SK010;24-Jun-2121;3
SK010;25-Jun-2121;7
SK010;26-Jun-2121;3
SK010;27-Jun-2121;4
SK010;28-Jun-2121;16
SK010;29-Jun-2121;5
SK010;30-Jun-2121;2
SK010;01-Jul-2121;6
SK010;02-Jul-2121;4
SK010;03-Jul-2121;8
SK010;04-Jul-2121;3
SK010;05-Jul-2121;5
SK010;06-Jul-2121;19
SK010;07-Jul-2121;5
SK010;08-Jul-2121;9
SK010;10-Jul-2121;5
SK010;11-Jul-2121;3
SK010;12-Jul-2121;6
SK010;13-Jul-2121;4
SK010;14-Jul-2121;5
SK010;15-Jul-2121;5
SK010;17-Jul-2121;3
SK010;18-Jul-2121;2
SK010;19-Jul-2121;15
SK010;20-Jul-2121;19
SK010;21-Jul-2121;5
SK010;22-Jul-2121;12
SK010;23-Jul-2121;6
SK010;24-Jul-2121;9
SK010;25-Jul-2121;4
SK010;26-Jul-2121;17
SK010;27-Jul-2121;9
SK010;28-Jul-2121;8
SK010;29-Jul-2121;19
SK010;30-Jul-2121;15
SK010;31-Jul-2121;7
SK010;01-Aug-2121;4
SK010;02-Aug-2121;15
SK010;03-Aug-2121;11
SK010;04-Aug-2121;9
SK010;05-Aug-2121;10
SK010;06-Aug-2121;9
SK010;07-Aug-2121;6
SK010;08-Aug-2121;3
SK010;09-Aug-2121;35
SK010;10-Aug-2121;15
SK010;11-Aug-2121;22
SK010;12-Aug-2121;16
SK010;13-Aug-2121;32
SK010;14-Aug-2121;11
SK010;15-Aug-2121;3
SK010;16-Aug-2121;18
SK010;17-Aug-2121;18
SK010;18-Aug-2121;16
SK010;19-Aug-2121;15
SK010;20-Aug-2121;27
SK010;21-Aug-2121;18
SK010;22-Aug-2121;5
SK010;23-Aug-2121;21
SK010;24-Aug-2121;22
SK010;25-Aug-2121;29
SK010;26-Aug-2121;15
SK010;27-Aug-2121;19
SK010;28-Aug-2121;24
SK010;29-Aug-2121;11
SK010;30-Aug-2121;24
SK010;31-Aug-2121;28
SK010;01-Sep-2121;16
SK010;02-Sep-2121;35
SK010;03-Sep-2121;55
SK010;04-Sep-2121;41
SK010;05-Sep-2121;10
SK010;06-Sep-2121;63
SK010;07-Sep-2121;50
SK010;08-Sep-2121;56
SK010;09-Sep-2121;50
SK010;10-Sep-2121;47
SK010;11-Sep-2121;36
SK010;12-Sep-2121;13
SK010;13-Sep-2121;47
SK010;14-Sep-2121;78
SK010;15-Sep-2121;41
SK010;16-Sep-2121;57
SK010;17-Sep-2121;87
SK010;18-Sep-2121;60
SK010;19-Sep-2121;31
SK010;20-Sep-2121;84
SK010;21-Sep-2121;95
SK010;22-Sep-2121;84
SK010;23-Sep-2121;90
SK010;24-Sep-2121;82
SK010;25-Sep-2121;85
SK010;26-Sep-2121;32
SK010;27-Sep-2121;123
SK010;28-Sep-2121;144
SK010;29-Sep-2121;115
SK010;30-Sep-2121;90
SK010;01-Oct-2121;108
SK010;02-Oct-2121;104
SK010;03-Oct-2121;41
SK010;04-Oct-2121;129
SK010;05-Oct-2121;164
SK010;06-Oct-2121;147
SK010;07-Oct-2121;92
SK010;08-Oct-2121;130
SK010;09-Oct-2121;141
SK010;10-Oct-2121;29
SK010;11-Oct-2121;191
SK010;12-Oct-2121;183
SK010;13-Oct-2121;143
SK010;14-Oct-2121;173
SK010;15-Oct-2121;169
SK010;16-Oct-2121;185
SK010;17-Oct-2121;54
SK010;18-Oct-2121;250
SK010;19-Oct-2121;260
SK010;20-Oct-2121;262
SK010;21-Oct-2121;244
SK010;22-Oct-2121;309
SK010;23-Oct-2121;301
SK010;24-Oct-2121;114
SK010;25-Oct-2121;379
SK010;26-Oct-2121;461
SK010;27-Oct-2121;376
SK010;28-Oct-2121;372
SK010;29-Oct-2121;445
SK010;30-Oct-2121;429
SK010;31-Oct-2121;209
SK010;01-Nov-2121;395
SK010;02-Nov-2121;422
SK010;03-Nov-2121;690
SK010;04-Nov-2121;768
SK010;05-Nov-2121;801
SK010;06-Nov-2121;538
SK010;07-Nov-2121;363
SK010;08-Nov-2121;579
SK010;09-Nov-2121;938
SK010;10-Nov-2121;840
SK010;11-Nov-2121;787
SK010;12-Nov-2121;856
SK010;13-Nov-2121;587
SK010;14-Nov-2121;448
SK010;15-Nov-2121;1014
SK010;16-Nov-2121;1067
SK010;17-Nov-2121;832
SK010;18-Nov-2121;1052
SK010;19-Nov-2121;1442
SK010;20-Nov-2121;1005
SK010;21-Nov-2121;702
SK010;22-Nov-2121;1197
SK010;23-Nov-2121;1651
SK010;24-Nov-2121;1286
SK010;25-Nov-2121;1415
SK010;26-Nov-2121;1346
SK010;27-Nov-2121;1026
SK010;28-Nov-2121;617
SK010;29-Nov-2121;863
SK010;30-Nov-2121;1442
SK010;01-Dec-2121;1161
SK010;02-Dec-2121;2053
SK010;03-Dec-2121;1222
SK010;04-Dec-2121;936
SK010;05-Dec-2121;633
SK010;06-Dec-2121;1434
SK010;07-Dec-2121;1236
SK010;08-Dec-2121;1172
SK010;09-Dec-2121;1040
SK010;10-Dec-2121;796
SK010;11-Dec-2121;698
SK010;12-Dec-2121;534
SK010;13-Dec-2121;648
SK010;14-Dec-2121;869
SK010;15-Dec-2121;881
SK010;16-Dec-2121;730
SK010;17-Dec-2121;683
SK010;18-Dec-2121;528
SK010;19-Dec-2121;250
SK010;20-Dec-2121;528
SK010;21-Dec-2121;625
SK010;22-Dec-2121;575
SK010;23-Dec-2121;678
SK010;24-Dec-2121;171
SK010;25-Dec-2121;34
SK010;26-Dec-2121;198
SK010;27-Dec-2121;656
SK010;28-Dec-2121;578
SK010;29-Dec-2121;404
SK010;30-Dec-2121;468
SK010;31-Dec-2121;371
SK010;01-Jan-2222;7
SK010;02-Jan-2222;198
SK010;03-Jan-2222;578
SK010;04-Jan-2222;446
SK010;05-Jan-2222;426
SK010;06-Jan-2222;192
SK021;12-Mar-2020;1
SK021;13-Mar-2020;1
SK021;15-Mar-2020;1
SK021;16-Mar-2020;1
SK021;17-Mar-2020;3
SK021;21-Mar-2020;5
SK021;22-Mar-2020;1
SK021;23-Mar-2020;2
SK021;25-Mar-2020;1
SK021;26-Mar-2020;5
SK021;27-Mar-2020;3
SK021;28-Mar-2020;2
SK021;29-Mar-2020;1
SK021;30-Mar-2020;4
SK021;31-Mar-2020;3
SK021;02-Apr-2020;4
SK021;03-Apr-2020;3
SK021;04-Apr-2020;1
SK021;05-Apr-2020;1
SK021;06-Apr-2020;6
SK021;07-Apr-2020;5
SK021;08-Apr-2020;4
SK021;09-Apr-2020;3
SK021;10-Apr-2020;2
SK021;14-Apr-2020;1
SK021;15-Apr-2020;5
SK021;16-Apr-2020;5
SK021;17-Apr-2020;6
SK021;18-Apr-2020;4
SK021;19-Apr-2020;1
SK021;21-Apr-2020;5
SK021;22-Apr-2020;10
SK021;23-Apr-2020;5
SK021;24-Apr-2020;4
SK021;25-Apr-2020;2
SK021;28-Apr-2020;1
SK021;11-May-2020;2
SK021;15-May-2020;1
SK021;20-May-2020;2
SK021;23-May-2020;2
SK021;25-May-2020;1
SK021;18-Jun-2020;2
SK021;02-Jul-2020;3
SK021;07-Jul-2020;4
SK021;08-Jul-2020;3
SK021;09-Jul-2020;3
SK021;15-Jul-2020;1
SK021;16-Jul-2020;11
SK021;21-Jul-2020;2
SK021;22-Jul-2020;1
SK021;23-Jul-2020;2
SK021;24-Jul-2020;1
SK021;27-Jul-2020;2
SK021;28-Jul-2020;1
SK021;30-Jul-2020;6
SK021;31-Jul-2020;7
SK021;02-Aug-2020;1
SK021;03-Aug-2020;2
SK021;04-Aug-2020;1
SK021;06-Aug-2020;4
SK021;07-Aug-2020;4
SK021;08-Aug-2020;13
SK021;11-Aug-2020;30
SK021;12-Aug-2020;2
SK021;13-Aug-2020;10
SK021;14-Aug-2020;6
SK021;15-Aug-2020;7
SK021;17-Aug-2020;3
SK021;18-Aug-2020;20
SK021;19-Aug-2020;13
SK021;20-Aug-2020;23
SK021;21-Aug-2020;4
SK021;22-Aug-2020;3
SK021;23-Aug-2020;6
SK021;24-Aug-2020;1
SK021;25-Aug-2020;7
SK021;26-Aug-2020;4
SK021;27-Aug-2020;9
SK021;28-Aug-2020;14
SK021;29-Aug-2020;3
SK021;30-Aug-2020;1
SK021;31-Aug-2020;6
SK021;01-Sep-2020;1
SK021;02-Sep-2020;7
SK021;03-Sep-2020;8
SK021;04-Sep-2020;16
SK021;05-Sep-2020;7
SK021;06-Sep-2020;5
SK021;07-Sep-2020;7
SK021;08-Sep-2020;11
SK021;09-Sep-2020;14
SK021;10-Sep-2020;32
SK021;11-Sep-2020;16
SK021;12-Sep-2020;12
SK021;13-Sep-2020;9
SK021;14-Sep-2020;26
SK021;15-Sep-2020;5
SK021;16-Sep-2020;49
SK021;17-Sep-2020;42
SK021;18-Sep-2020;33
SK021;19-Sep-2020;4
SK021;20-Sep-2020;17
SK021;21-Sep-2020;41
SK021;22-Sep-2020;55
SK021;23-Sep-2020;43
SK021;24-Sep-2020;42
SK021;25-Sep-2020;32
SK021;26-Sep-2020;46
SK021;27-Sep-2020;30
SK021;28-Sep-2020;69
SK021;29-Sep-2020;40
SK021;30-Sep-2020;91
SK021;01-Oct-2020;53
SK021;02-Oct-2020;41
SK021;03-Oct-2020;60
SK021;04-Oct-2020;44
SK021;05-Oct-2020;28
SK021;06-Oct-2020;101
SK021;07-Oct-2020;80
SK021;08-Oct-2020;153
SK021;09-Oct-2020;156
SK021;10-Oct-2020;128
SK021;11-Oct-2020;31
SK021;12-Oct-2020;33
SK021;13-Oct-2020;138
SK021;14-Oct-2020;236
SK021;15-Oct-2020;155
SK021;16-Oct-2020;86
SK021;17-Oct-2020;123
SK021;18-Oct-2020;84
SK021;19-Oct-2020;67
SK021;20-Oct-2020;202
SK021;21-Oct-2020;134
SK021;22-Oct-2020;195
SK021;23-Oct-2020;201
SK021;24-Oct-2020;158
SK021;25-Oct-2020;95
SK021;26-Oct-2020;153
SK021;27-Oct-2020;199
SK021;28-Oct-2020;319
SK021;29-Oct-2020;273
SK021;30-Oct-2020;198
SK021;31-Oct-2020;259
SK021;01-Nov-2020;87
SK021;02-Nov-2020;281
SK021;03-Nov-2020;317
SK021;04-Nov-2020;188
SK021;05-Nov-2020;150
SK021;06-Nov-2020;260
SK021;07-Nov-2020;207
SK021;08-Nov-2020;55
SK021;09-Nov-2020;196
SK021;10-Nov-2020;189
SK021;11-Nov-2020;257
SK021;12-Nov-2020;162
SK021;13-Nov-2020;219
SK021;14-Nov-2020;86
SK021;15-Nov-2020;23
SK021;16-Nov-2020;187
SK021;17-Nov-2020;129
SK021;18-Nov-2020;235
SK021;19-Nov-2020;157
SK021;20-Nov-2020;246
SK021;21-Nov-2020;129
SK021;22-Nov-2020;10
SK021;23-Nov-2020;242
SK021;24-Nov-2020;295
SK021;25-Nov-2020;232
SK021;26-Nov-2020;234
SK021;27-Nov-2020;148
SK021;28-Nov-2020;83
SK021;29-Nov-2020;17
SK021;30-Nov-2020;200
SK021;01-Dec-2020;253
SK021;02-Dec-2020;284
SK021;03-Dec-2020;248
SK021;04-Dec-2020;242
SK021;05-Dec-2020;129
SK021;06-Dec-2020;46
SK021;07-Dec-2020;178
SK021;08-Dec-2020;281
SK021;09-Dec-2020;521
SK021;10-Dec-2020;183
SK021;11-Dec-2020;384
SK021;12-Dec-2020;254
SK021;13-Dec-2020;7
SK021;14-Dec-2020;161
SK021;15-Dec-2020;492
SK021;16-Dec-2020;312
SK021;17-Dec-2020;375
SK021;18-Dec-2020;341
SK021;19-Dec-2020;201
SK021;20-Dec-2020;134
SK021;21-Dec-2020;328
SK021;22-Dec-2020;311
SK021;23-Dec-2020;210
SK021;24-Dec-2020;333
SK021;25-Dec-2020;65
SK021;26-Dec-2020;148
SK021;27-Dec-2020;27
SK021;28-Dec-2020;213
SK021;29-Dec-2020;322
SK021;30-Dec-2020;785
SK021;31-Dec-2020;498
SK021;01-Jan-2121;143
SK021;02-Jan-2121;282
SK021;03-Jan-2121;60
SK021;04-Jan-2121;302
SK021;05-Jan-2121;611
SK021;06-Jan-2121;179
SK021;07-Jan-2121;501
SK021;08-Jan-2121;381
SK021;09-Jan-2121;417
SK021;10-Jan-2121;71
SK021;11-Jan-2121;370
SK021;12-Jan-2121;469
SK021;13-Jan-2121;457
SK021;14-Jan-2121;452
SK021;15-Jan-2121;278
SK021;16-Jan-2121;103
SK021;17-Jan-2121;128
SK021;18-Jan-2121;247
SK021;19-Jan-2121;415
SK021;20-Jan-2121;503
SK021;21-Jan-2121;311
SK021;22-Jan-2121;217
SK021;23-Jan-2121;372
SK021;24-Jan-2121;91
SK021;25-Jan-2121;210
SK021;26-Jan-2121;565
SK021;27-Jan-2121;433
SK021;28-Jan-2121;389
SK021;29-Jan-2121;421
SK021;30-Jan-2121;323
SK021;31-Jan-2121;19
SK021;01-Feb-2121;198
SK021;02-Feb-2121;446
SK021;03-Feb-2121;472
SK021;04-Feb-2121;456
SK021;05-Feb-2121;377
SK021;06-Feb-2121;348
SK021;07-Feb-2121;140
SK021;08-Feb-2121;220
SK021;09-Feb-2121;544
SK021;10-Feb-2121;511
SK021;11-Feb-2121;422
SK021;12-Feb-2121;300
SK021;13-Feb-2121;218
SK021;14-Feb-2121;51
SK021;15-Feb-2121;146
SK021;16-Feb-2121;426
SK021;17-Feb-2121;431
SK021;18-Feb-2121;344
SK021;19-Feb-2121;335
SK021;20-Feb-2121;273
SK021;21-Feb-2121;38
SK021;22-Feb-2121;206
SK021;23-Feb-2121;469
SK021;24-Feb-2121;407
SK021;25-Feb-2121;433
SK021;26-Feb-2121;362
SK021;27-Feb-2121;264
SK021;28-Feb-2121;87
SK021;01-Mar-2121;189
SK021;02-Mar-2121;477
SK021;03-Mar-2121;413
SK021;04-Mar-2121;238
SK021;05-Mar-2121;299
SK021;06-Mar-2121;154
SK021;07-Mar-2121;30
SK021;08-Mar-2121;182
SK021;09-Mar-2121;442
SK021;10-Mar-2121;242
SK021;11-Mar-2121;204
SK021;12-Mar-2121;201
SK021;13-Mar-2121;155
SK021;14-Mar-2121;14
SK021;15-Mar-2121;127
SK021;16-Mar-2121;311
SK021;17-Mar-2121;245
SK021;18-Mar-2121;158
SK021;19-Mar-2121;174
SK021;20-Mar-2121;112
SK021;21-Mar-2121;31
SK021;22-Mar-2121;103
SK021;23-Mar-2121;221
SK021;24-Mar-2121;159
SK021;25-Mar-2121;135
SK021;26-Mar-2121;139
SK021;27-Mar-2121;64
SK021;28-Mar-2121;26
SK021;29-Mar-2121;126
SK021;30-Mar-2121;182
SK021;31-Mar-2121;140
SK021;01-Apr-2121;118
SK021;02-Apr-2121;91
SK021;03-Apr-2121;29
SK021;04-Apr-2121;9
SK021;05-Apr-2121;91
SK021;06-Apr-2121;92
SK021;07-Apr-2121;131
SK021;08-Apr-2121;85
SK021;09-Apr-2121;95
SK021;10-Apr-2121;60
SK021;11-Apr-2121;3
SK021;12-Apr-2121;40
SK021;13-Apr-2121;126
SK021;14-Apr-2121;78
SK021;15-Apr-2121;65
SK021;16-Apr-2121;67
SK021;17-Apr-2121;58
SK021;18-Apr-2121;7
SK021;19-Apr-2121;46
SK021;20-Apr-2121;57
SK021;21-Apr-2121;60
SK021;22-Apr-2121;40
SK021;23-Apr-2121;71
SK021;24-Apr-2121;46
SK021;26-Apr-2121;53
SK021;27-Apr-2121;54
SK021;28-Apr-2121;46
SK021;29-Apr-2121;25
SK021;30-Apr-2121;45
SK021;01-May-2121;30
SK021;03-May-2121;20
SK021;04-May-2121;51
SK021;05-May-2121;34
SK021;06-May-2121;22
SK021;07-May-2121;26
SK021;08-May-2121;4
SK021;09-May-2121;21
SK021;10-May-2121;58
SK021;11-May-2121;32
SK021;12-May-2121;34
SK021;13-May-2121;26
SK021;14-May-2121;34
SK021;15-May-2121;11
SK021;16-May-2121;10
SK021;17-May-2121;17
SK021;18-May-2121;26
SK021;19-May-2121;18
SK021;20-May-2121;15
SK021;21-May-2121;16
SK021;22-May-2121;13
SK021;24-May-2121;15
SK021;25-May-2121;19
SK021;26-May-2121;6
SK021;27-May-2121;22
SK021;28-May-2121;14
SK021;29-May-2121;11
SK021;31-May-2121;14
SK021;01-Jun-2121;18
SK021;02-Jun-2121;4
SK021;03-Jun-2121;14
SK021;04-Jun-2121;9
SK021;05-Jun-2121;20
SK021;07-Jun-2121;12
SK021;08-Jun-2121;8
SK021;09-Jun-2121;10
SK021;10-Jun-2121;14
SK021;11-Jun-2121;17
SK021;12-Jun-2121;11
SK021;14-Jun-2121;2
SK021;15-Jun-2121;8
SK021;16-Jun-2121;6
SK021;17-Jun-2121;3
SK021;18-Jun-2121;5
SK021;19-Jun-2121;3
SK021;21-Jun-2121;6
SK021;22-Jun-2121;2
SK021;23-Jun-2121;4
SK021;24-Jun-2121;4
SK021;25-Jun-2121;2
SK021;26-Jun-2121;3
SK021;28-Jun-2121;2
SK021;29-Jun-2121;4
SK021;01-Jul-2121;4
SK021;02-Jul-2121;2
SK021;03-Jul-2121;4
SK021;05-Jul-2121;1
SK021;06-Jul-2121;2
SK021;07-Jul-2121;9
SK021;08-Jul-2121;4
SK021;10-Jul-2121;1
SK021;12-Jul-2121;4
SK021;13-Jul-2121;1
SK021;14-Jul-2121;1
SK021;15-Jul-2121;4
SK021;17-Jul-2121;8
SK021;19-Jul-2121;9
SK021;20-Jul-2121;2
SK021;21-Jul-2121;2
SK021;23-Jul-2121;3
SK021;24-Jul-2121;4
SK021;26-Jul-2121;2
SK021;27-Jul-2121;7
SK021;28-Jul-2121;5
SK021;29-Jul-2121;1
SK021;30-Jul-2121;3
SK021;31-Jul-2121;3
SK021;02-Aug-2121;2
SK021;03-Aug-2121;13
SK021;04-Aug-2121;1
SK021;05-Aug-2121;2
SK021;06-Aug-2121;3
SK021;07-Aug-2121;9
SK021;08-Aug-2121;1
SK021;09-Aug-2121;12
SK021;10-Aug-2121;3
SK021;11-Aug-2121;7
SK021;12-Aug-2121;3
SK021;13-Aug-2121;5
SK021;14-Aug-2121;10
SK021;16-Aug-2121;9
SK021;17-Aug-2121;7
SK021;18-Aug-2121;6
SK021;19-Aug-2121;10
SK021;20-Aug-2121;4
SK021;21-Aug-2121;8
SK021;23-Aug-2121;4
SK021;24-Aug-2121;7
SK021;25-Aug-2121;11
SK021;26-Aug-2121;8
SK021;27-Aug-2121;1
SK021;28-Aug-2121;17
SK021;29-Aug-2121;8
SK021;30-Aug-2121;7
SK021;31-Aug-2121;13
SK021;01-Sep-2121;6
SK021;02-Sep-2121;30
SK021;03-Sep-2121;14
SK021;04-Sep-2121;17
SK021;05-Sep-2121;2
SK021;06-Sep-2121;18
SK021;07-Sep-2121;29
SK021;08-Sep-2121;65
SK021;09-Sep-2121;42
SK021;10-Sep-2121;43
SK021;11-Sep-2121;37
SK021;13-Sep-2121;56
SK021;14-Sep-2121;38
SK021;15-Sep-2121;59
SK021;16-Sep-2121;105
SK021;17-Sep-2121;77
SK021;18-Sep-2121;100
SK021;19-Sep-2121;2
SK021;20-Sep-2121;50
SK021;21-Sep-2121;108
SK021;22-Sep-2121;119
SK021;23-Sep-2121;89
SK021;24-Sep-2121;41
SK021;25-Sep-2121;61
SK021;26-Sep-2121;2
SK021;27-Sep-2121;80
SK021;28-Sep-2121;135
SK021;29-Sep-2121;83
SK021;30-Sep-2121;109
SK021;01-Oct-2121;113
SK021;02-Oct-2121;52
SK021;03-Oct-2121;1
SK021;04-Oct-2121;54
SK021;05-Oct-2121;220
SK021;06-Oct-2121;122
SK021;07-Oct-2121;151
SK021;08-Oct-2121;106
SK021;09-Oct-2121;151
SK021;10-Oct-2121;2
SK021;11-Oct-2121;115
SK021;12-Oct-2121;189
SK021;13-Oct-2121;128
SK021;14-Oct-2121;131
SK021;15-Oct-2121;122
SK021;16-Oct-2121;129
SK021;17-Oct-2121;5
SK021;18-Oct-2121;95
SK021;19-Oct-2121;240
SK021;20-Oct-2121;212
SK021;21-Oct-2121;188
SK021;22-Oct-2121;204
SK021;23-Oct-2121;228
SK021;24-Oct-2121;11
SK021;25-Oct-2121;142
SK021;26-Oct-2121;366
SK021;27-Oct-2121;232
SK021;28-Oct-2121;339
SK021;29-Oct-2121;312
SK021;30-Oct-2121;251
SK021;31-Oct-2121;61
SK021;01-Nov-2121;220
SK021;02-Nov-2121;365
SK021;03-Nov-2121;420
SK021;04-Nov-2121;432
SK021;05-Nov-2121;448
SK021;06-Nov-2121;391
SK021;07-Nov-2121;162
SK021;08-Nov-2121;357
SK021;09-Nov-2121;585
SK021;10-Nov-2121;590
SK021;11-Nov-2121;512
SK021;12-Nov-2121;563
SK021;13-Nov-2121;815
SK021;14-Nov-2121;236
SK021;15-Nov-2121;606
SK021;16-Nov-2121;591
SK021;17-Nov-2121;769
SK021;18-Nov-2121;796
SK021;19-Nov-2121;899
SK021;20-Nov-2121;826
SK021;21-Nov-2121;298
SK021;22-Nov-2121;696
SK021;23-Nov-2121;1078
SK021;24-Nov-2121;1060
SK021;25-Nov-2121;1002
SK021;26-Nov-2121;880
SK021;27-Nov-2121;1186
SK021;28-Nov-2121;482
SK021;29-Nov-2121;814
SK021;30-Nov-2121;1166
SK021;01-Dec-2121;738
SK021;02-Dec-2121;1809
SK021;03-Dec-2121;1246
SK021;04-Dec-2121;1225
SK021;05-Dec-2121;269
SK021;06-Dec-2121;911
SK021;07-Dec-2121;1159
SK021;08-Dec-2121;1233
SK021;09-Dec-2121;926
SK021;10-Dec-2121;702
SK021;11-Dec-2121;720
SK021;12-Dec-2121;337
SK021;13-Dec-2121;521
SK021;14-Dec-2121;976
SK021;15-Dec-2121;746
SK021;16-Dec-2121;653
SK021;17-Dec-2121;576
SK021;18-Dec-2121;627
SK021;19-Dec-2121;155
SK021;20-Dec-2121;438
SK021;21-Dec-2121;699
SK021;22-Dec-2121;545
SK021;23-Dec-2121;570
SK021;24-Dec-2121;216
SK021;25-Dec-2121;104
SK021;26-Dec-2121;253
SK021;27-Dec-2121;463
SK021;28-Dec-2121;633
SK021;29-Dec-2121;401
SK021;30-Dec-2121;401
SK021;31-Dec-2121;485
SK021;01-Jan-2222;4
SK021;02-Jan-2222;79
SK021;03-Jan-2222;441
SK021;04-Jan-2222;538
SK021;05-Jan-2222;416
SK021;06-Jan-2222;234
SK022;12-Mar-2020;1
SK022;15-Mar-2020;5
SK022;16-Mar-2020;1
SK022;19-Mar-2020;8
SK022;20-Mar-2020;2
SK022;21-Mar-2020;2
SK022;24-Mar-2020;2
SK022;25-Mar-2020;3
SK022;26-Mar-2020;6
SK022;27-Mar-2020;2
SK022;28-Mar-2020;9
SK022;29-Mar-2020;6
SK022;30-Mar-2020;3
SK022;31-Mar-2020;1
SK022;01-Apr-2020;3
SK022;02-Apr-2020;1
SK022;03-Apr-2020;4
SK022;04-Apr-2020;5
SK022;05-Apr-2020;3
SK022;07-Apr-2020;18
SK022;08-Apr-2020;2
SK022;11-Apr-2020;3
SK022;12-Apr-2020;2
SK022;13-Apr-2020;1
SK022;15-Apr-2020;4
SK022;16-Apr-2020;10
SK022;17-Apr-2020;4
SK022;18-Apr-2020;3
SK022;19-Apr-2020;2
SK022;20-Apr-2020;15
SK022;21-Apr-2020;11
SK022;22-Apr-2020;1
SK022;23-Apr-2020;11
SK022;26-Apr-2020;1
SK022;28-Apr-2020;1
SK022;29-Apr-2020;2
SK022;05-May-2020;2
SK022;07-May-2020;6
SK022;09-May-2020;2
SK022;11-May-2020;3
SK022;12-May-2020;1
SK022;13-May-2020;1
SK022;14-May-2020;2
SK022;15-May-2020;1
SK022;27-May-2020;2
SK022;10-Jun-2020;1
SK022;24-Jun-2020;1
SK022;25-Jun-2020;2
SK022;29-Jun-2020;1
SK022;30-Jun-2020;6
SK022;01-Jul-2020;1
SK022;02-Jul-2020;10
SK022;03-Jul-2020;2
SK022;05-Jul-2020;1
SK022;06-Jul-2020;1
SK022;07-Jul-2020;9
SK022;08-Jul-2020;1
SK022;09-Jul-2020;9
SK022;10-Jul-2020;3
SK022;13-Jul-2020;1
SK022;14-Jul-2020;8
SK022;15-Jul-2020;2
SK022;16-Jul-2020;4
SK022;17-Jul-2020;1
SK022;20-Jul-2020;13
SK022;21-Jul-2020;6
SK022;22-Jul-2020;11
SK022;23-Jul-2020;10
SK022;24-Jul-2020;5
SK022;25-Jul-2020;7
SK022;26-Jul-2020;1
SK022;27-Jul-2020;4
SK022;28-Jul-2020;11
SK022;29-Jul-2020;5
SK022;30-Jul-2020;4
SK022;31-Jul-2020;16
SK022;01-Aug-2020;6
SK022;02-Aug-2020;2
SK022;04-Aug-2020;9
SK022;05-Aug-2020;39
SK022;06-Aug-2020;13
SK022;07-Aug-2020;4
SK022;08-Aug-2020;4
SK022;09-Aug-2020;1
SK022;10-Aug-2020;9
SK022;11-Aug-2020;7
SK022;12-Aug-2020;6
SK022;13-Aug-2020;23
SK022;14-Aug-2020;15
SK022;15-Aug-2020;9
SK022;17-Aug-2020;4
SK022;18-Aug-2020;9
SK022;19-Aug-2020;17
SK022;20-Aug-2020;20
SK022;21-Aug-2020;6
SK022;22-Aug-2020;6
SK022;23-Aug-2020;5
SK022;24-Aug-2020;4
SK022;25-Aug-2020;12
SK022;26-Aug-2020;15
SK022;27-Aug-2020;10
SK022;28-Aug-2020;12
SK022;29-Aug-2020;1
SK022;31-Aug-2020;12
SK022;01-Sep-2020;1
SK022;02-Sep-2020;5
SK022;03-Sep-2020;10
SK022;04-Sep-2020;9
SK022;05-Sep-2020;3
SK022;06-Sep-2020;1
SK022;07-Sep-2020;6
SK022;08-Sep-2020;12
SK022;09-Sep-2020;11
SK022;10-Sep-2020;15
SK022;11-Sep-2020;27
SK022;12-Sep-2020;2
SK022;13-Sep-2020;12
SK022;14-Sep-2020;5
SK022;15-Sep-2020;8
SK022;16-Sep-2020;14
SK022;17-Sep-2020;20
SK022;18-Sep-2020;41
SK022;19-Sep-2020;20
SK022;20-Sep-2020;21
SK022;21-Sep-2020;23
SK022;22-Sep-2020;26
SK022;23-Sep-2020;32
SK022;24-Sep-2020;41
SK022;25-Sep-2020;72
SK022;26-Sep-2020;37
SK022;27-Sep-2020;12
SK022;28-Sep-2020;7
SK022;29-Sep-2020;43
SK022;30-Sep-2020;76
SK022;01-Oct-2020;58
SK022;02-Oct-2020;69
SK022;03-Oct-2020;79
SK022;04-Oct-2020;37
SK022;05-Oct-2020;32
SK022;06-Oct-2020;72
SK022;07-Oct-2020;75
SK022;08-Oct-2020;115
SK022;09-Oct-2020;198
SK022;10-Oct-2020;180
SK022;11-Oct-2020;73
SK022;12-Oct-2020;55
SK022;13-Oct-2020;124
SK022;14-Oct-2020;162
SK022;15-Oct-2020;255
SK022;16-Oct-2020;225
SK022;17-Oct-2020;157
SK022;18-Oct-2020;104
SK022;19-Oct-2020;41
SK022;20-Oct-2020;212
SK022;21-Oct-2020;183
SK022;22-Oct-2020;273
SK022;23-Oct-2020;301
SK022;24-Oct-2020;395
SK022;25-Oct-2020;138
SK022;26-Oct-2020;177
SK022;27-Oct-2020;473
SK022;28-Oct-2020;269
SK022;29-Oct-2020;496
SK022;30-Oct-2020;299
SK022;31-Oct-2020;332
SK022;01-Nov-2020;257
SK022;02-Nov-2020;197
SK022;03-Nov-2020;575
SK022;04-Nov-2020;370
SK022;05-Nov-2020;399
SK022;06-Nov-2020;383
SK022;07-Nov-2020;319
SK022;08-Nov-2020;81
SK022;09-Nov-2020;115
SK022;10-Nov-2020;277
SK022;11-Nov-2020;366
SK022;12-Nov-2020;324
SK022;13-Nov-2020;308
SK022;14-Nov-2020;190
SK022;15-Nov-2020;109
SK022;16-Nov-2020;245
SK022;17-Nov-2020;222
SK022;18-Nov-2020;233
SK022;19-Nov-2020;316
SK022;20-Nov-2020;316
SK022;21-Nov-2020;255
SK022;22-Nov-2020;26
SK022;23-Nov-2020;159
SK022;24-Nov-2020;348
SK022;25-Nov-2020;322
SK022;26-Nov-2020;395
SK022;27-Nov-2020;330
SK022;28-Nov-2020;202
SK022;29-Nov-2020;29
SK022;30-Nov-2020;167
SK022;01-Dec-2020;321
SK022;02-Dec-2020;418
SK022;03-Dec-2020;503
SK022;04-Dec-2020;253
SK022;05-Dec-2020;223
SK022;06-Dec-2020;114
SK022;07-Dec-2020;258
SK022;08-Dec-2020;546
SK022;09-Dec-2020;508
SK022;10-Dec-2020;271
SK022;11-Dec-2020;750
SK022;12-Dec-2020;314
SK022;13-Dec-2020;77
SK022;14-Dec-2020;318
SK022;15-Dec-2020;595
SK022;16-Dec-2020;461
SK022;17-Dec-2020;670
SK022;18-Dec-2020;521
SK022;19-Dec-2020;341
SK022;20-Dec-2020;238
SK022;21-Dec-2020;248
SK022;22-Dec-2020;673
SK022;23-Dec-2020;421
SK022;24-Dec-2020;552
SK022;25-Dec-2020;251
SK022;26-Dec-2020;174
SK022;27-Dec-2020;5
SK022;28-Dec-2020;258
SK022;29-Dec-2020;459
SK022;30-Dec-2020;836
SK022;31-Dec-2020;597
SK022;01-Jan-2121;329
SK022;02-Jan-2121;129
SK022;03-Jan-2121;38
SK022;04-Jan-2121;337
SK022;05-Jan-2121;669
SK022;06-Jan-2121;221
SK022;07-Jan-2121;420
SK022;08-Jan-2121;489
SK022;09-Jan-2121;276
SK022;10-Jan-2121;89
SK022;11-Jan-2121;142
SK022;12-Jan-2121;508
SK022;13-Jan-2121;222
SK022;14-Jan-2121;275
SK022;15-Jan-2121;264
SK022;16-Jan-2121;39
SK022;17-Jan-2121;124
SK022;18-Jan-2121;72
SK022;19-Jan-2121;363
SK022;20-Jan-2121;181
SK022;21-Jan-2121;143
SK022;22-Jan-2121;148
SK022;23-Jan-2121;206
SK022;24-Jan-2121;51
SK022;25-Jan-2121;160
SK022;26-Jan-2121;303
SK022;27-Jan-2121;166
SK022;28-Jan-2121;307
SK022;29-Jan-2121;214
SK022;30-Jan-2121;228
SK022;31-Jan-2121;7
SK022;01-Feb-2121;167
SK022;02-Feb-2121;347
SK022;03-Feb-2121;162
SK022;04-Feb-2121;266
SK022;05-Feb-2121;202
SK022;06-Feb-2121;216
SK022;07-Feb-2121;31
SK022;08-Feb-2121;182
SK022;09-Feb-2121;514
SK022;10-Feb-2121;304
SK022;11-Feb-2121;291
SK022;12-Feb-2121;276
SK022;13-Feb-2121;274
SK022;14-Feb-2121;2
SK022;15-Feb-2121;151
SK022;16-Feb-2121;488
SK022;17-Feb-2121;363
SK022;18-Feb-2121;355
SK022;19-Feb-2121;272
SK022;20-Feb-2121;274
SK022;21-Feb-2121;64
SK022;22-Feb-2121;160
SK022;23-Feb-2121;577
SK022;24-Feb-2121;427
SK022;25-Feb-2121;424
SK022;26-Feb-2121;420
SK022;27-Feb-2121;277
SK022;28-Feb-2121;45
SK022;01-Mar-2121;217
SK022;02-Mar-2121;612
SK022;03-Mar-2121;413
SK022;04-Mar-2121;323
SK022;05-Mar-2121;326
SK022;06-Mar-2121;260
SK022;07-Mar-2121;4
SK022;08-Mar-2121;174
SK022;09-Mar-2121;586
SK022;10-Mar-2121;402
SK022;11-Mar-2121;302
SK022;12-Mar-2121;366
SK022;13-Mar-2121;270
SK022;14-Mar-2121;42
SK022;15-Mar-2121;162
SK022;16-Mar-2121;450
SK022;17-Mar-2121;366
SK022;18-Mar-2121;262
SK022;19-Mar-2121;231
SK022;20-Mar-2121;128
SK022;21-Mar-2121;85
SK022;22-Mar-2121;141
SK022;23-Mar-2121;349
SK022;24-Mar-2121;259
SK022;25-Mar-2121;184
SK022;26-Mar-2121;211
SK022;27-Mar-2121;130
SK022;28-Mar-2121;3
SK022;29-Mar-2121;142
SK022;30-Mar-2121;272
SK022;31-Mar-2121;198
SK022;01-Apr-2121;159
SK022;02-Apr-2121;126
SK022;03-Apr-2121;86
SK022;04-Apr-2121;2
SK022;05-Apr-2121;15
SK022;06-Apr-2121;157
SK022;07-Apr-2121;204
SK022;08-Apr-2121;112
SK022;09-Apr-2121;120
SK022;10-Apr-2121;81
SK022;11-Apr-2121;1
SK022;12-Apr-2121;97
SK022;13-Apr-2121;189
SK022;14-Apr-2121;135
SK022;15-Apr-2121;71
SK022;16-Apr-2121;100
SK022;17-Apr-2121;77
SK022;18-Apr-2121;3
SK022;19-Apr-2121;102
SK022;20-Apr-2121;142
SK022;21-Apr-2121;79
SK022;22-Apr-2121;71
SK022;23-Apr-2121;143
SK022;24-Apr-2121;76
SK022;26-Apr-2121;52
SK022;27-Apr-2121;107
SK022;28-Apr-2121;79
SK022;29-Apr-2121;49
SK022;30-Apr-2121;77
SK022;01-May-2121;71
SK022;03-May-2121;60
SK022;04-May-2121;55
SK022;05-May-2121;73
SK022;06-May-2121;26
SK022;07-May-2121;45
SK022;08-May-2121;3
SK022;09-May-2121;52
SK022;10-May-2121;48
SK022;11-May-2121;66
SK022;12-May-2121;41
SK022;13-May-2121;41
SK022;14-May-2121;41
SK022;15-May-2121;3
SK022;16-May-2121;25
SK022;17-May-2121;37
SK022;18-May-2121;26
SK022;19-May-2121;16
SK022;20-May-2121;23
SK022;21-May-2121;23
SK022;22-May-2121;11
SK022;24-May-2121;19
SK022;25-May-2121;18
SK022;26-May-2121;26
SK022;27-May-2121;6
SK022;28-May-2121;22
SK022;29-May-2121;13
SK022;31-May-2121;30
SK022;01-Jun-2121;22
SK022;02-Jun-2121;28
SK022;03-Jun-2121;9
SK022;04-Jun-2121;16
SK022;05-Jun-2121;7
SK022;07-Jun-2121;13
SK022;08-Jun-2121;21
SK022;09-Jun-2121;7
SK022;10-Jun-2121;5
SK022;11-Jun-2121;10
SK022;12-Jun-2121;4
SK022;14-Jun-2121;10
SK022;15-Jun-2121;10
SK022;16-Jun-2121;4
SK022;18-Jun-2121;7
SK022;19-Jun-2121;5
SK022;21-Jun-2121;10
SK022;22-Jun-2121;7
SK022;23-Jun-2121;4
SK022;24-Jun-2121;3
SK022;25-Jun-2121;2
SK022;26-Jun-2121;1
SK022;28-Jun-2121;5
SK022;29-Jun-2121;4
SK022;30-Jun-2121;2
SK022;01-Jul-2121;4
SK022;02-Jul-2121;5
SK022;03-Jul-2121;3
SK022;05-Jul-2121;1
SK022;06-Jul-2121;4
SK022;07-Jul-2121;2
SK022;08-Jul-2121;2
SK022;10-Jul-2121;2
SK022;12-Jul-2121;9
SK022;13-Jul-2121;1
SK022;14-Jul-2121;8
SK022;15-Jul-2121;2
SK022;17-Jul-2121;3
SK022;20-Jul-2121;4
SK022;21-Jul-2121;8
SK022;22-Jul-2121;2
SK022;23-Jul-2121;3
SK022;24-Jul-2121;3
SK022;26-Jul-2121;7
SK022;27-Jul-2121;6
SK022;28-Jul-2121;3
SK022;29-Jul-2121;5
SK022;30-Jul-2121;2
SK022;31-Jul-2121;4
SK022;02-Aug-2121;1
SK022;03-Aug-2121;9
SK022;04-Aug-2121;14
SK022;05-Aug-2121;3
SK022;06-Aug-2121;3
SK022;07-Aug-2121;3
SK022;09-Aug-2121;8
SK022;10-Aug-2121;8
SK022;11-Aug-2121;1
SK022;12-Aug-2121;2
SK022;13-Aug-2121;2
SK022;14-Aug-2121;12
SK022;16-Aug-2121;5
SK022;17-Aug-2121;9
SK022;18-Aug-2121;6
SK022;19-Aug-2121;2
SK022;20-Aug-2121;15
SK022;21-Aug-2121;5
SK022;23-Aug-2121;6
SK022;24-Aug-2121;4
SK022;25-Aug-2121;40
SK022;26-Aug-2121;8
SK022;27-Aug-2121;21
SK022;28-Aug-2121;9
SK022;29-Aug-2121;1
SK022;30-Aug-2121;32
SK022;31-Aug-2121;21
SK022;01-Sep-2121;27
SK022;02-Sep-2121;7
SK022;03-Sep-2121;53
SK022;04-Sep-2121;41
SK022;05-Sep-2121;2
SK022;06-Sep-2121;47
SK022;07-Sep-2121;43
SK022;08-Sep-2121;54
SK022;09-Sep-2121;24
SK022;10-Sep-2121;49
SK022;11-Sep-2121;55
SK022;12-Sep-2121;3
SK022;13-Sep-2121;33
SK022;14-Sep-2121;67
SK022;15-Sep-2121;63
SK022;16-Sep-2121;52
SK022;17-Sep-2121;55
SK022;18-Sep-2121;53
SK022;19-Sep-2121;11
SK022;20-Sep-2121;78
SK022;21-Sep-2121;79
SK022;22-Sep-2121;90
SK022;23-Sep-2121;91
SK022;24-Sep-2121;104
SK022;25-Sep-2121;76
SK022;26-Sep-2121;20
SK022;27-Sep-2121;56
SK022;28-Sep-2121;95
SK022;29-Sep-2121;170
SK022;30-Sep-2121;74
SK022;01-Oct-2121;119
SK022;02-Oct-2121;107
SK022;03-Oct-2121;30
SK022;04-Oct-2121;105
SK022;05-Oct-2121;119
SK022;06-Oct-2121;193
SK022;07-Oct-2121;107
SK022;08-Oct-2121;82
SK022;09-Oct-2121;157
SK022;10-Oct-2121;17
SK022;11-Oct-2121;109
SK022;12-Oct-2121;114
SK022;13-Oct-2121;171
SK022;14-Oct-2121;103
SK022;15-Oct-2121;126
SK022;16-Oct-2121;76
SK022;17-Oct-2121;46
SK022;18-Oct-2121;143
SK022;19-Oct-2121;227
SK022;20-Oct-2121;302
SK022;21-Oct-2121;247
SK022;22-Oct-2121;358
SK022;23-Oct-2121;326
SK022;24-Oct-2121;121
SK022;25-Oct-2121;192
SK022;26-Oct-2121;419
SK022;27-Oct-2121;463
SK022;28-Oct-2121;429
SK022;29-Oct-2121;415
SK022;30-Oct-2121;345
SK022;31-Oct-2121;151
SK022;01-Nov-2121;219
SK022;02-Nov-2121;663
SK022;03-Nov-2121;619
SK022;04-Nov-2121;563
SK022;05-Nov-2121;677
SK022;06-Nov-2121;542
SK022;07-Nov-2121;405
SK022;08-Nov-2121;489
SK022;09-Nov-2121;750
SK022;10-Nov-2121;647
SK022;11-Nov-2121;805
SK022;12-Nov-2121;784
SK022;13-Nov-2121;478
SK022;14-Nov-2121;447
SK022;15-Nov-2121;720
SK022;16-Nov-2121;859
SK022;17-Nov-2121;796
SK022;18-Nov-2121;810
SK022;19-Nov-2121;1259
SK022;20-Nov-2121;914
SK022;21-Nov-2121;413
SK022;22-Nov-2121;920
SK022;23-Nov-2121;1140
SK022;24-Nov-2121;1362
SK022;25-Nov-2121;1018
SK022;26-Nov-2121;1238
SK022;27-Nov-2121;1080
SK022;28-Nov-2121;664
SK022;29-Nov-2121;1165
SK022;30-Nov-2121;1086
SK022;01-Dec-2121;998
SK022;02-Dec-2121;2007
SK022;03-Dec-2121;1272
SK022;04-Dec-2121;1058
SK022;05-Dec-2121;510
SK022;06-Dec-2121;751
SK022;07-Dec-2121;1241
SK022;08-Dec-2121;1020
SK022;09-Dec-2121;967
SK022;10-Dec-2121;789
SK022;11-Dec-2121;706
SK022;12-Dec-2121;306
SK022;13-Dec-2121;573
SK022;14-Dec-2121;885
SK022;15-Dec-2121;791
SK022;16-Dec-2121;649
SK022;17-Dec-2121;427
SK022;18-Dec-2121;438
SK022;19-Dec-2121;202
SK022;20-Dec-2121;488
SK022;21-Dec-2121;694
SK022;22-Dec-2121;512
SK022;23-Dec-2121;532
SK022;24-Dec-2121;176
SK022;25-Dec-2121;52
SK022;26-Dec-2121;147
SK022;27-Dec-2121;546
SK022;28-Dec-2121;609
SK022;29-Dec-2121;429
SK022;30-Dec-2121;370
SK022;31-Dec-2121;443
SK022;01-Jan-2222;4
SK022;02-Jan-2222;179
SK022;03-Jan-2222;357
SK022;04-Jan-2222;521
SK022;05-Jan-2222;496
SK022;06-Jan-2222;75
SK023;14-Mar-2020;1
SK023;15-Mar-2020;4
SK023;17-Mar-2020;1
SK023;18-Mar-2020;2
SK023;19-Mar-2020;1
SK023;20-Mar-2020;1
SK023;21-Mar-2020;2
SK023;22-Mar-2020;2
SK023;23-Mar-2020;3
SK023;25-Mar-2020;1
SK023;26-Mar-2020;2
SK023;27-Mar-2020;1
SK023;28-Mar-2020;1
SK023;29-Mar-2020;3
SK023;30-Mar-2020;3
SK023;31-Mar-2020;3
SK023;02-Apr-2020;1
SK023;05-Apr-2020;5
SK023;06-Apr-2020;4
SK023;07-Apr-2020;3
SK023;08-Apr-2020;2
SK023;10-Apr-2020;1
SK023;11-Apr-2020;1
SK023;12-Apr-2020;3
SK023;13-Apr-2020;1
SK023;14-Apr-2020;2
SK023;15-Apr-2020;6
SK023;17-Apr-2020;7
SK023;20-Apr-2020;5
SK023;21-Apr-2020;6
SK023;22-Apr-2020;16
SK023;23-Apr-2020;3
SK023;28-Apr-2020;1
SK023;01-May-2020;1
SK023;03-May-2020;2
SK023;04-May-2020;5
SK023;06-May-2020;9
SK023;07-May-2020;1
SK023;11-May-2020;2
SK023;15-May-2020;1
SK023;22-May-2020;1
SK023;24-May-2020;2
SK023;02-Jun-2020;1
SK023;09-Jun-2020;1
SK023;10-Jun-2020;1
SK023;24-Jun-2020;1
SK023;01-Jul-2020;3
SK023;08-Jul-2020;2
SK023;09-Jul-2020;4
SK023;15-Jul-2020;5
SK023;16-Jul-2020;6
SK023;20-Jul-2020;11
SK023;21-Jul-2020;14
SK023;22-Jul-2020;2
SK023;23-Jul-2020;3
SK023;24-Jul-2020;1
SK023;04-Aug-2020;7
SK023;06-Aug-2020;4
SK023;07-Aug-2020;4
SK023;11-Aug-2020;1
SK023;13-Aug-2020;4
SK023;14-Aug-2020;1
SK023;15-Aug-2020;2
SK023;17-Aug-2020;1
SK023;18-Aug-2020;2
SK023;19-Aug-2020;1
SK023;20-Aug-2020;7
SK023;22-Aug-2020;2
SK023;23-Aug-2020;1
SK023;24-Aug-2020;1
SK023;25-Aug-2020;8
SK023;26-Aug-2020;4
SK023;27-Aug-2020;12
SK023;28-Aug-2020;12
SK023;29-Aug-2020;7
SK023;30-Aug-2020;1
SK023;31-Aug-2020;12
SK023;01-Sep-2020;2
SK023;02-Sep-2020;15
SK023;03-Sep-2020;15
SK023;04-Sep-2020;34
SK023;05-Sep-2020;22
SK023;07-Sep-2020;17
SK023;08-Sep-2020;17
SK023;09-Sep-2020;19
SK023;10-Sep-2020;29
SK023;11-Sep-2020;23
SK023;12-Sep-2020;12
SK023;13-Sep-2020;3
SK023;14-Sep-2020;28
SK023;15-Sep-2020;19
SK023;16-Sep-2020;6
SK023;17-Sep-2020;30
SK023;18-Sep-2020;19
SK023;19-Sep-2020;14
SK023;20-Sep-2020;4
SK023;21-Sep-2020;10
SK023;22-Sep-2020;18
SK023;23-Sep-2020;70
SK023;24-Sep-2020;51
SK023;25-Sep-2020;90
SK023;26-Sep-2020;64
SK023;27-Sep-2020;16
SK023;28-Sep-2020;22
SK023;29-Sep-2020;59
SK023;30-Sep-2020;100
SK023;01-Oct-2020;95
SK023;02-Oct-2020;108
SK023;03-Oct-2020;96
SK023;04-Oct-2020;17
SK023;05-Oct-2020;20
SK023;06-Oct-2020;43
SK023;07-Oct-2020;81
SK023;08-Oct-2020;132
SK023;09-Oct-2020;120
SK023;10-Oct-2020;107
SK023;11-Oct-2020;8
SK023;12-Oct-2020;36
SK023;13-Oct-2020;101
SK023;14-Oct-2020;80
SK023;15-Oct-2020;106
SK023;16-Oct-2020;133
SK023;17-Oct-2020;67
SK023;18-Oct-2020;22
SK023;19-Oct-2020;148
SK023;20-Oct-2020;197
SK023;21-Oct-2020;146
SK023;22-Oct-2020;137
SK023;23-Oct-2020;282
SK023;24-Oct-2020;169
SK023;25-Oct-2020;50
SK023;26-Oct-2020;69
SK023;27-Oct-2020;296
SK023;28-Oct-2020;216
SK023;29-Oct-2020;293
SK023;30-Oct-2020;204
SK023;31-Oct-2020;261
SK023;01-Nov-2020;130
SK023;02-Nov-2020;171
SK023;03-Nov-2020;216
SK023;04-Nov-2020;211
SK023;05-Nov-2020;178
SK023;06-Nov-2020;210
SK023;07-Nov-2020;130
SK023;08-Nov-2020;43
SK023;09-Nov-2020;128
SK023;10-Nov-2020;192
SK023;11-Nov-2020;279
SK023;12-Nov-2020;256
SK023;13-Nov-2020;210
SK023;14-Nov-2020;114
SK023;15-Nov-2020;14
SK023;16-Nov-2020;139
SK023;17-Nov-2020;178
SK023;18-Nov-2020;188
SK023;19-Nov-2020;185
SK023;20-Nov-2020;264
SK023;21-Nov-2020;86
SK023;22-Nov-2020;7
SK023;23-Nov-2020;102
SK023;24-Nov-2020;147
SK023;25-Nov-2020;325
SK023;26-Nov-2020;191
SK023;27-Nov-2020;177
SK023;28-Nov-2020;135
SK023;29-Nov-2020;3
SK023;30-Nov-2020;91
SK023;01-Dec-2020;331
SK023;02-Dec-2020;252
SK023;03-Dec-2020;248
SK023;04-Dec-2020;232
SK023;05-Dec-2020;136
SK023;06-Dec-2020;15
SK023;07-Dec-2020;139
SK023;08-Dec-2020;340
SK023;09-Dec-2020;362
SK023;10-Dec-2020;360
SK023;11-Dec-2020;409
SK023;12-Dec-2020;341
SK023;13-Dec-2020;12
SK023;14-Dec-2020;217
SK023;15-Dec-2020;461
SK023;16-Dec-2020;357
SK023;17-Dec-2020;586
SK023;18-Dec-2020;512
SK023;19-Dec-2020;262
SK023;20-Dec-2020;77
SK023;21-Dec-2020;128
SK023;22-Dec-2020;673
SK023;23-Dec-2020;349
SK023;24-Dec-2020;514
SK023;25-Dec-2020;35
SK023;26-Dec-2020;54
SK023;27-Dec-2020;22
SK023;28-Dec-2020;83
SK023;29-Dec-2020;607
SK023;30-Dec-2020;1094
SK023;31-Dec-2020;786
SK023;01-Jan-2121;119
SK023;02-Jan-2121;249
SK023;03-Jan-2121;42
SK023;04-Jan-2121;362
SK023;05-Jan-2121;732
SK023;06-Jan-2121;259
SK023;07-Jan-2121;438
SK023;08-Jan-2121;817
SK023;09-Jan-2121;532
SK023;10-Jan-2121;44
SK023;11-Jan-2121;422
SK023;12-Jan-2121;642
SK023;13-Jan-2121;663
SK023;14-Jan-2121;627
SK023;15-Jan-2121;373
SK023;16-Jan-2121;64
SK023;17-Jan-2121;97
SK023;18-Jan-2121;367
SK023;19-Jan-2121;344
SK023;20-Jan-2121;326
SK023;21-Jan-2121;305
SK023;22-Jan-2121;139
SK023;23-Jan-2121;277
SK023;24-Jan-2121;12
SK023;25-Jan-2121;201
SK023;26-Jan-2121;345
SK023;27-Jan-2121;235
SK023;28-Jan-2121;269
SK023;29-Jan-2121;302
SK023;30-Jan-2121;152
SK023;31-Jan-2121;9
SK023;01-Feb-2121;221
SK023;02-Feb-2121;327
SK023;03-Feb-2121;191
SK023;04-Feb-2121;308
SK023;05-Feb-2121;244
SK023;06-Feb-2121;129
SK023;07-Feb-2121;20
SK023;08-Feb-2121;177
SK023;09-Feb-2121;260
SK023;10-Feb-2121;186
SK023;11-Feb-2121;195
SK023;12-Feb-2121;163
SK023;13-Feb-2121;126
SK023;14-Feb-2121;8
SK023;15-Feb-2121;122
SK023;16-Feb-2121;284
SK023;17-Feb-2121;198
SK023;18-Feb-2121;202
SK023;19-Feb-2121;173
SK023;20-Feb-2121;128
SK023;21-Feb-2121;22
SK023;22-Feb-2121;154
SK023;23-Feb-2121;273
SK023;24-Feb-2121;125
SK023;25-Feb-2121;188
SK023;26-Feb-2121;109
SK023;27-Feb-2121;101
SK023;28-Feb-2121;80
SK023;01-Mar-2121;133
SK023;02-Mar-2121;274
SK023;03-Mar-2121;172
SK023;04-Mar-2121;176
SK023;05-Mar-2121;133
SK023;06-Mar-2121;86
SK023;07-Mar-2121;48
SK023;08-Mar-2121;145
SK023;09-Mar-2121;260
SK023;10-Mar-2121;96
SK023;11-Mar-2121;131
SK023;12-Mar-2121;127
SK023;13-Mar-2121;65
SK023;14-Mar-2121;3
SK023;15-Mar-2121;130
SK023;16-Mar-2121;172
SK023;17-Mar-2121;87
SK023;18-Mar-2121;103
SK023;19-Mar-2121;76
SK023;20-Mar-2121;36
SK023;21-Mar-2121;27
SK023;22-Mar-2121;101
SK023;23-Mar-2121;167
SK023;24-Mar-2121;90
SK023;25-Mar-2121;95
SK023;26-Mar-2121;90
SK023;27-Mar-2121;39
SK023;28-Mar-2121;6
SK023;29-Mar-2121;81
SK023;30-Mar-2121;125
SK023;31-Mar-2121;73
SK023;01-Apr-2121;63
SK023;02-Apr-2121;32
SK023;03-Apr-2121;26
SK023;04-Apr-2121;5
SK023;05-Apr-2121;37
SK023;06-Apr-2121;65
SK023;07-Apr-2121;64
SK023;08-Apr-2121;71
SK023;09-Apr-2121;69
SK023;10-Apr-2121;35
SK023;11-Apr-2121;1
SK023;12-Apr-2121;29
SK023;13-Apr-2121;110
SK023;14-Apr-2121;43
SK023;15-Apr-2121;75
SK023;16-Apr-2121;46
SK023;17-Apr-2121;34
SK023;19-Apr-2121;35
SK023;20-Apr-2121;67
SK023;21-Apr-2121;38
SK023;22-Apr-2121;32
SK023;23-Apr-2121;54
SK023;24-Apr-2121;23
SK023;25-Apr-2121;7
SK023;26-Apr-2121;38
SK023;27-Apr-2121;51
SK023;28-Apr-2121;36
SK023;29-Apr-2121;27
SK023;30-Apr-2121;28
SK023;01-May-2121;23
SK023;02-May-2121;4
SK023;03-May-2121;32
SK023;04-May-2121;46
SK023;05-May-2121;19
SK023;06-May-2121;30
SK023;07-May-2121;32
SK023;09-May-2121;8
SK023;10-May-2121;16
SK023;11-May-2121;36
SK023;12-May-2121;10
SK023;13-May-2121;24
SK023;14-May-2121;18
SK023;15-May-2121;5
SK023;16-May-2121;4
SK023;17-May-2121;22
SK023;18-May-2121;23
SK023;19-May-2121;20
SK023;20-May-2121;8
SK023;21-May-2121;18
SK023;22-May-2121;7
SK023;23-May-2121;1
SK023;24-May-2121;14
SK023;25-May-2121;15
SK023;26-May-2121;11
SK023;27-May-2121;4
SK023;28-May-2121;10
SK023;29-May-2121;2
SK023;30-May-2121;1
SK023;31-May-2121;8
SK023;01-Jun-2121;3
SK023;02-Jun-2121;11
SK023;03-Jun-2121;2
SK023;04-Jun-2121;9
SK023;05-Jun-2121;6
SK023;07-Jun-2121;6
SK023;08-Jun-2121;8
SK023;09-Jun-2121;2
SK023;10-Jun-2121;7
SK023;11-Jun-2121;3
SK023;12-Jun-2121;1
SK023;15-Jun-2121;1
SK023;16-Jun-2121;4
SK023;17-Jun-2121;5
SK023;18-Jun-2121;4
SK023;21-Jun-2121;8
SK023;22-Jun-2121;1
SK023;23-Jun-2121;1
SK023;24-Jun-2121;1
SK023;25-Jun-2121;8
SK023;26-Jun-2121;1
SK023;28-Jun-2121;3
SK023;29-Jun-2121;1
SK023;30-Jun-2121;1
SK023;05-Jul-2121;1
SK023;06-Jul-2121;1
SK023;07-Jul-2121;2
SK023;10-Jul-2121;1
SK023;11-Jul-2121;1
SK023;12-Jul-2121;1
SK023;13-Jul-2121;2
SK023;14-Jul-2121;4
SK023;15-Jul-2121;11
SK023;17-Jul-2121;5
SK023;18-Jul-2121;1
SK023;19-Jul-2121;2
SK023;20-Jul-2121;1
SK023;21-Jul-2121;6
SK023;22-Jul-2121;5
SK023;23-Jul-2121;3
SK023;25-Jul-2121;1
SK023;26-Jul-2121;7
SK023;27-Jul-2121;12
SK023;28-Jul-2121;4
SK023;29-Jul-2121;3
SK023;30-Jul-2121;2
SK023;31-Jul-2121;1
SK023;01-Aug-2121;1
SK023;02-Aug-2121;1
SK023;03-Aug-2121;5
SK023;04-Aug-2121;1
SK023;05-Aug-2121;6
SK023;06-Aug-2121;5
SK023;09-Aug-2121;3
SK023;10-Aug-2121;3
SK023;11-Aug-2121;3
SK023;12-Aug-2121;5
SK023;14-Aug-2121;1
SK023;15-Aug-2121;2
SK023;16-Aug-2121;7
SK023;17-Aug-2121;4
SK023;18-Aug-2121;8
SK023;19-Aug-2121;11
SK023;20-Aug-2121;8
SK023;21-Aug-2121;1
SK023;23-Aug-2121;13
SK023;24-Aug-2121;6
SK023;25-Aug-2121;15
SK023;26-Aug-2121;2
SK023;27-Aug-2121;7
SK023;28-Aug-2121;5
SK023;29-Aug-2121;2
SK023;30-Aug-2121;8
SK023;31-Aug-2121;10
SK023;01-Sep-2121;9
SK023;02-Sep-2121;16
SK023;03-Sep-2121;20
SK023;04-Sep-2121;18
SK023;05-Sep-2121;10
SK023;06-Sep-2121;19
SK023;07-Sep-2121;35
SK023;08-Sep-2121;30
SK023;09-Sep-2121;15
SK023;10-Sep-2121;25
SK023;11-Sep-2121;36
SK023;12-Sep-2121;4
SK023;13-Sep-2121;27
SK023;14-Sep-2121;52
SK023;15-Sep-2121;34
SK023;16-Sep-2121;55
SK023;17-Sep-2121;54
SK023;18-Sep-2121;42
SK023;19-Sep-2121;16
SK023;20-Sep-2121;41
SK023;21-Sep-2121;70
SK023;22-Sep-2121;68
SK023;23-Sep-2121;69
SK023;24-Sep-2121;35
SK023;25-Sep-2121;43
SK023;26-Sep-2121;12
SK023;27-Sep-2121;50
SK023;28-Sep-2121;86
SK023;29-Sep-2121;92
SK023;30-Sep-2121;66
SK023;01-Oct-2121;26
SK023;02-Oct-2121;46
SK023;03-Oct-2121;10
SK023;04-Oct-2121;56
SK023;05-Oct-2121;97
SK023;06-Oct-2121;66
SK023;07-Oct-2121;59
SK023;08-Oct-2121;61
SK023;09-Oct-2121;17
SK023;10-Oct-2121;33
SK023;11-Oct-2121;91
SK023;12-Oct-2121;119
SK023;13-Oct-2121;91
SK023;14-Oct-2121;95
SK023;15-Oct-2121;145
SK023;16-Oct-2121;37
SK023;17-Oct-2121;36
SK023;18-Oct-2121;81
SK023;19-Oct-2121;250
SK023;20-Oct-2121;218
SK023;21-Oct-2121;214
SK023;22-Oct-2121;202
SK023;23-Oct-2121;173
SK023;24-Oct-2121;58
SK023;25-Oct-2121;171
SK023;26-Oct-2121;297
SK023;27-Oct-2121;340
SK023;28-Oct-2121;281
SK023;29-Oct-2121;347
SK023;30-Oct-2121;202
SK023;31-Oct-2121;109
SK023;01-Nov-2121;136
SK023;02-Nov-2121;320
SK023;03-Nov-2121;525
SK023;04-Nov-2121;437
SK023;05-Nov-2121;407
SK023;06-Nov-2121;236
SK023;07-Nov-2121;209
SK023;08-Nov-2121;464
SK023;09-Nov-2121;412
SK023;10-Nov-2121;411
SK023;11-Nov-2121;539
SK023;12-Nov-2121;552
SK023;13-Nov-2121;387
SK023;14-Nov-2121;229
SK023;15-Nov-2121;556
SK023;16-Nov-2121;668
SK023;17-Nov-2121;479
SK023;18-Nov-2121;677
SK023;19-Nov-2121;574
SK023;20-Nov-2121;579
SK023;21-Nov-2121;345
SK023;22-Nov-2121;546
SK023;23-Nov-2121;1103
SK023;24-Nov-2121;875
SK023;25-Nov-2121;847
SK023;26-Nov-2121;824
SK023;27-Nov-2121;560
SK023;28-Nov-2121;357
SK023;29-Nov-2121;665
SK023;30-Nov-2121;751
SK023;01-Dec-2121;984
SK023;02-Dec-2121;1388
SK023;03-Dec-2121;920
SK023;04-Dec-2121;758
SK023;05-Dec-2121;337
SK023;06-Dec-2121;699
SK023;07-Dec-2121;900
SK023;08-Dec-2121;954
SK023;09-Dec-2121;741
SK023;10-Dec-2121;591
SK023;11-Dec-2121;458
SK023;12-Dec-2121;289
SK023;13-Dec-2121;524
SK023;14-Dec-2121;907
SK023;15-Dec-2121;639
SK023;16-Dec-2121;429
SK023;17-Dec-2121;409
SK023;18-Dec-2121;361
SK023;19-Dec-2121;198
SK023;20-Dec-2121;407
SK023;21-Dec-2121;735
SK023;22-Dec-2121;398
SK023;23-Dec-2121;472
SK023;24-Dec-2121;175
SK023;25-Dec-2121;22
SK023;26-Dec-2121;84
SK023;27-Dec-2121;402
SK023;28-Dec-2121;628
SK023;29-Dec-2121;347
SK023;30-Dec-2121;325
SK023;31-Dec-2121;382
SK023;01-Jan-2222;71
SK023;02-Jan-2222;25
SK023;03-Jan-2222;353
SK023;04-Jan-2222;453
SK023;05-Jan-2222;357
SK023;06-Jan-2222;125
SK031;13-Mar-2020;5
SK031;14-Mar-2020;1
SK031;15-Mar-2020;1
SK031;16-Mar-2020;1
SK031;17-Mar-2020;5
SK031;18-Mar-2020;1
SK031;19-Mar-2020;2
SK031;20-Mar-2020;5
SK031;21-Mar-2020;2
SK031;22-Mar-2020;2
SK031;23-Mar-2020;3
SK031;24-Mar-2020;2
SK031;25-Mar-2020;1
SK031;26-Mar-2020;4
SK031;27-Mar-2020;9
SK031;28-Mar-2020;1
SK031;30-Mar-2020;3
SK031;31-Mar-2020;1
SK031;01-Apr-2020;4
SK031;02-Apr-2020;5
SK031;03-Apr-2020;3
SK031;05-Apr-2020;8
SK031;06-Apr-2020;6
SK031;07-Apr-2020;5
SK031;08-Apr-2020;3
SK031;09-Apr-2020;1
SK031;10-Apr-2020;1
SK031;11-Apr-2020;2
SK031;12-Apr-2020;5
SK031;13-Apr-2020;2
SK031;14-Apr-2020;1
SK031;15-Apr-2020;7
SK031;16-Apr-2020;4
SK031;17-Apr-2020;3
SK031;18-Apr-2020;49
SK031;20-Apr-2020;4
SK031;21-Apr-2020;1
SK031;22-Apr-2020;9
SK031;23-Apr-2020;2
SK031;24-Apr-2020;1
SK031;25-Apr-2020;2
SK031;01-May-2020;1
SK031;03-May-2020;1
SK031;04-May-2020;3
SK031;05-May-2020;3
SK031;06-May-2020;2
SK031;19-May-2020;1
SK031;26-May-2020;1
SK031;27-May-2020;1
SK031;09-Jun-2020;1
SK031;16-Jun-2020;1
SK031;18-Jun-2020;1
SK031;19-Jun-2020;4
SK031;20-Jun-2020;1
SK031;21-Jun-2020;1
SK031;23-Jun-2020;9
SK031;24-Jun-2020;11
SK031;25-Jun-2020;7
SK031;26-Jun-2020;5
SK031;27-Jun-2020;3
SK031;28-Jun-2020;1
SK031;30-Jun-2020;4
SK031;02-Jul-2020;7
SK031;03-Jul-2020;18
SK031;04-Jul-2020;10
SK031;07-Jul-2020;7
SK031;08-Jul-2020;10
SK031;09-Jul-2020;3
SK031;10-Jul-2020;3
SK031;11-Jul-2020;2
SK031;14-Jul-2020;1
SK031;15-Jul-2020;2
SK031;16-Jul-2020;4
SK031;17-Jul-2020;2
SK031;20-Jul-2020;3
SK031;21-Jul-2020;2
SK031;22-Jul-2020;1
SK031;24-Jul-2020;2
SK031;27-Jul-2020;6
SK031;28-Jul-2020;4
SK031;29-Jul-2020;2
SK031;30-Jul-2020;2
SK031;31-Jul-2020;4
SK031;02-Aug-2020;1
SK031;04-Aug-2020;2
SK031;05-Aug-2020;1
SK031;06-Aug-2020;1
SK031;07-Aug-2020;8
SK031;08-Aug-2020;3
SK031;10-Aug-2020;1
SK031;11-Aug-2020;4
SK031;13-Aug-2020;2
SK031;14-Aug-2020;4
SK031;17-Aug-2020;1
SK031;18-Aug-2020;9
SK031;19-Aug-2020;7
SK031;20-Aug-2020;13
SK031;21-Aug-2020;10
SK031;24-Aug-2020;5
SK031;25-Aug-2020;2
SK031;26-Aug-2020;8
SK031;27-Aug-2020;28
SK031;28-Aug-2020;13
SK031;29-Aug-2020;5
SK031;30-Aug-2020;3
SK031;31-Aug-2020;5
SK031;01-Sep-2020;4
SK031;02-Sep-2020;16
SK031;03-Sep-2020;18
SK031;04-Sep-2020;33
SK031;05-Sep-2020;2
SK031;07-Sep-2020;11
SK031;08-Sep-2020;25
SK031;09-Sep-2020;23
SK031;10-Sep-2020;31
SK031;11-Sep-2020;31
SK031;12-Sep-2020;4
SK031;13-Sep-2020;6
SK031;14-Sep-2020;39
SK031;15-Sep-2020;12
SK031;16-Sep-2020;34
SK031;17-Sep-2020;30
SK031;18-Sep-2020;82
SK031;19-Sep-2020;6
SK031;20-Sep-2020;4
SK031;21-Sep-2020;47
SK031;22-Sep-2020;65
SK031;23-Sep-2020;65
SK031;24-Sep-2020;100
SK031;25-Sep-2020;69
SK031;26-Sep-2020;96
SK031;27-Sep-2020;108
SK031;28-Sep-2020;34
SK031;29-Sep-2020;105
SK031;30-Sep-2020;163
SK031;01-Oct-2020;147
SK031;02-Oct-2020;105
SK031;03-Oct-2020;155
SK031;04-Oct-2020;35
SK031;05-Oct-2020;33
SK031;06-Oct-2020;233
SK031;07-Oct-2020;168
SK031;08-Oct-2020;238
SK031;09-Oct-2020;543
SK031;10-Oct-2020;213
SK031;11-Oct-2020;50
SK031;12-Oct-2020;62
SK031;13-Oct-2020;367
SK031;14-Oct-2020;523
SK031;15-Oct-2020;679
SK031;16-Oct-2020;603
SK031;17-Oct-2020;509
SK031;18-Oct-2020;159
SK031;19-Oct-2020;70
SK031;20-Oct-2020;524
SK031;21-Oct-2020;478
SK031;22-Oct-2020;525
SK031;23-Oct-2020;659
SK031;24-Oct-2020;803
SK031;25-Oct-2020;436
SK031;26-Oct-2020;148
SK031;27-Oct-2020;355
SK031;28-Oct-2020;635
SK031;29-Oct-2020;740
SK031;30-Oct-2020;529
SK031;31-Oct-2020;662
SK031;01-Nov-2020;349
SK031;02-Nov-2020;472
SK031;03-Nov-2020;688
SK031;04-Nov-2020;423
SK031;05-Nov-2020;473
SK031;06-Nov-2020;503
SK031;07-Nov-2020;312
SK031;08-Nov-2020;59
SK031;09-Nov-2020;143
SK031;10-Nov-2020;374
SK031;11-Nov-2020;489
SK031;12-Nov-2020;334
SK031;13-Nov-2020;181
SK031;14-Nov-2020;189
SK031;15-Nov-2020;63
SK031;16-Nov-2020;227
SK031;17-Nov-2020;123
SK031;18-Nov-2020;346
SK031;19-Nov-2020;252
SK031;20-Nov-2020;251
SK031;21-Nov-2020;61
SK031;22-Nov-2020;11
SK031;23-Nov-2020;170
SK031;24-Nov-2020;213
SK031;25-Nov-2020;225
SK031;26-Nov-2020;189
SK031;27-Nov-2020;218
SK031;28-Nov-2020;99
SK031;29-Nov-2020;18
SK031;30-Nov-2020;202
SK031;01-Dec-2020;209
SK031;02-Dec-2020;181
SK031;03-Dec-2020;237
SK031;04-Dec-2020;228
SK031;05-Dec-2020;98
SK031;06-Dec-2020;15
SK031;07-Dec-2020;348
SK031;08-Dec-2020;331
SK031;09-Dec-2020;392
SK031;10-Dec-2020;166
SK031;11-Dec-2020;455
SK031;12-Dec-2020;95
SK031;13-Dec-2020;26
SK031;14-Dec-2020;321
SK031;15-Dec-2020;528
SK031;16-Dec-2020;333
SK031;17-Dec-2020;500
SK031;18-Dec-2020;333
SK031;19-Dec-2020;208
SK031;20-Dec-2020;36
SK031;21-Dec-2020;444
SK031;22-Dec-2020;519
SK031;23-Dec-2020;228
SK031;24-Dec-2020;643
SK031;25-Dec-2020;66
SK031;26-Dec-2020;135
SK031;27-Dec-2020;40
SK031;28-Dec-2020;406
SK031;29-Dec-2020;256
SK031;30-Dec-2020;1038
SK031;31-Dec-2020;395
SK031;01-Jan-2121;118
SK031;02-Jan-2121;98
SK031;03-Jan-2121;13
SK031;04-Jan-2121;479
SK031;05-Jan-2121;717
SK031;06-Jan-2121;145
SK031;07-Jan-2121;438
SK031;08-Jan-2121;413
SK031;09-Jan-2121;192
SK031;10-Jan-2121;38
SK031;11-Jan-2121;351
SK031;12-Jan-2121;376
SK031;13-Jan-2121;247
SK031;14-Jan-2121;166
SK031;15-Jan-2121;248
SK031;16-Jan-2121;14
SK031;17-Jan-2121;95
SK031;18-Jan-2121;236
SK031;19-Jan-2121;245
SK031;20-Jan-2121;236
SK031;21-Jan-2121;116
SK031;22-Jan-2121;163
SK031;23-Jan-2121;91
SK031;24-Jan-2121;22
SK031;25-Jan-2121;159
SK031;26-Jan-2121;245
SK031;27-Jan-2121;256
SK031;28-Jan-2121;240
SK031;29-Jan-2121;209
SK031;30-Jan-2121;85
SK031;31-Jan-2121;11
SK031;01-Feb-2121;220
SK031;02-Feb-2121;216
SK031;03-Feb-2121;194
SK031;04-Feb-2121;238
SK031;05-Feb-2121;248
SK031;06-Feb-2121;71
SK031;07-Feb-2121;24
SK031;08-Feb-2121;160
SK031;09-Feb-2121;377
SK031;10-Feb-2121;259
SK031;11-Feb-2121;228
SK031;12-Feb-2121;242
SK031;13-Feb-2121;91
SK031;14-Feb-2121;30
SK031;15-Feb-2121;230
SK031;16-Feb-2121;321
SK031;17-Feb-2121;269
SK031;18-Feb-2121;263
SK031;19-Feb-2121;337
SK031;20-Feb-2121;152
SK031;21-Feb-2121;36
SK031;22-Feb-2121;345
SK031;23-Feb-2121;437
SK031;24-Feb-2121;339
SK031;25-Feb-2121;347
SK031;26-Feb-2121;459
SK031;27-Feb-2121;159
SK031;28-Feb-2121;61
SK031;01-Mar-2121;375
SK031;02-Mar-2121;551
SK031;03-Mar-2121;448
SK031;04-Mar-2121;467
SK031;05-Mar-2121;369
SK031;06-Mar-2121;173
SK031;07-Mar-2121;48
SK031;08-Mar-2121;387
SK031;09-Mar-2121;537
SK031;10-Mar-2121;368
SK031;11-Mar-2121;399
SK031;12-Mar-2121;520
SK031;13-Mar-2121;113
SK031;14-Mar-2121;87
SK031;15-Mar-2121;341
SK031;16-Mar-2121;514
SK031;17-Mar-2121;395
SK031;18-Mar-2121;329
SK031;19-Mar-2121;357
SK031;20-Mar-2121;165
SK031;21-Mar-2121;32
SK031;22-Mar-2121;293
SK031;23-Mar-2121;418
SK031;24-Mar-2121;280
SK031;25-Mar-2121;281
SK031;26-Mar-2121;312
SK031;27-Mar-2121;151
SK031;28-Mar-2121;21
SK031;29-Mar-2121;297
SK031;30-Mar-2121;406
SK031;31-Mar-2121;170
SK031;01-Apr-2121;334
SK031;02-Apr-2121;73
SK031;03-Apr-2121;180
SK031;04-Apr-2121;17
SK031;05-Apr-2121;17
SK031;06-Apr-2121;308
SK031;07-Apr-2121;309
SK031;08-Apr-2121;179
SK031;09-Apr-2121;195
SK031;10-Apr-2121;111
SK031;11-Apr-2121;19
SK031;12-Apr-2121;266
SK031;13-Apr-2121;171
SK031;14-Apr-2121;135
SK031;15-Apr-2121;108
SK031;16-Apr-2121;185
SK031;17-Apr-2121;108
SK031;18-Apr-2121;18
SK031;19-Apr-2121;164
SK031;20-Apr-2121;128
SK031;21-Apr-2121;118
SK031;22-Apr-2121;110
SK031;23-Apr-2121;144
SK031;24-Apr-2121;93
SK031;25-Apr-2121;38
SK031;26-Apr-2121;114
SK031;27-Apr-2121;97
SK031;28-Apr-2121;76
SK031;29-Apr-2121;77
SK031;30-Apr-2121;84
SK031;01-May-2121;65
SK031;02-May-2121;8
SK031;03-May-2121;97
SK031;04-May-2121;81
SK031;05-May-2121;71
SK031;06-May-2121;67
SK031;07-May-2121;65
SK031;09-May-2121;58
SK031;10-May-2121;69
SK031;11-May-2121;70
SK031;12-May-2121;57
SK031;13-May-2121;64
SK031;14-May-2121;34
SK031;15-May-2121;30
SK031;16-May-2121;13
SK031;17-May-2121;51
SK031;18-May-2121;52
SK031;19-May-2121;46
SK031;20-May-2121;30
SK031;21-May-2121;28
SK031;22-May-2121;21
SK031;23-May-2121;4
SK031;24-May-2121;36
SK031;25-May-2121;21
SK031;26-May-2121;20
SK031;27-May-2121;17
SK031;28-May-2121;28
SK031;29-May-2121;13
SK031;30-May-2121;21
SK031;31-May-2121;31
SK031;01-Jun-2121;38
SK031;02-Jun-2121;17
SK031;03-Jun-2121;12
SK031;04-Jun-2121;19
SK031;05-Jun-2121;8
SK031;06-Jun-2121;10
SK031;07-Jun-2121;25
SK031;08-Jun-2121;18
SK031;09-Jun-2121;23
SK031;10-Jun-2121;14
SK031;11-Jun-2121;11
SK031;12-Jun-2121;9
SK031;13-Jun-2121;2
SK031;14-Jun-2121;10
SK031;15-Jun-2121;13
SK031;16-Jun-2121;17
SK031;17-Jun-2121;10
SK031;18-Jun-2121;11
SK031;19-Jun-2121;9
SK031;20-Jun-2121;1
SK031;21-Jun-2121;6
SK031;22-Jun-2121;6
SK031;23-Jun-2121;7
SK031;24-Jun-2121;6
SK031;25-Jun-2121;8
SK031;26-Jun-2121;4
SK031;27-Jun-2121;3
SK031;28-Jun-2121;4
SK031;29-Jun-2121;10
SK031;30-Jun-2121;1
SK031;01-Jul-2121;1
SK031;03-Jul-2121;1
SK031;05-Jul-2121;2
SK031;06-Jul-2121;4
SK031;07-Jul-2121;1
SK031;08-Jul-2121;6
SK031;10-Jul-2121;1
SK031;11-Jul-2121;2
SK031;12-Jul-2121;3
SK031;13-Jul-2121;3
SK031;14-Jul-2121;5
SK031;15-Jul-2121;2
SK031;19-Jul-2121;4
SK031;20-Jul-2121;4
SK031;21-Jul-2121;2
SK031;22-Jul-2121;2
SK031;23-Jul-2121;4
SK031;24-Jul-2121;2
SK031;25-Jul-2121;2
SK031;26-Jul-2121;1
SK031;27-Jul-2121;11
SK031;28-Jul-2121;4
SK031;29-Jul-2121;1
SK031;30-Jul-2121;3
SK031;31-Jul-2121;4
SK031;02-Aug-2121;5
SK031;03-Aug-2121;11
SK031;04-Aug-2121;12
SK031;05-Aug-2121;7
SK031;06-Aug-2121;1
SK031;07-Aug-2121;7
SK031;08-Aug-2121;1
SK031;09-Aug-2121;9
SK031;10-Aug-2121;12
SK031;11-Aug-2121;13
SK031;12-Aug-2121;4
SK031;13-Aug-2121;6
SK031;14-Aug-2121;5
SK031;15-Aug-2121;1
SK031;16-Aug-2121;14
SK031;17-Aug-2121;9
SK031;18-Aug-2121;4
SK031;19-Aug-2121;6
SK031;20-Aug-2121;7
SK031;21-Aug-2121;6
SK031;22-Aug-2121;2
SK031;23-Aug-2121;11
SK031;24-Aug-2121;6
SK031;25-Aug-2121;9
SK031;26-Aug-2121;17
SK031;27-Aug-2121;13
SK031;28-Aug-2121;2
SK031;29-Aug-2121;8
SK031;30-Aug-2121;7
SK031;31-Aug-2121;32
SK031;01-Sep-2121;5
SK031;02-Sep-2121;30
SK031;03-Sep-2121;52
SK031;04-Sep-2121;24
SK031;05-Sep-2121;11
SK031;06-Sep-2121;31
SK031;07-Sep-2121;72
SK031;08-Sep-2121;68
SK031;09-Sep-2121;56
SK031;10-Sep-2121;66
SK031;11-Sep-2121;47
SK031;12-Sep-2121;9
SK031;13-Sep-2121;81
SK031;14-Sep-2121;155
SK031;15-Sep-2121;31
SK031;16-Sep-2121;164
SK031;17-Sep-2121;192
SK031;18-Sep-2121;87
SK031;19-Sep-2121;26
SK031;20-Sep-2121;244
SK031;21-Sep-2121;250
SK031;22-Sep-2121;185
SK031;23-Sep-2121;176
SK031;24-Sep-2121;199
SK031;25-Sep-2121;111
SK031;26-Sep-2121;17
SK031;27-Sep-2121;239
SK031;28-Sep-2121;272
SK031;29-Sep-2121;285
SK031;30-Sep-2121;248
SK031;01-Oct-2121;263
SK031;02-Oct-2121;209
SK031;03-Oct-2121;22
SK031;04-Oct-2121;297
SK031;05-Oct-2121;387
SK031;06-Oct-2121;313
SK031;07-Oct-2121;338
SK031;08-Oct-2121;265
SK031;09-Oct-2121;201
SK031;10-Oct-2121;113
SK031;11-Oct-2121;323
SK031;12-Oct-2121;589
SK031;13-Oct-2121;404
SK031;14-Oct-2121;419
SK031;15-Oct-2121;347
SK031;16-Oct-2121;273
SK031;17-Oct-2121;135
SK031;18-Oct-2121;432
SK031;19-Oct-2121;675
SK031;20-Oct-2121;479
SK031;21-Oct-2121;591
SK031;22-Oct-2121;587
SK031;23-Oct-2121;399
SK031;24-Oct-2121;248
SK031;25-Oct-2121;649
SK031;26-Oct-2121;945
SK031;27-Oct-2121;739
SK031;28-Oct-2121;639
SK031;29-Oct-2121;733
SK031;30-Oct-2121;571
SK031;31-Oct-2121;344
SK031;01-Nov-2121;399
SK031;02-Nov-2121;1136
SK031;03-Nov-2121;1106
SK031;04-Nov-2121;776
SK031;05-Nov-2121;1064
SK031;06-Nov-2121;741
SK031;07-Nov-2121;304
SK031;08-Nov-2121;781
SK031;09-Nov-2121;1438
SK031;10-Nov-2121;897
SK031;11-Nov-2121;924
SK031;12-Nov-2121;1027
SK031;13-Nov-2121;652
SK031;14-Nov-2121;356
SK031;15-Nov-2121;977
SK031;16-Nov-2121;1197
SK031;17-Nov-2121;1001
SK031;18-Nov-2121;1220
SK031;19-Nov-2121;1279
SK031;20-Nov-2121;963
SK031;21-Nov-2121;443
SK031;22-Nov-2121;1125
SK031;23-Nov-2121;1630
SK031;24-Nov-2121;1792
SK031;25-Nov-2121;1281
SK031;26-Nov-2121;1195
SK031;27-Nov-2121;909
SK031;28-Nov-2121;625
SK031;29-Nov-2121;1395
SK031;30-Nov-2121;1575
SK031;01-Dec-2121;1183
SK031;02-Dec-2121;1847
SK031;03-Dec-2121;1204
SK031;04-Dec-2121;704
SK031;05-Dec-2121;505
SK031;06-Dec-2121;919
SK031;07-Dec-2121;1356
SK031;08-Dec-2121;1018
SK031;09-Dec-2121;870
SK031;10-Dec-2121;638
SK031;11-Dec-2121;761
SK031;12-Dec-2121;340
SK031;13-Dec-2121;759
SK031;14-Dec-2121;798
SK031;15-Dec-2121;802
SK031;16-Dec-2121;660
SK031;17-Dec-2121;604
SK031;18-Dec-2121;417
SK031;19-Dec-2121;133
SK031;20-Dec-2121;563
SK031;21-Dec-2121;755
SK031;22-Dec-2121;510
SK031;23-Dec-2121;731
SK031;24-Dec-2121;98
SK031;25-Dec-2121;22
SK031;26-Dec-2121;242
SK031;27-Dec-2121;691
SK031;28-Dec-2121;641
SK031;29-Dec-2121;543
SK031;30-Dec-2121;492
SK031;31-Dec-2121;321
SK031;01-Jan-2222;14
SK031;02-Jan-2222;288
SK031;03-Jan-2222;601
SK031;04-Jan-2222;606
SK031;05-Jan-2222;471
SK031;06-Jan-2222;167
SK032;13-Mar-2020;1
SK032;15-Mar-2020;1
SK032;17-Mar-2020;1
SK032;18-Mar-2020;1
SK032;21-Mar-2020;3
SK032;23-Mar-2020;1
SK032;24-Mar-2020;2
SK032;26-Mar-2020;2
SK032;27-Mar-2020;1
SK032;28-Mar-2020;1
SK032;29-Mar-2020;2
SK032;30-Mar-2020;1
SK032;31-Mar-2020;3
SK032;01-Apr-2020;5
SK032;02-Apr-2020;2
SK032;03-Apr-2020;2
SK032;05-Apr-2020;9
SK032;06-Apr-2020;10
SK032;07-Apr-2020;4
SK032;09-Apr-2020;2
SK032;11-Apr-2020;1
SK032;12-Apr-2020;4
SK032;13-Apr-2020;2
SK032;15-Apr-2020;10
SK032;17-Apr-2020;3
SK032;18-Apr-2020;7
SK032;21-Apr-2020;2
SK032;22-Apr-2020;2
SK032;23-Apr-2020;2
SK032;24-Apr-2020;3
SK032;25-Apr-2020;2
SK032;29-Apr-2020;1
SK032;30-Apr-2020;1
SK032;05-May-2020;2
SK032;06-May-2020;1
SK032;07-May-2020;2
SK032;12-May-2020;1
SK032;20-May-2020;1
SK032;23-May-2020;1
SK032;27-May-2020;1
SK032;05-Jun-2020;2
SK032;11-Jun-2020;1
SK032;13-Jun-2020;2
SK032;14-Jun-2020;2
SK032;17-Jun-2020;1
SK032;18-Jun-2020;10
SK032;19-Jun-2020;2
SK032;23-Jun-2020;6
SK032;25-Jun-2020;1
SK032;01-Jul-2020;1
SK032;03-Jul-2020;4
SK032;04-Jul-2020;1
SK032;07-Jul-2020;4
SK032;09-Jul-2020;12
SK032;10-Jul-2020;3
SK032;13-Jul-2020;1
SK032;14-Jul-2020;2
SK032;15-Jul-2020;4
SK032;16-Jul-2020;4
SK032;17-Jul-2020;2
SK032;19-Jul-2020;1
SK032;20-Jul-2020;1
SK032;21-Jul-2020;3
SK032;22-Jul-2020;3
SK032;24-Jul-2020;9
SK032;27-Jul-2020;3
SK032;28-Jul-2020;2
SK032;30-Jul-2020;1
SK032;31-Jul-2020;2
SK032;01-Aug-2020;1
SK032;04-Aug-2020;3
SK032;06-Aug-2020;1
SK032;07-Aug-2020;1
SK032;08-Aug-2020;2
SK032;10-Aug-2020;3
SK032;11-Aug-2020;2
SK032;14-Aug-2020;5
SK032;17-Aug-2020;1
SK032;19-Aug-2020;4
SK032;20-Aug-2020;1
SK032;21-Aug-2020;4
SK032;25-Aug-2020;2
SK032;26-Aug-2020;2
SK032;27-Aug-2020;1
SK032;28-Aug-2020;3
SK032;29-Aug-2020;1
SK032;31-Aug-2020;6
SK032;01-Sep-2020;2
SK032;02-Sep-2020;6
SK032;03-Sep-2020;5
SK032;04-Sep-2020;9
SK032;07-Sep-2020;2
SK032;08-Sep-2020;5
SK032;09-Sep-2020;13
SK032;10-Sep-2020;11
SK032;11-Sep-2020;19
SK032;12-Sep-2020;5
SK032;13-Sep-2020;1
SK032;14-Sep-2020;13
SK032;15-Sep-2020;2
SK032;16-Sep-2020;6
SK032;17-Sep-2020;14
SK032;18-Sep-2020;24
SK032;19-Sep-2020;3
SK032;21-Sep-2020;3
SK032;22-Sep-2020;25
SK032;23-Sep-2020;17
SK032;24-Sep-2020;25
SK032;25-Sep-2020;29
SK032;26-Sep-2020;24
SK032;27-Sep-2020;20
SK032;29-Sep-2020;24
SK032;30-Sep-2020;60
SK032;01-Oct-2020;49
SK032;02-Oct-2020;74
SK032;03-Oct-2020;37
SK032;04-Oct-2020;8
SK032;05-Oct-2020;49
SK032;06-Oct-2020;68
SK032;07-Oct-2020;124
SK032;08-Oct-2020;99
SK032;09-Oct-2020;128
SK032;10-Oct-2020;53
SK032;11-Oct-2020;14
SK032;12-Oct-2020;11
SK032;13-Oct-2020;151
SK032;14-Oct-2020;139
SK032;15-Oct-2020;133
SK032;16-Oct-2020;224
SK032;17-Oct-2020;91
SK032;18-Oct-2020;49
SK032;19-Oct-2020;27
SK032;20-Oct-2020;210
SK032;21-Oct-2020;209
SK032;22-Oct-2020;264
SK032;23-Oct-2020;231
SK032;24-Oct-2020;315
SK032;25-Oct-2020;50
SK032;26-Oct-2020;38
SK032;27-Oct-2020;266
SK032;28-Oct-2020;285
SK032;29-Oct-2020;372
SK032;30-Oct-2020;254
SK032;31-Oct-2020;198
SK032;01-Nov-2020;101
SK032;02-Nov-2020;90
SK032;03-Nov-2020;246
SK032;04-Nov-2020;254
SK032;05-Nov-2020;240
SK032;06-Nov-2020;227
SK032;07-Nov-2020;164
SK032;08-Nov-2020;82
SK032;09-Nov-2020;80
SK032;10-Nov-2020;263
SK032;11-Nov-2020;224
SK032;12-Nov-2020;218
SK032;13-Nov-2020;157
SK032;14-Nov-2020;73
SK032;15-Nov-2020;52
SK032;16-Nov-2020;106
SK032;17-Nov-2020;52
SK032;18-Nov-2020;153
SK032;19-Nov-2020;170
SK032;20-Nov-2020;127
SK032;21-Nov-2020;52
SK032;22-Nov-2020;38
SK032;23-Nov-2020;66
SK032;24-Nov-2020;166
SK032;25-Nov-2020;170
SK032;26-Nov-2020;209
SK032;27-Nov-2020;219
SK032;28-Nov-2020;81
SK032;29-Nov-2020;19
SK032;30-Nov-2020;75
SK032;01-Dec-2020;215
SK032;02-Dec-2020;217
SK032;03-Dec-2020;240
SK032;04-Dec-2020;339
SK032;05-Dec-2020;109
SK032;06-Dec-2020;121
SK032;07-Dec-2020;175
SK032;08-Dec-2020;256
SK032;09-Dec-2020;323
SK032;10-Dec-2020;280
SK032;11-Dec-2020;468
SK032;12-Dec-2020;137
SK032;13-Dec-2020;122
SK032;14-Dec-2020;148
SK032;15-Dec-2020;336
SK032;16-Dec-2020;379
SK032;17-Dec-2020;468
SK032;18-Dec-2020;432
SK032;19-Dec-2020;170
SK032;20-Dec-2020;155
SK032;21-Dec-2020;286
SK032;22-Dec-2020;307
SK032;23-Dec-2020;368
SK032;24-Dec-2020;452
SK032;25-Dec-2020;65
SK032;26-Dec-2020;61
SK032;27-Dec-2020;116
SK032;28-Dec-2020;131
SK032;29-Dec-2020;240
SK032;30-Dec-2020;593
SK032;31-Dec-2020;499
SK032;01-Jan-2121;220
SK032;02-Jan-2121;123
SK032;03-Jan-2121;199
SK032;04-Jan-2121;130
SK032;05-Jan-2121;372
SK032;06-Jan-2121;305
SK032;07-Jan-2121;127
SK032;08-Jan-2121;435
SK032;09-Jan-2121;297
SK032;10-Jan-2121;110
SK032;11-Jan-2121;76
SK032;12-Jan-2121;194
SK032;13-Jan-2121;235
SK032;14-Jan-2121;220
SK032;15-Jan-2121;164
SK032;16-Jan-2121;58
SK032;17-Jan-2121;110
SK032;18-Jan-2121;94
SK032;19-Jan-2121;213
SK032;20-Jan-2121;231
SK032;21-Jan-2121;194
SK032;22-Jan-2121;175
SK032;23-Jan-2121;142
SK032;24-Jan-2121;38
SK032;25-Jan-2121;82
SK032;26-Jan-2121;238
SK032;27-Jan-2121;191
SK032;28-Jan-2121;218
SK032;29-Jan-2121;196
SK032;30-Jan-2121;163
SK032;31-Jan-2121;34
SK032;01-Feb-2121;75
SK032;02-Feb-2121;277
SK032;03-Feb-2121;350
SK032;04-Feb-2121;240
SK032;05-Feb-2121;282
SK032;06-Feb-2121;178
SK032;07-Feb-2121;70
SK032;08-Feb-2121;103
SK032;09-Feb-2121;329
SK032;10-Feb-2121;333
SK032;11-Feb-2121;305
SK032;12-Feb-2121;312
SK032;13-Feb-2121;202
SK032;14-Feb-2121;60
SK032;15-Feb-2121;118
SK032;16-Feb-2121;338
SK032;17-Feb-2121;415
SK032;18-Feb-2121;241
SK032;19-Feb-2121;420
SK032;20-Feb-2121;280
SK032;21-Feb-2121;68
SK032;22-Feb-2121;67
SK032;23-Feb-2121;462
SK032;24-Feb-2121;332
SK032;25-Feb-2121;375
SK032;26-Feb-2121;326
SK032;27-Feb-2121;289
SK032;28-Feb-2121;45
SK032;01-Mar-2121;151
SK032;02-Mar-2121;291
SK032;03-Mar-2121;317
SK032;04-Mar-2121;226
SK032;05-Mar-2121;221
SK032;06-Mar-2121;164
SK032;07-Mar-2121;60
SK032;08-Mar-2121;191
SK032;09-Mar-2121;352
SK032;10-Mar-2121;260
SK032;11-Mar-2121;228
SK032;12-Mar-2121;206
SK032;13-Mar-2121;209
SK032;14-Mar-2121;39
SK032;15-Mar-2121;95
SK032;16-Mar-2121;340
SK032;17-Mar-2121;262
SK032;18-Mar-2121;160
SK032;19-Mar-2121;240
SK032;20-Mar-2121;119
SK032;21-Mar-2121;31
SK032;22-Mar-2121;65
SK032;23-Mar-2121;241
SK032;24-Mar-2121;200
SK032;25-Mar-2121;120
SK032;26-Mar-2121;122
SK032;27-Mar-2121;85
SK032;28-Mar-2121;25
SK032;29-Mar-2121;119
SK032;30-Mar-2121;167
SK032;31-Mar-2121;147
SK032;01-Apr-2121;171
SK032;02-Apr-2121;71
SK032;03-Apr-2121;5
SK032;04-Apr-2121;24
SK032;05-Apr-2121;15
SK032;06-Apr-2121;93
SK032;07-Apr-2121;226
SK032;08-Apr-2121;132
SK032;09-Apr-2121;106
SK032;10-Apr-2121;56
SK032;12-Apr-2121;60
SK032;13-Apr-2121;130
SK032;14-Apr-2121;69
SK032;15-Apr-2121;67
SK032;16-Apr-2121;72
SK032;17-Apr-2121;42
SK032;18-Apr-2121;16
SK032;19-Apr-2121;48
SK032;20-Apr-2121;116
SK032;21-Apr-2121;76
SK032;22-Apr-2121;51
SK032;23-Apr-2121;78
SK032;24-Apr-2121;40
SK032;25-Apr-2121;14
SK032;26-Apr-2121;34
SK032;27-Apr-2121;70
SK032;28-Apr-2121;66
SK032;29-Apr-2121;55
SK032;30-Apr-2121;38
SK032;01-May-2121;54
SK032;02-May-2121;6
SK032;03-May-2121;30
SK032;04-May-2121;83
SK032;05-May-2121;34
SK032;06-May-2121;36
SK032;07-May-2121;41
SK032;08-May-2121;11
SK032;09-May-2121;25
SK032;10-May-2121;28
SK032;11-May-2121;42
SK032;12-May-2121;31
SK032;13-May-2121;37
SK032;14-May-2121;35
SK032;15-May-2121;11
SK032;16-May-2121;15
SK032;17-May-2121;11
SK032;18-May-2121;27
SK032;19-May-2121;42
SK032;20-May-2121;14
SK032;21-May-2121;22
SK032;22-May-2121;20
SK032;24-May-2121;9
SK032;25-May-2121;27
SK032;26-May-2121;18
SK032;27-May-2121;7
SK032;28-May-2121;13
SK032;29-May-2121;11
SK032;30-May-2121;3
SK032;31-May-2121;4
SK032;01-Jun-2121;12
SK032;02-Jun-2121;7
SK032;03-Jun-2121;8
SK032;04-Jun-2121;2
SK032;05-Jun-2121;15
SK032;06-Jun-2121;1
SK032;07-Jun-2121;4
SK032;08-Jun-2121;15
SK032;09-Jun-2121;9
SK032;10-Jun-2121;10
SK032;11-Jun-2121;5
SK032;12-Jun-2121;3
SK032;14-Jun-2121;8
SK032;15-Jun-2121;9
SK032;16-Jun-2121;10
SK032;17-Jun-2121;2
SK032;18-Jun-2121;4
SK032;21-Jun-2121;6
SK032;22-Jun-2121;7
SK032;23-Jun-2121;4
SK032;24-Jun-2121;6
SK032;25-Jun-2121;2
SK032;28-Jun-2121;3
SK032;29-Jun-2121;2
SK032;30-Jun-2121;3
SK032;02-Jul-2121;3
SK032;03-Jul-2121;1
SK032;05-Jul-2121;2
SK032;06-Jul-2121;6
SK032;07-Jul-2121;1
SK032;10-Jul-2121;2
SK032;12-Jul-2121;1
SK032;13-Jul-2121;2
SK032;14-Jul-2121;3
SK032;15-Jul-2121;1
SK032;17-Jul-2121;1
SK032;19-Jul-2121;1
SK032;20-Jul-2121;6
SK032;21-Jul-2121;2
SK032;22-Jul-2121;5
SK032;23-Jul-2121;7
SK032;24-Jul-2121;2
SK032;26-Jul-2121;2
SK032;27-Jul-2121;15
SK032;28-Jul-2121;4
SK032;29-Jul-2121;2
SK032;30-Jul-2121;27
SK032;31-Jul-2121;1
SK032;02-Aug-2121;6
SK032;03-Aug-2121;4
SK032;04-Aug-2121;2
SK032;05-Aug-2121;2
SK032;06-Aug-2121;5
SK032;08-Aug-2121;4
SK032;09-Aug-2121;9
SK032;10-Aug-2121;7
SK032;11-Aug-2121;7
SK032;12-Aug-2121;10
SK032;13-Aug-2121;11
SK032;14-Aug-2121;6
SK032;16-Aug-2121;7
SK032;17-Aug-2121;12
SK032;18-Aug-2121;1
SK032;19-Aug-2121;4
SK032;20-Aug-2121;5
SK032;21-Aug-2121;3
SK032;23-Aug-2121;7
SK032;24-Aug-2121;12
SK032;25-Aug-2121;6
SK032;26-Aug-2121;7
SK032;27-Aug-2121;7
SK032;28-Aug-2121;9
SK032;30-Aug-2121;23
SK032;31-Aug-2121;18
SK032;01-Sep-2121;6
SK032;02-Sep-2121;19
SK032;03-Sep-2121;49
SK032;04-Sep-2121;14
SK032;05-Sep-2121;9
SK032;06-Sep-2121;26
SK032;07-Sep-2121;27
SK032;08-Sep-2121;46
SK032;09-Sep-2121;46
SK032;10-Sep-2121;59
SK032;11-Sep-2121;31
SK032;12-Sep-2121;7
SK032;13-Sep-2121;29
SK032;14-Sep-2121;95
SK032;15-Sep-2121;22
SK032;16-Sep-2121;95
SK032;17-Sep-2121;73
SK032;18-Sep-2121;44
SK032;19-Sep-2121;6
SK032;20-Sep-2121;45
SK032;21-Sep-2121;125
SK032;22-Sep-2121;75
SK032;23-Sep-2121;63
SK032;24-Sep-2121;98
SK032;25-Sep-2121;17
SK032;26-Sep-2121;17
SK032;27-Sep-2121;90
SK032;28-Sep-2121;112
SK032;29-Sep-2121;118
SK032;30-Sep-2121;120
SK032;01-Oct-2121;158
SK032;02-Oct-2121;66
SK032;03-Oct-2121;11
SK032;04-Oct-2121;126
SK032;05-Oct-2121;209
SK032;06-Oct-2121;136
SK032;07-Oct-2121;179
SK032;08-Oct-2121;239
SK032;09-Oct-2121;73
SK032;10-Oct-2121;26
SK032;11-Oct-2121;128
SK032;12-Oct-2121;301
SK032;13-Oct-2121;217
SK032;14-Oct-2121;198
SK032;15-Oct-2121;187
SK032;16-Oct-2121;162
SK032;17-Oct-2121;26
SK032;18-Oct-2121;162
SK032;19-Oct-2121;419
SK032;20-Oct-2121;387
SK032;21-Oct-2121;416
SK032;22-Oct-2121;530
SK032;23-Oct-2121;238
SK032;24-Oct-2121;161
SK032;25-Oct-2121;376
SK032;26-Oct-2121;700
SK032;27-Oct-2121;664
SK032;28-Oct-2121;744
SK032;29-Oct-2121;780
SK032;30-Oct-2121;449
SK032;31-Oct-2121;150
SK032;01-Nov-2121;390
SK032;02-Nov-2121;538
SK032;03-Nov-2121;976
SK032;04-Nov-2121;1086
SK032;05-Nov-2121;997
SK032;06-Nov-2121;505
SK032;07-Nov-2121;460
SK032;08-Nov-2121;519
SK032;09-Nov-2121;922
SK032;10-Nov-2121;950
SK032;11-Nov-2121;1023
SK032;12-Nov-2121;972
SK032;13-Nov-2121;761
SK032;14-Nov-2121;311
SK032;15-Nov-2121;749
SK032;16-Nov-2121;1130
SK032;17-Nov-2121;772
SK032;18-Nov-2121;979
SK032;19-Nov-2121;1007
SK032;20-Nov-2121;985
SK032;21-Nov-2121;408
SK032;22-Nov-2121;489
SK032;23-Nov-2121;1436
SK032;24-Nov-2121;1387
SK032;25-Nov-2121;1110
SK032;26-Nov-2121;963
SK032;27-Nov-2121;827
SK032;28-Nov-2121;418
SK032;29-Nov-2121;591
SK032;30-Nov-2121;1266
SK032;01-Dec-2121;947
SK032;02-Dec-2121;1710
SK032;03-Dec-2121;1117
SK032;04-Dec-2121;654
SK032;05-Dec-2121;217
SK032;06-Dec-2121;647
SK032;07-Dec-2121;1104
SK032;08-Dec-2121;1087
SK032;09-Dec-2121;652
SK032;10-Dec-2121;731
SK032;11-Dec-2121;568
SK032;12-Dec-2121;161
SK032;13-Dec-2121;470
SK032;14-Dec-2121;729
SK032;15-Dec-2121;554
SK032;16-Dec-2121;499
SK032;17-Dec-2121;465
SK032;18-Dec-2121;333
SK032;19-Dec-2121;39
SK032;20-Dec-2121;424
SK032;21-Dec-2121;508
SK032;22-Dec-2121;393
SK032;23-Dec-2121;429
SK032;24-Dec-2121;116
SK032;25-Dec-2121;107
SK032;26-Dec-2121;76
SK032;27-Dec-2121;397
SK032;28-Dec-2121;492
SK032;29-Dec-2121;390
SK032;30-Dec-2121;308
SK032;31-Dec-2121;316
SK032;01-Jan-2222;33
SK032;02-Jan-2222;117
SK032;03-Jan-2222;420
SK032;04-Jan-2222;458
SK032;05-Jan-2222;376
SK032;06-Jan-2222;101
SK041;12-Mar-2020;1
SK041;14-Mar-2020;1
SK041;16-Mar-2020;3
SK041;17-Mar-2020;1
SK041;19-Mar-2020;3
SK041;20-Mar-2020;2
SK041;21-Mar-2020;3
SK041;24-Mar-2020;2
SK041;26-Mar-2020;6
SK041;27-Mar-2020;1
SK041;28-Mar-2020;2
SK041;29-Mar-2020;2
SK041;30-Mar-2020;2
SK041;31-Mar-2020;9
SK041;01-Apr-2020;6
SK041;02-Apr-2020;6
SK041;03-Apr-2020;4
SK041;04-Apr-2020;1
SK041;05-Apr-2020;13
SK041;06-Apr-2020;10
SK041;07-Apr-2020;7
SK041;08-Apr-2020;0
SK041;09-Apr-2020;1
SK041;11-Apr-2020;4
SK041;12-Apr-2020;6
SK041;13-Apr-2020;2
SK041;14-Apr-2020;1
SK041;15-Apr-2020;21
SK041;16-Apr-2020;9
SK041;17-Apr-2020;5
SK041;18-Apr-2020;1
SK041;19-Apr-2020;4
SK041;20-Apr-2020;2
SK041;21-Apr-2020;12
SK041;22-Apr-2020;11
SK041;23-Apr-2020;2
SK041;27-Apr-2020;2
SK041;28-Apr-2020;1
SK041;29-Apr-2020;1
SK041;01-May-2020;2
SK041;05-May-2020;1
SK041;11-May-2020;1
SK041;13-May-2020;1
SK041;21-May-2020;1
SK041;31-May-2020;1
SK041;02-Jun-2020;1
SK041;12-Jun-2020;1
SK041;16-Jun-2020;6
SK041;19-Jun-2020;1
SK041;24-Jun-2020;4
SK041;26-Jun-2020;3
SK041;27-Jun-2020;3
SK041;30-Jun-2020;7
SK041;03-Jul-2020;3
SK041;04-Jul-2020;1
SK041;07-Jul-2020;2
SK041;08-Jul-2020;14
SK041;09-Jul-2020;8
SK041;10-Jul-2020;5
SK041;11-Jul-2020;6
SK041;12-Jul-2020;1
SK041;13-Jul-2020;1
SK041;14-Jul-2020;5
SK041;15-Jul-2020;5
SK041;16-Jul-2020;5
SK041;17-Jul-2020;3
SK041;20-Jul-2020;1
SK041;21-Jul-2020;2
SK041;22-Jul-2020;1
SK041;23-Jul-2020;5
SK041;24-Jul-2020;1
SK041;25-Jul-2020;21
SK041;26-Jul-2020;1
SK041;27-Jul-2020;1
SK041;29-Jul-2020;5
SK041;30-Jul-2020;6
SK041;31-Jul-2020;2
SK041;02-Aug-2020;6
SK041;03-Aug-2020;4
SK041;04-Aug-2020;5
SK041;05-Aug-2020;8
SK041;06-Aug-2020;2
SK041;07-Aug-2020;6
SK041;08-Aug-2020;2
SK041;11-Aug-2020;3
SK041;12-Aug-2020;19
SK041;13-Aug-2020;8
SK041;14-Aug-2020;6
SK041;15-Aug-2020;8
SK041;17-Aug-2020;1
SK041;18-Aug-2020;6
SK041;19-Aug-2020;8
SK041;20-Aug-2020;8
SK041;21-Aug-2020;11
SK041;22-Aug-2020;3
SK041;23-Aug-2020;3
SK041;24-Aug-2020;5
SK041;25-Aug-2020;1
SK041;26-Aug-2020;22
SK041;27-Aug-2020;7
SK041;28-Aug-2020;6
SK041;29-Aug-2020;4
SK041;30-Aug-2020;6
SK041;31-Aug-2020;3
SK041;01-Sep-2020;6
SK041;02-Sep-2020;9
SK041;03-Sep-2020;8
SK041;04-Sep-2020;24
SK041;05-Sep-2020;7
SK041;06-Sep-2020;3
SK041;07-Sep-2020;5
SK041;08-Sep-2020;23
SK041;09-Sep-2020;21
SK041;10-Sep-2020;10
SK041;11-Sep-2020;15
SK041;12-Sep-2020;4
SK041;13-Sep-2020;3
SK041;14-Sep-2020;47
SK041;15-Sep-2020;10
SK041;16-Sep-2020;8
SK041;17-Sep-2020;25
SK041;18-Sep-2020;29
SK041;19-Sep-2020;12
SK041;20-Sep-2020;5
SK041;21-Sep-2020;14
SK041;22-Sep-2020;29
SK041;23-Sep-2020;55
SK041;24-Sep-2020;52
SK041;25-Sep-2020;91
SK041;26-Sep-2020;72
SK041;27-Sep-2020;10
SK041;28-Sep-2020;51
SK041;29-Sep-2020;147
SK041;30-Sep-2020;121
SK041;01-Oct-2020;136
SK041;02-Oct-2020;149
SK041;03-Oct-2020;204
SK041;04-Oct-2020;118
SK041;05-Oct-2020;84
SK041;06-Oct-2020;171
SK041;07-Oct-2020;244
SK041;08-Oct-2020;245
SK041;09-Oct-2020;406
SK041;10-Oct-2020;248
SK041;11-Oct-2020;127
SK041;12-Oct-2020;214
SK041;13-Oct-2020;264
SK041;14-Oct-2020;451
SK041;15-Oct-2020;435
SK041;16-Oct-2020;388
SK041;17-Oct-2020;342
SK041;18-Oct-2020;209
SK041;19-Oct-2020;140
SK041;20-Oct-2020;493
SK041;21-Oct-2020;383
SK041;22-Oct-2020;646
SK041;23-Oct-2020;750
SK041;24-Oct-2020;719
SK041;25-Oct-2020;237
SK041;26-Oct-2020;137
SK041;27-Oct-2020;656
SK041;28-Oct-2020;617
SK041;29-Oct-2020;594
SK041;30-Oct-2020;552
SK041;31-Oct-2020;315
SK041;01-Nov-2020;386
SK041;02-Nov-2020;203
SK041;03-Nov-2020;565
SK041;04-Nov-2020;350
SK041;05-Nov-2020;397
SK041;06-Nov-2020;520
SK041;07-Nov-2020;416
SK041;08-Nov-2020;97
SK041;09-Nov-2020;190
SK041;10-Nov-2020;437
SK041;11-Nov-2020;516
SK041;12-Nov-2020;397
SK041;13-Nov-2020;395
SK041;14-Nov-2020;261
SK041;15-Nov-2020;186
SK041;16-Nov-2020;226
SK041;17-Nov-2020;347
SK041;18-Nov-2020;270
SK041;19-Nov-2020;359
SK041;20-Nov-2020;363
SK041;21-Nov-2020;205
SK041;22-Nov-2020;46
SK041;23-Nov-2020;164
SK041;24-Nov-2020;365
SK041;25-Nov-2020;302
SK041;26-Nov-2020;263
SK041;27-Nov-2020;232
SK041;28-Nov-2020;199
SK041;29-Nov-2020;27
SK041;30-Nov-2020;196
SK041;01-Dec-2020;281
SK041;02-Dec-2020;232
SK041;03-Dec-2020;284
SK041;04-Dec-2020;352
SK041;05-Dec-2020;218
SK041;06-Dec-2020;59
SK041;07-Dec-2020;309
SK041;08-Dec-2020;350
SK041;09-Dec-2020;358
SK041;10-Dec-2020;337
SK041;11-Dec-2020;560
SK041;12-Dec-2020;319
SK041;13-Dec-2020;89
SK041;14-Dec-2020;334
SK041;15-Dec-2020;411
SK041;16-Dec-2020;466
SK041;17-Dec-2020;427
SK041;18-Dec-2020;396
SK041;19-Dec-2020;276
SK041;20-Dec-2020;184
SK041;21-Dec-2020;432
SK041;22-Dec-2020;439
SK041;23-Dec-2020;361
SK041;24-Dec-2020;452
SK041;25-Dec-2020;208
SK041;26-Dec-2020;64
SK041;27-Dec-2020;40
SK041;28-Dec-2020;393
SK041;29-Dec-2020;435
SK041;30-Dec-2020;729
SK041;31-Dec-2020;640
SK041;01-Jan-2121;174
SK041;02-Jan-2121;65
SK041;03-Jan-2121;89
SK041;04-Jan-2121;371
SK041;05-Jan-2121;655
SK041;06-Jan-2121;315
SK041;07-Jan-2121;268
SK041;08-Jan-2121;430
SK041;09-Jan-2121;439
SK041;10-Jan-2121;63
SK041;11-Jan-2121;343
SK041;12-Jan-2121;455
SK041;13-Jan-2121;342
SK041;14-Jan-2121;268
SK041;15-Jan-2121;159
SK041;16-Jan-2121;72
SK041;17-Jan-2121;107
SK041;18-Jan-2121;203
SK041;19-Jan-2121;281
SK041;20-Jan-2121;253
SK041;21-Jan-2121;187
SK041;22-Jan-2121;187
SK041;23-Jan-2121;189
SK041;24-Jan-2121;12
SK041;25-Jan-2121;196
SK041;26-Jan-2121;252
SK041;27-Jan-2121;153
SK041;28-Jan-2121;311
SK041;29-Jan-2121;185
SK041;30-Jan-2121;142
SK041;31-Jan-2121;42
SK041;01-Feb-2121;220
SK041;02-Feb-2121;249
SK041;03-Feb-2121;251
SK041;04-Feb-2121;176
SK041;05-Feb-2121;177
SK041;06-Feb-2121;176
SK041;07-Feb-2121;21
SK041;08-Feb-2121;161
SK041;09-Feb-2121;323
SK041;10-Feb-2121;220
SK041;11-Feb-2121;218
SK041;12-Feb-2121;308
SK041;13-Feb-2121;157
SK041;14-Feb-2121;27
SK041;15-Feb-2121;211
SK041;16-Feb-2121;422
SK041;17-Feb-2121;293
SK041;18-Feb-2121;268
SK041;19-Feb-2121;381
SK041;20-Feb-2121;129
SK041;21-Feb-2121;66
SK041;22-Feb-2121;351
SK041;23-Feb-2121;430
SK041;24-Feb-2121;328
SK041;25-Feb-2121;270
SK041;26-Feb-2121;455
SK041;27-Feb-2121;273
SK041;28-Feb-2121;75
SK041;01-Mar-2121;303
SK041;02-Mar-2121;421
SK041;03-Mar-2121;397
SK041;04-Mar-2121;372
SK041;05-Mar-2121;497
SK041;06-Mar-2121;193
SK041;07-Mar-2121;19
SK041;08-Mar-2121;314
SK041;09-Mar-2121;505
SK041;10-Mar-2121;325
SK041;11-Mar-2121;463
SK041;12-Mar-2121;425
SK041;13-Mar-2121;200
SK041;14-Mar-2121;52
SK041;15-Mar-2121;370
SK041;16-Mar-2121;461
SK041;17-Mar-2121;331
SK041;18-Mar-2121;251
SK041;19-Mar-2121;373
SK041;20-Mar-2121;180
SK041;21-Mar-2121;32
SK041;22-Mar-2121;299
SK041;23-Mar-2121;241
SK041;24-Mar-2121;381
SK041;25-Mar-2121;248
SK041;26-Mar-2121;310
SK041;27-Mar-2121;181
SK041;28-Mar-2121;26
SK041;29-Mar-2121;219
SK041;30-Mar-2121;374
SK041;31-Mar-2121;311
SK041;01-Apr-2121;256
SK041;02-Apr-2121;194
SK041;03-Apr-2121;104
SK041;04-Apr-2121;31
SK041;05-Apr-2121;54
SK041;06-Apr-2121;231
SK041;07-Apr-2121;314
SK041;08-Apr-2121;192
SK041;09-Apr-2121;255
SK041;10-Apr-2121;94
SK041;11-Apr-2121;11
SK041;12-Apr-2121;172
SK041;13-Apr-2121;180
SK041;14-Apr-2121;199
SK041;15-Apr-2121;112
SK041;16-Apr-2121;135
SK041;17-Apr-2121;119
SK041;18-Apr-2121;4
SK041;19-Apr-2121;106
SK041;20-Apr-2121;115
SK041;21-Apr-2121;144
SK041;22-Apr-2121;86
SK041;23-Apr-2121;171
SK041;24-Apr-2121;61
SK041;25-Apr-2121;9
SK041;26-Apr-2121;99
SK041;27-Apr-2121;154
SK041;28-Apr-2121;122
SK041;29-Apr-2121;110
SK041;30-Apr-2121;135
SK041;01-May-2121;70
SK041;02-May-2121;29
SK041;03-May-2121;68
SK041;04-May-2121;203
SK041;05-May-2121;60
SK041;06-May-2121;107
SK041;07-May-2121;81
SK041;08-May-2121;39
SK041;09-May-2121;54
SK041;10-May-2121;79
SK041;11-May-2121;61
SK041;12-May-2121;59
SK041;13-May-2121;54
SK041;14-May-2121;49
SK041;15-May-2121;20
SK041;16-May-2121;20
SK041;17-May-2121;60
SK041;18-May-2121;44
SK041;19-May-2121;60
SK041;20-May-2121;13
SK041;21-May-2121;44
SK041;22-May-2121;11
SK041;23-May-2121;3
SK041;24-May-2121;17
SK041;25-May-2121;38
SK041;26-May-2121;32
SK041;27-May-2121;16
SK041;28-May-2121;30
SK041;29-May-2121;23
SK041;30-May-2121;2
SK041;31-May-2121;27
SK041;01-Jun-2121;15
SK041;02-Jun-2121;47
SK041;03-Jun-2121;14
SK041;04-Jun-2121;26
SK041;05-Jun-2121;17
SK041;07-Jun-2121;11
SK041;08-Jun-2121;31
SK041;09-Jun-2121;16
SK041;10-Jun-2121;11
SK041;11-Jun-2121;21
SK041;12-Jun-2121;3
SK041;13-Jun-2121;1
SK041;14-Jun-2121;5
SK041;15-Jun-2121;2
SK041;16-Jun-2121;6
SK041;17-Jun-2121;9
SK041;18-Jun-2121;9
SK041;19-Jun-2121;1
SK041;21-Jun-2121;13
SK041;22-Jun-2121;5
SK041;23-Jun-2121;4
SK041;24-Jun-2121;10
SK041;25-Jun-2121;7
SK041;26-Jun-2121;4
SK041;28-Jun-2121;5
SK041;29-Jun-2121;1
SK041;30-Jun-2121;3
SK041;01-Jul-2121;2
SK041;02-Jul-2121;4
SK041;03-Jul-2121;2
SK041;05-Jul-2121;2
SK041;06-Jul-2121;5
SK041;07-Jul-2121;7
SK041;08-Jul-2121;5
SK041;10-Jul-2121;4
SK041;12-Jul-2121;1
SK041;13-Jul-2121;1
SK041;14-Jul-2121;1
SK041;15-Jul-2121;5
SK041;17-Jul-2121;6
SK041;18-Jul-2121;1
SK041;19-Jul-2121;2
SK041;20-Jul-2121;4
SK041;21-Jul-2121;5
SK041;22-Jul-2121;13
SK041;23-Jul-2121;8
SK041;24-Jul-2121;8
SK041;26-Jul-2121;12
SK041;27-Jul-2121;5
SK041;28-Jul-2121;6
SK041;29-Jul-2121;6
SK041;30-Jul-2121;2
SK041;31-Jul-2121;20
SK041;02-Aug-2121;5
SK041;03-Aug-2121;8
SK041;04-Aug-2121;6
SK041;05-Aug-2121;9
SK041;06-Aug-2121;9
SK041;07-Aug-2121;5
SK041;08-Aug-2121;2
SK041;09-Aug-2121;13
SK041;10-Aug-2121;10
SK041;11-Aug-2121;15
SK041;12-Aug-2121;9
SK041;13-Aug-2121;24
SK041;14-Aug-2121;14
SK041;16-Aug-2121;11
SK041;17-Aug-2121;29
SK041;18-Aug-2121;6
SK041;19-Aug-2121;22
SK041;20-Aug-2121;15
SK041;21-Aug-2121;29
SK041;23-Aug-2121;16
SK041;24-Aug-2121;10
SK041;25-Aug-2121;18
SK041;26-Aug-2121;13
SK041;27-Aug-2121;32
SK041;28-Aug-2121;5
SK041;29-Aug-2121;3
SK041;30-Aug-2121;23
SK041;31-Aug-2121;47
SK041;01-Sep-2121;14
SK041;02-Sep-2121;39
SK041;03-Sep-2121;39
SK041;04-Sep-2121;27
SK041;05-Sep-2121;5
SK041;06-Sep-2121;61
SK041;07-Sep-2121;82
SK041;08-Sep-2121;73
SK041;09-Sep-2121;29
SK041;10-Sep-2121;105
SK041;11-Sep-2121;65
SK041;12-Sep-2121;4
SK041;13-Sep-2121;105
SK041;14-Sep-2121;133
SK041;15-Sep-2121;68
SK041;16-Sep-2121;146
SK041;17-Sep-2121;157
SK041;18-Sep-2121;169
SK041;19-Sep-2121;7
SK041;20-Sep-2121;180
SK041;21-Sep-2121;219
SK041;22-Sep-2121;177
SK041;23-Sep-2121;109
SK041;24-Sep-2121;297
SK041;25-Sep-2121;134
SK041;26-Sep-2121;8
SK041;27-Sep-2121;257
SK041;28-Sep-2121;312
SK041;29-Sep-2121;381
SK041;30-Sep-2121;265
SK041;01-Oct-2121;325
SK041;02-Oct-2121;269
SK041;03-Oct-2121;19
SK041;04-Oct-2121;353
SK041;05-Oct-2121;430
SK041;06-Oct-2121;296
SK041;07-Oct-2121;487
SK041;08-Oct-2121;636
SK041;09-Oct-2121;311
SK041;10-Oct-2121;78
SK041;11-Oct-2121;433
SK041;12-Oct-2121;520
SK041;13-Oct-2121;549
SK041;14-Oct-2121;506
SK041;15-Oct-2121;533
SK041;16-Oct-2121;561
SK041;17-Oct-2121;181
SK041;18-Oct-2121;454
SK041;19-Oct-2121;830
SK041;20-Oct-2121;833
SK041;21-Oct-2121;901
SK041;22-Oct-2121;792
SK041;23-Oct-2121;1145
SK041;24-Oct-2121;110
SK041;25-Oct-2121;673
SK041;26-Oct-2121;940
SK041;27-Oct-2121;1444
SK041;28-Oct-2121;960
SK041;29-Oct-2121;1360
SK041;30-Oct-2121;1148
SK041;31-Oct-2121;447
SK041;01-Nov-2121;347
SK041;02-Nov-2121;1002
SK041;03-Nov-2121;1326
SK041;04-Nov-2121;1743
SK041;05-Nov-2121;1080
SK041;06-Nov-2121;1389
SK041;07-Nov-2121;421
SK041;08-Nov-2121;1068
SK041;09-Nov-2121;1037
SK041;10-Nov-2121;1278
SK041;11-Nov-2121;1218
SK041;12-Nov-2121;1358
SK041;13-Nov-2121;1255
SK041;14-Nov-2121;603
SK041;15-Nov-2121;897
SK041;16-Nov-2121;1346
SK041;17-Nov-2121;1648
SK041;18-Nov-2121;823
SK041;19-Nov-2121;1628
SK041;20-Nov-2121;1372
SK041;21-Nov-2121;950
SK041;22-Nov-2121;905
SK041;23-Nov-2121;1099
SK041;24-Nov-2121;1209
SK041;25-Nov-2121;1285
SK041;26-Nov-2121;1311
SK041;27-Nov-2121;884
SK041;28-Nov-2121;919
SK041;29-Nov-2121;583
SK041;30-Nov-2121;1123
SK041;01-Dec-2121;826
SK041;02-Dec-2121;2255
SK041;03-Dec-2121;1040
SK041;04-Dec-2121;1025
SK041;05-Dec-2121;145
SK041;06-Dec-2121;784
SK041;07-Dec-2121;1217
SK041;08-Dec-2121;944
SK041;09-Dec-2121;669
SK041;10-Dec-2121;649
SK041;11-Dec-2121;483
SK041;12-Dec-2121;160
SK041;13-Dec-2121;588
SK041;14-Dec-2121;662
SK041;15-Dec-2121;473
SK041;16-Dec-2121;401
SK041;17-Dec-2121;429
SK041;18-Dec-2121;313
SK041;19-Dec-2121;110
SK041;20-Dec-2121;371
SK041;21-Dec-2121;520
SK041;22-Dec-2121;234
SK041;23-Dec-2121;623
SK041;24-Dec-2121;27
SK041;25-Dec-2121;12
SK041;26-Dec-2121;112
SK041;27-Dec-2121;593
SK041;28-Dec-2121;365
SK041;29-Dec-2121;298
SK041;30-Dec-2121;230
SK041;31-Dec-2121;220
SK041;01-Jan-2222;55
SK041;02-Jan-2222;158
SK041;03-Jan-2222;390
SK041;04-Jan-2222;428
SK041;05-Jan-2222;373
SK041;06-Jan-2222;104
SK042;09-Mar-2020;1
SK042;13-Mar-2020;2
SK042;16-Mar-2020;4
SK042;18-Mar-2020;1
SK042;20-Mar-2020;1
SK042;21-Mar-2020;2
SK042;25-Mar-2020;0
SK042;26-Mar-2020;3
SK042;27-Mar-2020;1
SK042;28-Mar-2020;2
SK042;30-Mar-2020;5
SK042;31-Mar-2020;1
SK042;01-Apr-2020;3
SK042;02-Apr-2020;3
SK042;03-Apr-2020;4
SK042;04-Apr-2020;5
SK042;05-Apr-2020;4
SK042;06-Apr-2020;6
SK042;07-Apr-2020;34
SK042;08-Apr-2020;5
SK042;09-Apr-2020;4
SK042;10-Apr-2020;1
SK042;11-Apr-2020;2
SK042;12-Apr-2020;4
SK042;13-Apr-2020;5
SK042;14-Apr-2020;4
SK042;15-Apr-2020;50
SK042;16-Apr-2020;29
SK042;17-Apr-2020;6
SK042;18-Apr-2020;3
SK042;19-Apr-2020;1
SK042;21-Apr-2020;4
SK042;22-Apr-2020;21
SK042;23-Apr-2020;4
SK042;24-Apr-2020;3
SK042;27-Apr-2020;1
SK042;28-Apr-2020;1
SK042;29-Apr-2020;1
SK042;30-Apr-2020;1
SK042;02-May-2020;1
SK042;06-May-2020;1
SK042;13-May-2020;6
SK042;14-May-2020;1
SK042;15-May-2020;10
SK042;16-May-2020;1
SK042;17-May-2020;1
SK042;20-May-2020;3
SK042;25-May-2020;1
SK042;26-May-2020;1
SK042;29-May-2020;1
SK042;02-Jun-2020;1
SK042;07-Jun-2020;2
SK042;10-Jun-2020;6
SK042;16-Jun-2020;2
SK042;18-Jun-2020;1
SK042;23-Jun-2020;3
SK042;24-Jun-2020;3
SK042;25-Jun-2020;3
SK042;01-Jul-2020;1
SK042;03-Jul-2020;1
SK042;08-Jul-2020;12
SK042;09-Jul-2020;6
SK042;10-Jul-2020;1
SK042;13-Jul-2020;1
SK042;14-Jul-2020;1
SK042;15-Jul-2020;2
SK042;16-Jul-2020;3
SK042;17-Jul-2020;1
SK042;18-Jul-2020;1
SK042;22-Jul-2020;1
SK042;23-Jul-2020;1
SK042;24-Jul-2020;2
SK042;25-Jul-2020;2
SK042;27-Jul-2020;4
SK042;28-Jul-2020;9
SK042;29-Jul-2020;1
SK042;30-Jul-2020;2
SK042;03-Aug-2020;1
SK042;04-Aug-2020;1
SK042;05-Aug-2020;4
SK042;06-Aug-2020;3
SK042;07-Aug-2020;7
SK042;08-Aug-2020;5
SK042;10-Aug-2020;1
SK042;11-Aug-2020;5
SK042;12-Aug-2020;12
SK042;13-Aug-2020;3
SK042;14-Aug-2020;1
SK042;15-Aug-2020;3
SK042;16-Aug-2020;2
SK042;17-Aug-2020;2
SK042;18-Aug-2020;7
SK042;19-Aug-2020;3
SK042;20-Aug-2020;10
SK042;21-Aug-2020;10
SK042;22-Aug-2020;13
SK042;23-Aug-2020;8
SK042;24-Aug-2020;6
SK042;25-Aug-2020;23
SK042;26-Aug-2020;8
SK042;27-Aug-2020;5
SK042;28-Aug-2020;19
SK042;29-Aug-2020;1
SK042;30-Aug-2020;21
SK042;31-Aug-2020;9
SK042;01-Sep-2020;21
SK042;02-Sep-2020;13
SK042;03-Sep-2020;22
SK042;04-Sep-2020;14
SK042;05-Sep-2020;10
SK042;06-Sep-2020;2
SK042;07-Sep-2020;4
SK042;08-Sep-2020;10
SK042;09-Sep-2020;37
SK042;10-Sep-2020;11
SK042;11-Sep-2020;20
SK042;12-Sep-2020;16
SK042;13-Sep-2020;3
SK042;14-Sep-2020;6
SK042;15-Sep-2020;10
SK042;16-Sep-2020;12
SK042;17-Sep-2020;22
SK042;18-Sep-2020;20
SK042;19-Sep-2020;13
SK042;20-Sep-2020;3
SK042;21-Sep-2020;5
SK042;22-Sep-2020;39
SK042;23-Sep-2020;23
SK042;24-Sep-2020;35
SK042;25-Sep-2020;72
SK042;26-Sep-2020;53
SK042;27-Sep-2020;21
SK042;28-Sep-2020;19
SK042;29-Sep-2020;75
SK042;30-Sep-2020;95
SK042;01-Oct-2020;69
SK042;02-Oct-2020;57
SK042;03-Oct-2020;105
SK042;04-Oct-2020;45
SK042;05-Oct-2020;44
SK042;06-Oct-2020;81
SK042;07-Oct-2020;158
SK042;08-Oct-2020;102
SK042;09-Oct-2020;188
SK042;10-Oct-2020;70
SK042;11-Oct-2020;121
SK042;12-Oct-2020;74
SK042;13-Oct-2020;179
SK042;14-Oct-2020;211
SK042;15-Oct-2020;177
SK042;16-Oct-2020;206
SK042;17-Oct-2020;142
SK042;18-Oct-2020;158
SK042;19-Oct-2020;64
SK042;20-Oct-2020;181
SK042;21-Oct-2020;129
SK042;22-Oct-2020;349
SK042;23-Oct-2020;315
SK042;24-Oct-2020;313
SK042;25-Oct-2020;154
SK042;26-Oct-2020;56
SK042;27-Oct-2020;386
SK042;28-Oct-2020;224
SK042;29-Oct-2020;333
SK042;30-Oct-2020;379
SK042;31-Oct-2020;82
SK042;01-Nov-2020;346
SK042;02-Nov-2020;111
SK042;03-Nov-2020;358
SK042;04-Nov-2020;101
SK042;05-Nov-2020;342
SK042;06-Nov-2020;195
SK042;07-Nov-2020;192
SK042;08-Nov-2020;78
SK042;09-Nov-2020;129
SK042;10-Nov-2020;190
SK042;11-Nov-2020;301
SK042;12-Nov-2020;192
SK042;13-Nov-2020;207
SK042;14-Nov-2020;234
SK042;15-Nov-2020;15
SK042;16-Nov-2020;114
SK042;17-Nov-2020;152
SK042;18-Nov-2020;122
SK042;19-Nov-2020;206
SK042;20-Nov-2020;176
SK042;21-Nov-2020;87
SK042;22-Nov-2020;57
SK042;23-Nov-2020;51
SK042;24-Nov-2020;196
SK042;25-Nov-2020;237
SK042;26-Nov-2020;239
SK042;27-Nov-2020;149
SK042;28-Nov-2020;69
SK042;29-Nov-2020;31
SK042;30-Nov-2020;171
SK042;01-Dec-2020;178
SK042;02-Dec-2020;194
SK042;03-Dec-2020;211
SK042;04-Dec-2020;224
SK042;05-Dec-2020;90
SK042;06-Dec-2020;121
SK042;07-Dec-2020;270
SK042;08-Dec-2020;226
SK042;09-Dec-2020;279
SK042;10-Dec-2020;283
SK042;11-Dec-2020;355
SK042;12-Dec-2020;369
SK042;13-Dec-2020;47
SK042;14-Dec-2020;256
SK042;15-Dec-2020;319
SK042;16-Dec-2020;455
SK042;17-Dec-2020;463
SK042;18-Dec-2020;310
SK042;19-Dec-2020;207
SK042;20-Dec-2020;215
SK042;21-Dec-2020;405
SK042;22-Dec-2020;438
SK042;23-Dec-2020;304
SK042;24-Dec-2020;564
SK042;25-Dec-2020;237
SK042;26-Dec-2020;163
SK042;27-Dec-2020;159
SK042;28-Dec-2020;356
SK042;29-Dec-2020;419
SK042;30-Dec-2020;590
SK042;31-Dec-2020;625
SK042;01-Jan-2121;398
SK042;02-Jan-2121;88
SK042;03-Jan-2121;118
SK042;04-Jan-2121;407
SK042;05-Jan-2121;584
SK042;06-Jan-2121;442
SK042;07-Jan-2121;251
SK042;08-Jan-2121;551
SK042;09-Jan-2121;469
SK042;10-Jan-2121;193
SK042;11-Jan-2121;309
SK042;12-Jan-2121;482
SK042;13-Jan-2121;421
SK042;14-Jan-2121;358
SK042;15-Jan-2121;308
SK042;16-Jan-2121;153
SK042;17-Jan-2121;155
SK042;18-Jan-2121;333
SK042;19-Jan-2121;248
SK042;20-Jan-2121;374
SK042;21-Jan-2121;274
SK042;22-Jan-2121;316
SK042;23-Jan-2121;232
SK042;24-Jan-2121;150
SK042;25-Jan-2121;226
SK042;26-Jan-2121;530
SK042;27-Jan-2121;265
SK042;28-Jan-2121;540
SK042;29-Jan-2121;311
SK042;30-Jan-2121;320
SK042;31-Jan-2121;142
SK042;01-Feb-2121;415
SK042;02-Feb-2121;473
SK042;03-Feb-2121;296
SK042;04-Feb-2121;391
SK042;05-Feb-2121;384
SK042;06-Feb-2121;318
SK042;07-Feb-2121;208
SK042;08-Feb-2121;237
SK042;09-Feb-2121;545
SK042;10-Feb-2121;360
SK042;11-Feb-2121;435
SK042;12-Feb-2121;448
SK042;13-Feb-2121;206
SK042;14-Feb-2121;241
SK042;15-Feb-2121;216
SK042;16-Feb-2121;600
SK042;17-Feb-2121;322
SK042;18-Feb-2121;397
SK042;19-Feb-2121;507
SK042;20-Feb-2121;283
SK042;21-Feb-2121;170
SK042;22-Feb-2121;362
SK042;23-Feb-2121;642
SK042;24-Feb-2121;263
SK042;25-Feb-2121;331
SK042;26-Feb-2121;440
SK042;27-Feb-2121;301
SK042;28-Feb-2121;265
SK042;01-Mar-2121;389
SK042;02-Mar-2121;464
SK042;03-Mar-2121;390
SK042;04-Mar-2121;417
SK042;05-Mar-2121;439
SK042;06-Mar-2121;177
SK042;07-Mar-2121;45
SK042;08-Mar-2121;559
SK042;09-Mar-2121;676
SK042;10-Mar-2121;121
SK042;11-Mar-2121;396
SK042;12-Mar-2121;366
SK042;13-Mar-2121;146
SK042;14-Mar-2121;145
SK042;15-Mar-2121;173
SK042;16-Mar-2121;386
SK042;17-Mar-2121;177
SK042;18-Mar-2121;274
SK042;19-Mar-2121;205
SK042;20-Mar-2121;126
SK042;21-Mar-2121;109
SK042;22-Mar-2121;169
SK042;23-Mar-2121;202
SK042;24-Mar-2121;165
SK042;25-Mar-2121;133
SK042;26-Mar-2121;233
SK042;27-Mar-2121;222
SK042;28-Mar-2121;39
SK042;29-Mar-2121;78
SK042;30-Mar-2121;229
SK042;31-Mar-2121;160
SK042;01-Apr-2121;165
SK042;02-Apr-2121;128
SK042;03-Apr-2121;138
SK042;04-Apr-2121;33
SK042;05-Apr-2121;19
SK042;06-Apr-2121;121
SK042;07-Apr-2121;232
SK042;08-Apr-2121;81
SK042;09-Apr-2121;168
SK042;10-Apr-2121;138
SK042;11-Apr-2121;29
SK042;12-Apr-2121;129
SK042;13-Apr-2121;81
SK042;14-Apr-2121;119
SK042;15-Apr-2121;104
SK042;16-Apr-2121;83
SK042;17-Apr-2121;187
SK042;18-Apr-2121;10
SK042;19-Apr-2121;93
SK042;20-Apr-2121;81
SK042;21-Apr-2121;114
SK042;22-Apr-2121;56
SK042;23-Apr-2121;110
SK042;24-Apr-2121;68
SK042;25-Apr-2121;23
SK042;26-Apr-2121;39
SK042;27-Apr-2121;108
SK042;28-Apr-2121;99
SK042;29-Apr-2121;76
SK042;30-Apr-2121;59
SK042;01-May-2121;54
SK042;02-May-2121;45
SK042;03-May-2121;37
SK042;04-May-2121;143
SK042;05-May-2121;23
SK042;06-May-2121;55
SK042;07-May-2121;51
SK042;08-May-2121;18
SK042;09-May-2121;84
SK042;10-May-2121;25
SK042;11-May-2121;68
SK042;12-May-2121;85
SK042;13-May-2121;39
SK042;14-May-2121;32
SK042;15-May-2121;22
SK042;16-May-2121;37
SK042;17-May-2121;20
SK042;18-May-2121;34
SK042;19-May-2121;30
SK042;20-May-2121;20
SK042;21-May-2121;24
SK042;22-May-2121;27
SK042;23-May-2121;4
SK042;24-May-2121;10
SK042;25-May-2121;33
SK042;26-May-2121;35
SK042;27-May-2121;19
SK042;28-May-2121;17
SK042;29-May-2121;25
SK042;30-May-2121;3
SK042;31-May-2121;13
SK042;01-Jun-2121;13
SK042;02-Jun-2121;15
SK042;03-Jun-2121;23
SK042;04-Jun-2121;26
SK042;05-Jun-2121;21
SK042;06-Jun-2121;1
SK042;07-Jun-2121;11
SK042;08-Jun-2121;33
SK042;09-Jun-2121;37
SK042;10-Jun-2121;11
SK042;11-Jun-2121;15
SK042;12-Jun-2121;7
SK042;13-Jun-2121;7
SK042;14-Jun-2121;10
SK042;15-Jun-2121;12
SK042;16-Jun-2121;11
SK042;17-Jun-2121;6
SK042;18-Jun-2121;4
SK042;19-Jun-2121;7
SK042;21-Jun-2121;5
SK042;22-Jun-2121;1
SK042;23-Jun-2121;8
SK042;24-Jun-2121;1
SK042;25-Jun-2121;5
SK042;26-Jun-2121;4
SK042;27-Jun-2121;8
SK042;28-Jun-2121;5
SK042;29-Jun-2121;6
SK042;30-Jun-2121;5
SK042;02-Jul-2121;2
SK042;03-Jul-2121;2
SK042;05-Jul-2121;1
SK042;06-Jul-2121;4
SK042;07-Jul-2121;6
SK042;08-Jul-2121;13
SK042;10-Jul-2121;9
SK042;11-Jul-2121;1
SK042;12-Jul-2121;3
SK042;13-Jul-2121;4
SK042;14-Jul-2121;2
SK042;15-Jul-2121;4
SK042;17-Jul-2121;3
SK042;19-Jul-2121;2
SK042;20-Jul-2121;6
SK042;21-Jul-2121;4
SK042;22-Jul-2121;1
SK042;23-Jul-2121;9
SK042;24-Jul-2121;18
SK042;26-Jul-2121;3
SK042;27-Jul-2121;17
SK042;28-Jul-2121;15
SK042;29-Jul-2121;7
SK042;30-Jul-2121;12
SK042;31-Jul-2121;17
SK042;01-Aug-2121;1
SK042;02-Aug-2121;6
SK042;03-Aug-2121;33
SK042;04-Aug-2121;8
SK042;05-Aug-2121;26
SK042;06-Aug-2121;9
SK042;07-Aug-2121;3
SK042;08-Aug-2121;8
SK042;09-Aug-2121;12
SK042;10-Aug-2121;10
SK042;11-Aug-2121;6
SK042;12-Aug-2121;10
SK042;13-Aug-2121;14
SK042;14-Aug-2121;15
SK042;15-Aug-2121;1
SK042;16-Aug-2121;3
SK042;17-Aug-2121;24
SK042;18-Aug-2121;30
SK042;19-Aug-2121;14
SK042;20-Aug-2121;13
SK042;21-Aug-2121;35
SK042;22-Aug-2121;4
SK042;23-Aug-2121;33
SK042;24-Aug-2121;14
SK042;25-Aug-2121;33
SK042;26-Aug-2121;19
SK042;27-Aug-2121;22
SK042;28-Aug-2121;14
SK042;29-Aug-2121;16
SK042;30-Aug-2121;8
SK042;31-Aug-2121;30
SK042;01-Sep-2121;95
SK042;02-Sep-2121;56
SK042;03-Sep-2121;47
SK042;04-Sep-2121;37
SK042;05-Sep-2121;52
SK042;06-Sep-2121;41
SK042;07-Sep-2121;79
SK042;08-Sep-2121;86
SK042;09-Sep-2121;115
SK042;10-Sep-2121;125
SK042;11-Sep-2121;105
SK042;12-Sep-2121;14
SK042;13-Sep-2121;96
SK042;14-Sep-2121;142
SK042;15-Sep-2121;52
SK042;16-Sep-2121;228
SK042;17-Sep-2121;121
SK042;18-Sep-2121;187
SK042;19-Sep-2121;15
SK042;20-Sep-2121;158
SK042;21-Sep-2121;234
SK042;22-Sep-2121;151
SK042;23-Sep-2121;142
SK042;24-Sep-2121;183
SK042;25-Sep-2121;162
SK042;26-Sep-2121;13
SK042;27-Sep-2121;117
SK042;28-Sep-2121;303
SK042;29-Sep-2121;183
SK042;30-Sep-2121;244
SK042;01-Oct-2121;181
SK042;02-Oct-2121;124
SK042;03-Oct-2121;133
SK042;04-Oct-2121;122
SK042;05-Oct-2121;345
SK042;06-Oct-2121;178
SK042;07-Oct-2121;277
SK042;08-Oct-2121;274
SK042;09-Oct-2121;111
SK042;10-Oct-2121;104
SK042;11-Oct-2121;119
SK042;12-Oct-2121;391
SK042;13-Oct-2121;168
SK042;14-Oct-2121;327
SK042;15-Oct-2121;312
SK042;16-Oct-2121;312
SK042;17-Oct-2121;70
SK042;18-Oct-2121;180
SK042;19-Oct-2121;579
SK042;20-Oct-2121;398
SK042;21-Oct-2121;669
SK042;22-Oct-2121;474
SK042;23-Oct-2121;397
SK042;24-Oct-2121;170
SK042;25-Oct-2121;268
SK042;26-Oct-2121;618
SK042;27-Oct-2121;723
SK042;28-Oct-2121;823
SK042;29-Oct-2121;750
SK042;30-Oct-2121;641
SK042;31-Oct-2121;385
SK042;01-Nov-2121;181
SK042;02-Nov-2121;915
SK042;03-Nov-2121;1051
SK042;04-Nov-2121;1000
SK042;05-Nov-2121;1028
SK042;06-Nov-2121;996
SK042;07-Nov-2121;691
SK042;08-Nov-2121;701
SK042;09-Nov-2121;973
SK042;10-Nov-2121;933
SK042;11-Nov-2121;1035
SK042;12-Nov-2121;1132
SK042;13-Nov-2121;869
SK042;14-Nov-2121;715
SK042;15-Nov-2121;902
SK042;16-Nov-2121;1484
SK042;17-Nov-2121;1319
SK042;18-Nov-2121;1061
SK042;19-Nov-2121;1083
SK042;20-Nov-2121;1083
SK042;21-Nov-2121;985
SK042;22-Nov-2121;861
SK042;23-Nov-2121;1178
SK042;24-Nov-2121;1194
SK042;25-Nov-2121;1373
SK042;26-Nov-2121;1395
SK042;27-Nov-2121;1103
SK042;28-Nov-2121;972
SK042;29-Nov-2121;993
SK042;30-Nov-2121;1125
SK042;01-Dec-2121;1016
SK042;02-Dec-2121;2209
SK042;03-Dec-2121;1338
SK042;04-Dec-2121;1007
SK042;05-Dec-2121;404
SK042;06-Dec-2121;904
SK042;07-Dec-2121;1212
SK042;08-Dec-2121;1095
SK042;09-Dec-2121;755
SK042;10-Dec-2121;936
SK042;11-Dec-2121;519
SK042;12-Dec-2121;243
SK042;13-Dec-2121;679
SK042;14-Dec-2121;957
SK042;15-Dec-2121;508
SK042;16-Dec-2121;476
SK042;17-Dec-2121;428
SK042;18-Dec-2121;414
SK042;19-Dec-2121;137
SK042;20-Dec-2121;464
SK042;21-Dec-2121;544
SK042;22-Dec-2121;224
SK042;23-Dec-2121;644
SK042;24-Dec-2121;95
SK042;25-Dec-2121;30
SK042;26-Dec-2121;109
SK042;27-Dec-2121;495
SK042;28-Dec-2121;509
SK042;29-Dec-2121;378
SK042;30-Dec-2121;401
SK042;31-Dec-2121;122
SK042;01-Jan-2222;28
SK042;02-Jan-2222;284
SK042;03-Jan-2222;439
SK042;04-Jan-2222;450
SK042;05-Jan-2222;354
SK042;06-Jan-2222;118
