"Kommune";"Kommunenavn";"Aldersgruppe";"Bekræftede tilfælde i alt";"Dagsdato"
;;;52;2022-06-24
;;0-9;355;2022-06-24
019;;0-9;215;2022-06-24
101;København;0-9;36077;2022-06-24
147;Frederiksberg;0-9;5603;2022-06-24
151;Ballerup;0-9;3460;2022-06-24
153;Brøndby;0-9;2592;2022-06-24
155;Dragør;0-9;1146;2022-06-24
157;Gentofte;0-9;4584;2022-06-24
159;Gladsaxe;0-9;5013;2022-06-24
161;Glostrup;0-9;1643;2022-06-24
163;Herlev;0-9;2268;2022-06-24
165;Albertslund;0-9;1923;2022-06-24
167;Hvidovre;0-9;4342;2022-06-24
169;Høje Tåstrup;0-9;3715;2022-06-24
173;Lyngby-Taarbæk;0-9;3582;2022-06-24
175;Rødovre;0-9;3188;2022-06-24
183;Ishøj;0-9;1789;2022-06-24
185;Tårnby;0-9;3199;2022-06-24
187;Vallensbæk;0-9;1327;2022-06-24
190;Furesø;0-9;3019;2022-06-24
201;Allerød;0-9;1951;2022-06-24
210;Fredensborg;0-9;2632;2022-06-24
217;Helsingør;0-9;3435;2022-06-24
219;Hillerød;0-9;3575;2022-06-24
223;Hørsholm;0-9;1412;2022-06-24
230;Rudersdal;0-9;3693;2022-06-24
240;Egedal;0-9;3314;2022-06-24
250;Frederikssund;0-9;2452;2022-06-24
253;Greve;0-9;3594;2022-06-24
259;Køge;0-9;3487;2022-06-24
260;Halsnæs;0-9;1538;2022-06-24
265;Roskilde;0-9;5237;2022-06-24
269;Solrød;0-9;1789;2022-06-24
270;Gribskov;0-9;1864;2022-06-24
306;Odsherred;0-9;1008;2022-06-24
316;Holbæk;0-9;3516;2022-06-24
320;Faxe;0-9;1771;2022-06-24
326;Kalundborg;0-9;2344;2022-06-24
329;Ringsted;0-9;1969;2022-06-24
330;Slagelse;0-9;4409;2022-06-24
336;Stevns;0-9;1106;2022-06-24
340;Sorø;0-9;1402;2022-06-24
350;Lejre;0-9;1637;2022-06-24
360;Lolland;0-9;1646;2022-06-24
370;Næstved;0-9;4093;2022-06-24
376;Guldborgsund;0-9;2771;2022-06-24
390;Vordingborg;0-9;1749;2022-06-24
400;Bornholm;0-9;1737;2022-06-24
410;Middelfart;0-9;2090;2022-06-24
420;Assens;0-9;2176;2022-06-24
430;Faaborg-Midtfyn;0-9;2785;2022-06-24
440;Kerteminde;0-9;1299;2022-06-24
450;Nyborg;0-9;1685;2022-06-24
461;Odense;0-9;12611;2022-06-24
479;Svendborg;0-9;3125;2022-06-24
480;Nordfyn;0-9;1669;2022-06-24
482;Langeland;0-9;423;2022-06-24
492;Ærø;0-9;185;2022-06-24
510;Haderslev;0-9;2903;2022-06-24
530;Billund;0-9;1584;2022-06-24
540;Sønderborg;0-9;4104;2022-06-24
550;Tønder;0-9;2055;2022-06-24
561;Esbjerg;0-9;7315;2022-06-24
563;Fanø;0-9;140;2022-06-24
573;Varde;0-9;2959;2022-06-24
575;Vejen;0-9;2542;2022-06-24
580;Aabenraa;0-9;3589;2022-06-24
607;Fredericia;0-9;2982;2022-06-24
615;Horsens;0-9;5878;2022-06-24
621;Kolding;0-9;5938;2022-06-24
630;Vejle;0-9;7711;2022-06-24
657;Herning;0-9;5515;2022-06-24
661;Holstebro;0-9;3751;2022-06-24
665;Lemvig;0-9;937;2022-06-24
671;Struer;0-9;969;2022-06-24
706;Syddjurs;0-9;2123;2022-06-24
707;Norddjurs;0-9;1611;2022-06-24
710;Favrskov;0-9;3178;2022-06-24
727;Odder;0-9;1237;2022-06-24
730;Randers;0-9;5410;2022-06-24
740;Silkeborg;0-9;6091;2022-06-24
741;Samsø;0-9;85;2022-06-24
746;Skanderborg;0-9;4842;2022-06-24
751;Århus;0-9;19842;2022-06-24
756;Ikast-Brande;0-9;2530;2022-06-24
760;Ringkøbing-Skjern;0-9;2985;2022-06-24
766;Hedensted;0-9;2759;2022-06-24
773;Morsø;0-9;1024;2022-06-24
779;Skive;0-9;2410;2022-06-24
787;Thisted;0-9;2250;2022-06-24
791;Viborg;0-9;5797;2022-06-24
810;Brønderslev;0-9;2310;2022-06-24
813;Frederikshavn;0-9;2969;2022-06-24
820;Vesthimmerland;0-9;2086;2022-06-24
825;Læsø;0-9;40;2022-06-24
840;Rebild;0-9;2250;2022-06-24
846;Mariagerfjord;0-9;2248;2022-06-24
849;Jammerbugt;0-9;2232;2022-06-24
851;Aalborg;0-9;12162;2022-06-24
860;Hjørring;0-9;3886;2022-06-24
;;10-19;622;2022-06-24
011;;10-19;19;2022-06-24
019;;10-19;227;2022-06-24
101;København;10-19;42775;2022-06-24
147;Frederiksberg;10-19;7106;2022-06-24
151;Ballerup;10-19;4846;2022-06-24
153;Brøndby;10-19;3472;2022-06-24
155;Dragør;10-19;1454;2022-06-24
157;Gentofte;10-19;8269;2022-06-24
159;Gladsaxe;10-19;6889;2022-06-24
161;Glostrup;10-19;2015;2022-06-24
163;Herlev;10-19;3040;2022-06-24
165;Albertslund;10-19;2953;2022-06-24
167;Hvidovre;10-19;5567;2022-06-24
169;Høje Tåstrup;10-19;5251;2022-06-24
173;Lyngby-Taarbæk;10-19;5602;2022-06-24
175;Rødovre;10-19;4077;2022-06-24
183;Ishøj;10-19;2516;2022-06-24
185;Tårnby;10-19;4345;2022-06-24
187;Vallensbæk;10-19;1784;2022-06-24
190;Furesø;10-19;4398;2022-06-24
201;Allerød;10-19;2789;2022-06-24
210;Fredensborg;10-19;4068;2022-06-24
217;Helsingør;10-19;5937;2022-06-24
219;Hillerød;10-19;5400;2022-06-24
223;Hørsholm;10-19;2583;2022-06-24
230;Rudersdal;10-19;6093;2022-06-24
240;Egedal;10-19;4770;2022-06-24
250;Frederikssund;10-19;4215;2022-06-24
253;Greve;10-19;5251;2022-06-24
259;Køge;10-19;5964;2022-06-24
260;Halsnæs;10-19;2584;2022-06-24
265;Roskilde;10-19;8721;2022-06-24
269;Solrød;10-19;2665;2022-06-24
270;Gribskov;10-19;3584;2022-06-24
306;Odsherred;10-19;2096;2022-06-24
316;Holbæk;10-19;6313;2022-06-24
320;Faxe;10-19;3278;2022-06-24
326;Kalundborg;10-19;3966;2022-06-24
329;Ringsted;10-19;3043;2022-06-24
330;Slagelse;10-19;6653;2022-06-24
336;Stevns;10-19;1976;2022-06-24
340;Sorø;10-19;2560;2022-06-24
350;Lejre;10-19;2689;2022-06-24
360;Lolland;10-19;2955;2022-06-24
370;Næstved;10-19;7440;2022-06-24
376;Guldborgsund;10-19;4536;2022-06-24
390;Vordingborg;10-19;3455;2022-06-24
400;Bornholm;10-19;3078;2022-06-24
410;Middelfart;10-19;3578;2022-06-24
420;Assens;10-19;3582;2022-06-24
430;Faaborg-Midtfyn;10-19;4550;2022-06-24
440;Kerteminde;10-19;2073;2022-06-24
450;Nyborg;10-19;2896;2022-06-24
461;Odense;10-19;16823;2022-06-24
479;Svendborg;10-19;5332;2022-06-24
480;Nordfyn;10-19;2613;2022-06-24
482;Langeland;10-19;766;2022-06-24
492;Ærø;10-19;422;2022-06-24
510;Haderslev;10-19;5041;2022-06-24
530;Billund;10-19;2569;2022-06-24
540;Sønderborg;10-19;6564;2022-06-24
550;Tønder;10-19;3205;2022-06-24
561;Esbjerg;10-19;9968;2022-06-24
563;Fanø;10-19;257;2022-06-24
573;Varde;10-19;4402;2022-06-24
575;Vejen;10-19;3972;2022-06-24
580;Aabenraa;10-19;5400;2022-06-24
607;Fredericia;10-19;4497;2022-06-24
615;Horsens;10-19;8746;2022-06-24
621;Kolding;10-19;8722;2022-06-24
630;Vejle;10-19;11617;2022-06-24
657;Herning;10-19;8593;2022-06-24
661;Holstebro;10-19;5886;2022-06-24
665;Lemvig;10-19;1673;2022-06-24
671;Struer;10-19;1968;2022-06-24
706;Syddjurs;10-19;3762;2022-06-24
707;Norddjurs;10-19;2957;2022-06-24
710;Favrskov;10-19;5317;2022-06-24
727;Odder;10-19;2279;2022-06-24
730;Randers;10-19;9008;2022-06-24
740;Silkeborg;10-19;9699;2022-06-24
741;Samsø;10-19;166;2022-06-24
746;Skanderborg;10-19;6954;2022-06-24
751;Århus;10-19;27350;2022-06-24
756;Ikast-Brande;10-19;4134;2022-06-24
760;Ringkøbing-Skjern;10-19;5706;2022-06-24
766;Hedensted;10-19;4715;2022-06-24
773;Morsø;10-19;1895;2022-06-24
779;Skive;10-19;4192;2022-06-24
787;Thisted;10-19;4082;2022-06-24
791;Viborg;10-19;9896;2022-06-24
810;Brønderslev;10-19;3710;2022-06-24
813;Frederikshavn;10-19;5081;2022-06-24
820;Vesthimmerland;10-19;3371;2022-06-24
825;Læsø;10-19;91;2022-06-24
840;Rebild;10-19;3160;2022-06-24
846;Mariagerfjord;10-19;4051;2022-06-24
849;Jammerbugt;10-19;3696;2022-06-24
851;Aalborg;10-19;18307;2022-06-24
860;Hjørring;10-19;5952;2022-06-24
;;20-29;2800;2022-06-24
011;;20-29;460;2022-06-24
012;;20-29;12;2022-06-24
019;;20-29;93;2022-06-24
101;København;20-29;104868;2022-06-24
147;Frederiksberg;20-29;13496;2022-06-24
151;Ballerup;20-29;3580;2022-06-24
153;Brøndby;20-29;3111;2022-06-24
155;Dragør;20-29;454;2022-06-24
157;Gentofte;20-29;3715;2022-06-24
159;Gladsaxe;20-29;5442;2022-06-24
161;Glostrup;20-29;2057;2022-06-24
163;Herlev;20-29;2142;2022-06-24
165;Albertslund;20-29;2554;2022-06-24
167;Hvidovre;20-29;4299;2022-06-24
169;Høje Tåstrup;20-29;4520;2022-06-24
173;Lyngby-Taarbæk;20-29;4295;2022-06-24
175;Rødovre;20-29;3321;2022-06-24
183;Ishøj;20-29;2284;2022-06-24
185;Tårnby;20-29;2592;2022-06-24
187;Vallensbæk;20-29;1120;2022-06-24
190;Furesø;20-29;1787;2022-06-24
201;Allerød;20-29;933;2022-06-24
210;Fredensborg;20-29;1881;2022-06-24
217;Helsingør;20-29;3416;2022-06-24
219;Hillerød;20-29;3812;2022-06-24
223;Hørsholm;20-29;843;2022-06-24
230;Rudersdal;20-29;2386;2022-06-24
240;Egedal;20-29;2141;2022-06-24
250;Frederikssund;20-29;2341;2022-06-24
253;Greve;20-29;2838;2022-06-24
259;Køge;20-29;3979;2022-06-24
260;Halsnæs;20-29;1561;2022-06-24
265;Roskilde;20-29;6306;2022-06-24
269;Solrød;20-29;1233;2022-06-24
270;Gribskov;20-29;1702;2022-06-24
306;Odsherred;20-29;1330;2022-06-24
316;Holbæk;20-29;4023;2022-06-24
320;Faxe;20-29;1854;2022-06-24
326;Kalundborg;20-29;2427;2022-06-24
329;Ringsted;20-29;2336;2022-06-24
330;Slagelse;20-29;6048;2022-06-24
336;Stevns;20-29;1031;2022-06-24
340;Sorø;20-29;1404;2022-06-24
350;Lejre;20-29;1125;2022-06-24
360;Lolland;20-29;1854;2022-06-24
370;Næstved;20-29;5561;2022-06-24
376;Guldborgsund;20-29;3381;2022-06-24
390;Vordingborg;20-29;1979;2022-06-24
400;Bornholm;20-29;1669;2022-06-24
410;Middelfart;20-29;1812;2022-06-24
420;Assens;20-29;1802;2022-06-24
430;Faaborg-Midtfyn;20-29;2265;2022-06-24
440;Kerteminde;20-29;1113;2022-06-24
450;Nyborg;20-29;1593;2022-06-24
461;Odense;20-29;26032;2022-06-24
479;Svendborg;20-29;3424;2022-06-24
480;Nordfyn;20-29;1365;2022-06-24
482;Langeland;20-29;442;2022-06-24
492;Ærø;20-29;199;2022-06-24
510;Haderslev;20-29;3160;2022-06-24
530;Billund;20-29;1401;2022-06-24
540;Sønderborg;20-29;4034;2022-06-24
550;Tønder;20-29;1814;2022-06-24
561;Esbjerg;20-29;8711;2022-06-24
563;Fanø;20-29;72;2022-06-24
573;Varde;20-29;2579;2022-06-24
575;Vejen;20-29;2312;2022-06-24
580;Aabenraa;20-29;3143;2022-06-24
607;Fredericia;20-29;3102;2022-06-24
615;Horsens;20-29;7170;2022-06-24
621;Kolding;20-29;6203;2022-06-24
630;Vejle;20-29;7877;2022-06-24
657;Herning;20-29;6475;2022-06-24
661;Holstebro;20-29;4458;2022-06-24
665;Lemvig;20-29;995;2022-06-24
671;Struer;20-29;1005;2022-06-24
706;Syddjurs;20-29;1670;2022-06-24
707;Norddjurs;20-29;1929;2022-06-24
710;Favrskov;20-29;2162;2022-06-24
727;Odder;20-29;950;2022-06-24
730;Randers;20-29;6898;2022-06-24
740;Silkeborg;20-29;5762;2022-06-24
741;Samsø;20-29;75;2022-06-24
746;Skanderborg;20-29;2663;2022-06-24
751;Århus;20-29;56122;2022-06-24
756;Ikast-Brande;20-29;2311;2022-06-24
760;Ringkøbing-Skjern;20-29;3012;2022-06-24
766;Hedensted;20-29;2386;2022-06-24
773;Morsø;20-29;1090;2022-06-24
779;Skive;20-29;2646;2022-06-24
787;Thisted;20-29;2499;2022-06-24
791;Viborg;20-29;5742;2022-06-24
810;Brønderslev;20-29;1908;2022-06-24
813;Frederikshavn;20-29;3033;2022-06-24
820;Vesthimmerland;20-29;1907;2022-06-24
825;Læsø;20-29;42;2022-06-24
840;Rebild;20-29;1457;2022-06-24
846;Mariagerfjord;20-29;2233;2022-06-24
849;Jammerbugt;20-29;1849;2022-06-24
851;Aalborg;20-29;29200;2022-06-24
860;Hjørring;20-29;3805;2022-06-24
;;30-39;2599;2022-06-24
011;;30-39;990;2022-06-24
012;;30-39;19;2022-06-24
019;;30-39;202;2022-06-24
101;København;30-39;76146;2022-06-24
147;Frederiksberg;30-39;10147;2022-06-24
151;Ballerup;30-39;4278;2022-06-24
153;Brøndby;30-39;3491;2022-06-24
155;Dragør;30-39;985;2022-06-24
157;Gentofte;30-39;4449;2022-06-24
159;Gladsaxe;30-39;6167;2022-06-24
161;Glostrup;30-39;2337;2022-06-24
163;Herlev;30-39;2632;2022-06-24
165;Albertslund;30-39;2354;2022-06-24
167;Hvidovre;30-39;5262;2022-06-24
169;Høje Tåstrup;30-39;5196;2022-06-24
173;Lyngby-Taarbæk;30-39;3767;2022-06-24
175;Rødovre;30-39;4088;2022-06-24
183;Ishøj;30-39;2517;2022-06-24
185;Tårnby;30-39;3855;2022-06-24
187;Vallensbæk;30-39;1700;2022-06-24
190;Furesø;30-39;2995;2022-06-24
201;Allerød;30-39;1972;2022-06-24
210;Fredensborg;30-39;2949;2022-06-24
217;Helsingør;30-39;4042;2022-06-24
219;Hillerød;30-39;4242;2022-06-24
223;Hørsholm;30-39;1340;2022-06-24
230;Rudersdal;30-39;3583;2022-06-24
240;Egedal;30-39;3817;2022-06-24
250;Frederikssund;30-39;2926;2022-06-24
253;Greve;30-39;4303;2022-06-24
259;Køge;30-39;4683;2022-06-24
260;Halsnæs;30-39;1884;2022-06-24
265;Roskilde;30-39;6323;2022-06-24
269;Solrød;30-39;2129;2022-06-24
270;Gribskov;30-39;2258;2022-06-24
306;Odsherred;30-39;1517;2022-06-24
316;Holbæk;30-39;4967;2022-06-24
320;Faxe;30-39;2548;2022-06-24
326;Kalundborg;30-39;2769;2022-06-24
329;Ringsted;30-39;2632;2022-06-24
330;Slagelse;30-39;5620;2022-06-24
336;Stevns;30-39;1465;2022-06-24
340;Sorø;30-39;1929;2022-06-24
350;Lejre;30-39;2056;2022-06-24
360;Lolland;30-39;2176;2022-06-24
370;Næstved;30-39;5681;2022-06-24
376;Guldborgsund;30-39;3820;2022-06-24
390;Vordingborg;30-39;2539;2022-06-24
400;Bornholm;30-39;2284;2022-06-24
410;Middelfart;30-39;2529;2022-06-24
420;Assens;30-39;2500;2022-06-24
430;Faaborg-Midtfyn;30-39;3392;2022-06-24
440;Kerteminde;30-39;1541;2022-06-24
450;Nyborg;30-39;2096;2022-06-24
461;Odense;30-39;16361;2022-06-24
479;Svendborg;30-39;4061;2022-06-24
480;Nordfyn;30-39;1889;2022-06-24
482;Langeland;30-39;599;2022-06-24
492;Ærø;30-39;213;2022-06-24
510;Haderslev;30-39;3633;2022-06-24
530;Billund;30-39;1939;2022-06-24
540;Sønderborg;30-39;4666;2022-06-24
550;Tønder;30-39;2283;2022-06-24
561;Esbjerg;30-39;8745;2022-06-24
563;Fanø;30-39;153;2022-06-24
573;Varde;30-39;3368;2022-06-24
575;Vejen;30-39;2991;2022-06-24
580;Aabenraa;30-39;3949;2022-06-24
607;Fredericia;30-39;3647;2022-06-24
615;Horsens;30-39;7976;2022-06-24
621;Kolding;30-39;6842;2022-06-24
630;Vejle;30-39;9331;2022-06-24
657;Herning;30-39;6897;2022-06-24
661;Holstebro;30-39;4544;2022-06-24
665;Lemvig;30-39;1124;2022-06-24
671;Struer;30-39;1267;2022-06-24
706;Syddjurs;30-39;2781;2022-06-24
707;Norddjurs;30-39;2163;2022-06-24
710;Favrskov;30-39;3836;2022-06-24
727;Odder;30-39;1588;2022-06-24
730;Randers;30-39;7245;2022-06-24
740;Silkeborg;30-39;8068;2022-06-24
741;Samsø;30-39;121;2022-06-24
746;Skanderborg;30-39;5803;2022-06-24
751;Århus;30-39;29714;2022-06-24
756;Ikast-Brande;30-39;3237;2022-06-24
760;Ringkøbing-Skjern;30-39;3672;2022-06-24
766;Hedensted;30-39;3309;2022-06-24
773;Morsø;30-39;1314;2022-06-24
779;Skive;30-39;2894;2022-06-24
787;Thisted;30-39;2946;2022-06-24
791;Viborg;30-39;6908;2022-06-24
810;Brønderslev;30-39;2801;2022-06-24
813;Frederikshavn;30-39;3945;2022-06-24
820;Vesthimmerland;30-39;2489;2022-06-24
825;Læsø;30-39;42;2022-06-24
840;Rebild;30-39;2749;2022-06-24
846;Mariagerfjord;30-39;2888;2022-06-24
849;Jammerbugt;30-39;2623;2022-06-24
851;Aalborg;30-39;17369;2022-06-24
860;Hjørring;30-39;4337;2022-06-24
961;;30-39;1;2022-06-24
;;40-49;2154;2022-06-24
011;;40-49;860;2022-06-24
012;;40-49;19;2022-06-24
019;;40-49;260;2022-06-24
101;København;40-49;51815;2022-06-24
147;Frederiksberg;40-49;8599;2022-06-24
151;Ballerup;40-49;4387;2022-06-24
153;Brøndby;40-49;3073;2022-06-24
155;Dragør;40-49;1490;2022-06-24
157;Gentofte;40-49;6736;2022-06-24
159;Gladsaxe;40-49;6350;2022-06-24
161;Glostrup;40-49;2040;2022-06-24
163;Herlev;40-49;2711;2022-06-24
165;Albertslund;40-49;2557;2022-06-24
167;Hvidovre;40-49;5413;2022-06-24
169;Høje Tåstrup;40-49;4749;2022-06-24
173;Lyngby-Taarbæk;40-49;4904;2022-06-24
175;Rødovre;40-49;3988;2022-06-24
183;Ishøj;40-49;2198;2022-06-24
185;Tårnby;40-49;4504;2022-06-24
187;Vallensbæk;40-49;1711;2022-06-24
190;Furesø;40-49;3854;2022-06-24
201;Allerød;40-49;2369;2022-06-24
210;Fredensborg;40-49;3388;2022-06-24
217;Helsingør;40-49;4853;2022-06-24
219;Hillerød;40-49;4573;2022-06-24
223;Hørsholm;40-49;2043;2022-06-24
230;Rudersdal;40-49;4920;2022-06-24
240;Egedal;40-49;4353;2022-06-24
250;Frederikssund;40-49;3715;2022-06-24
253;Greve;40-49;4786;2022-06-24
259;Køge;40-49;5149;2022-06-24
260;Halsnæs;40-49;2350;2022-06-24
265;Roskilde;40-49;7628;2022-06-24
269;Solrød;40-49;2254;2022-06-24
270;Gribskov;40-49;3044;2022-06-24
306;Odsherred;40-49;1828;2022-06-24
316;Holbæk;40-49;5349;2022-06-24
320;Faxe;40-49;2799;2022-06-24
326;Kalundborg;40-49;3322;2022-06-24
329;Ringsted;40-49;2965;2022-06-24
330;Slagelse;40-49;5722;2022-06-24
336;Stevns;40-49;1691;2022-06-24
340;Sorø;40-49;2237;2022-06-24
350;Lejre;40-49;2542;2022-06-24
360;Lolland;40-49;2544;2022-06-24
370;Næstved;40-49;6346;2022-06-24
376;Guldborgsund;40-49;4113;2022-06-24
390;Vordingborg;40-49;2971;2022-06-24
400;Bornholm;40-49;2675;2022-06-24
410;Middelfart;40-49;3028;2022-06-24
420;Assens;40-49;2942;2022-06-24
430;Faaborg-Midtfyn;40-49;3712;2022-06-24
440;Kerteminde;40-49;1727;2022-06-24
450;Nyborg;40-49;2486;2022-06-24
461;Odense;40-49;14382;2022-06-24
479;Svendborg;40-49;4401;2022-06-24
480;Nordfyn;40-49;2291;2022-06-24
482;Langeland;40-49;674;2022-06-24
492;Ærø;40-49;314;2022-06-24
510;Haderslev;40-49;4007;2022-06-24
530;Billund;40-49;2107;2022-06-24
540;Sønderborg;40-49;5152;2022-06-24
550;Tønder;40-49;2239;2022-06-24
561;Esbjerg;40-49;8243;2022-06-24
563;Fanø;40-49;221;2022-06-24
573;Varde;40-49;3461;2022-06-24
575;Vejen;40-49;3346;2022-06-24
580;Aabenraa;40-49;4262;2022-06-24
607;Fredericia;40-49;3964;2022-06-24
615;Horsens;40-49;7735;2022-06-24
621;Kolding;40-49;7314;2022-06-24
630;Vejle;40-49;9375;2022-06-24
657;Herning;40-49;7139;2022-06-24
661;Holstebro;40-49;4697;2022-06-24
665;Lemvig;40-49;1271;2022-06-24
671;Struer;40-49;1468;2022-06-24
706;Syddjurs;40-49;3144;2022-06-24
707;Norddjurs;40-49;2308;2022-06-24
710;Favrskov;40-49;4459;2022-06-24
727;Odder;40-49;1792;2022-06-24
730;Randers;40-49;7789;2022-06-24
740;Silkeborg;40-49;8089;2022-06-24
741;Samsø;40-49;193;2022-06-24
746;Skanderborg;40-49;5899;2022-06-24
751;Århus;40-49;23048;2022-06-24
756;Ikast-Brande;40-49;3371;2022-06-24
760;Ringkøbing-Skjern;40-49;4080;2022-06-24
766;Hedensted;40-49;3820;2022-06-24
773;Morsø;40-49;1403;2022-06-24
779;Skive;40-49;3333;2022-06-24
787;Thisted;40-49;2990;2022-06-24
791;Viborg;40-49;7786;2022-06-24
810;Brønderslev;40-49;2957;2022-06-24
813;Frederikshavn;40-49;4336;2022-06-24
820;Vesthimmerland;40-49;2658;2022-06-24
825;Læsø;40-49;77;2022-06-24
840;Rebild;40-49;2561;2022-06-24
846;Mariagerfjord;40-49;3144;2022-06-24
849;Jammerbugt;40-49;2988;2022-06-24
851;Aalborg;40-49;15763;2022-06-24
860;Hjørring;40-49;4819;2022-06-24
;;50-59;1606;2022-06-24
011;;50-59;500;2022-06-24
012;;50-59;10;2022-06-24
019;;50-59;100;2022-06-24
101;København;50-59;34770;2022-06-24
147;Frederiksberg;50-59;6447;2022-06-24
151;Ballerup;50-59;3754;2022-06-24
153;Brøndby;50-59;2496;2022-06-24
155;Dragør;50-59;1202;2022-06-24
157;Gentofte;50-59;6122;2022-06-24
159;Gladsaxe;50-59;4916;2022-06-24
161;Glostrup;50-59;1629;2022-06-24
163;Herlev;50-59;2119;2022-06-24
165;Albertslund;50-59;2041;2022-06-24
167;Hvidovre;50-59;3715;2022-06-24
169;Høje Tåstrup;50-59;3625;2022-06-24
173;Lyngby-Taarbæk;50-59;4003;2022-06-24
175;Rødovre;50-59;2867;2022-06-24
183;Ishøj;50-59;1728;2022-06-24
185;Tårnby;50-59;3290;2022-06-24
187;Vallensbæk;50-59;1098;2022-06-24
190;Furesø;50-59;3111;2022-06-24
201;Allerød;50-59;2069;2022-06-24
210;Fredensborg;50-59;3090;2022-06-24
217;Helsingør;50-59;5098;2022-06-24
219;Hillerød;50-59;4326;2022-06-24
223;Hørsholm;50-59;1960;2022-06-24
230;Rudersdal;50-59;4392;2022-06-24
240;Egedal;50-59;3731;2022-06-24
250;Frederikssund;50-59;3696;2022-06-24
253;Greve;50-59;4175;2022-06-24
259;Køge;50-59;4896;2022-06-24
260;Halsnæs;50-59;2247;2022-06-24
265;Roskilde;50-59;6900;2022-06-24
269;Solrød;50-59;1848;2022-06-24
270;Gribskov;50-59;3250;2022-06-24
306;Odsherred;50-59;1992;2022-06-24
316;Holbæk;50-59;5045;2022-06-24
320;Faxe;50-59;2719;2022-06-24
326;Kalundborg;50-59;3318;2022-06-24
329;Ringsted;50-59;2461;2022-06-24
330;Slagelse;50-59;5344;2022-06-24
336;Stevns;50-59;1771;2022-06-24
340;Sorø;50-59;2110;2022-06-24
350;Lejre;50-59;2108;2022-06-24
360;Lolland;50-59;2657;2022-06-24
370;Næstved;50-59;5968;2022-06-24
376;Guldborgsund;50-59;4117;2022-06-24
390;Vordingborg;50-59;2949;2022-06-24
400;Bornholm;50-59;2898;2022-06-24
410;Middelfart;50-59;2996;2022-06-24
420;Assens;50-59;2757;2022-06-24
430;Faaborg-Midtfyn;50-59;3613;2022-06-24
440;Kerteminde;50-59;1897;2022-06-24
450;Nyborg;50-59;2416;2022-06-24
461;Odense;50-59;12101;2022-06-24
479;Svendborg;50-59;4058;2022-06-24
480;Nordfyn;50-59;2139;2022-06-24
482;Langeland;50-59;822;2022-06-24
492;Ærø;50-59;428;2022-06-24
510;Haderslev;50-59;3905;2022-06-24
530;Billund;50-59;1837;2022-06-24
540;Sønderborg;50-59;5347;2022-06-24
550;Tønder;50-59;2550;2022-06-24
561;Esbjerg;50-59;7946;2022-06-24
563;Fanø;50-59;196;2022-06-24
573;Varde;50-59;3491;2022-06-24
575;Vejen;50-59;2758;2022-06-24
580;Aabenraa;50-59;4205;2022-06-24
607;Fredericia;50-59;3617;2022-06-24
615;Horsens;50-59;6111;2022-06-24
621;Kolding;50-59;6345;2022-06-24
630;Vejle;50-59;7968;2022-06-24
657;Herning;50-59;6406;2022-06-24
661;Holstebro;50-59;4080;2022-06-24
665;Lemvig;50-59;1567;2022-06-24
671;Struer;50-59;1533;2022-06-24
706;Syddjurs;50-59;2865;2022-06-24
707;Norddjurs;50-59;2615;2022-06-24
710;Favrskov;50-59;3323;2022-06-24
727;Odder;50-59;1734;2022-06-24
730;Randers;50-59;7005;2022-06-24
740;Silkeborg;50-59;6800;2022-06-24
741;Samsø;50-59;194;2022-06-24
746;Skanderborg;50-59;4634;2022-06-24
751;Århus;50-59;18364;2022-06-24
756;Ikast-Brande;50-59;2884;2022-06-24
760;Ringkøbing-Skjern;50-59;3899;2022-06-24
766;Hedensted;50-59;3541;2022-06-24
773;Morsø;50-59;1537;2022-06-24
779;Skive;50-59;3427;2022-06-24
787;Thisted;50-59;3171;2022-06-24
791;Viborg;50-59;6898;2022-06-24
810;Brønderslev;50-59;2742;2022-06-24
813;Frederikshavn;50-59;4741;2022-06-24
820;Vesthimmerland;50-59;2690;2022-06-24
825;Læsø;50-59;93;2022-06-24
840;Rebild;50-59;2209;2022-06-24
846;Mariagerfjord;50-59;3209;2022-06-24
849;Jammerbugt;50-59;2791;2022-06-24
851;Aalborg;50-59;13155;2022-06-24
860;Hjørring;50-59;4751;2022-06-24
957;;50-59;1;2022-06-24
961;;50-59;1;2022-06-24
;;60-69;701;2022-06-24
010;;60-69;1;2022-06-24
011;;60-69;116;2022-06-24
012;;60-69;2;2022-06-24
019;;60-69;30;2022-06-24
101;København;60-69;17122;2022-06-24
147;Frederiksberg;60-69;3458;2022-06-24
151;Ballerup;60-69;1994;2022-06-24
153;Brøndby;60-69;1716;2022-06-24
155;Dragør;60-69;759;2022-06-24
157;Gentofte;60-69;3382;2022-06-24
159;Gladsaxe;60-69;2799;2022-06-24
161;Glostrup;60-69;950;2022-06-24
163;Herlev;60-69;1343;2022-06-24
165;Albertslund;60-69;1040;2022-06-24
167;Hvidovre;60-69;2243;2022-06-24
169;Høje Tåstrup;60-69;2074;2022-06-24
173;Lyngby-Taarbæk;60-69;2403;2022-06-24
175;Rødovre;60-69;1850;2022-06-24
183;Ishøj;60-69;911;2022-06-24
185;Tårnby;60-69;1966;2022-06-24
187;Vallensbæk;60-69;594;2022-06-24
190;Furesø;60-69;1815;2022-06-24
201;Allerød;60-69;1168;2022-06-24
210;Fredensborg;60-69;1937;2022-06-24
217;Helsingør;60-69;3036;2022-06-24
219;Hillerød;60-69;2389;2022-06-24
223;Hørsholm;60-69;1168;2022-06-24
230;Rudersdal;60-69;2560;2022-06-24
240;Egedal;60-69;1725;2022-06-24
250;Frederikssund;60-69;2167;2022-06-24
253;Greve;60-69;2226;2022-06-24
259;Køge;60-69;2350;2022-06-24
260;Halsnæs;60-69;1607;2022-06-24
265;Roskilde;60-69;3732;2022-06-24
269;Solrød;60-69;1005;2022-06-24
270;Gribskov;60-69;2158;2022-06-24
306;Odsherred;60-69;1579;2022-06-24
316;Holbæk;60-69;3166;2022-06-24
320;Faxe;60-69;1690;2022-06-24
326;Kalundborg;60-69;2228;2022-06-24
329;Ringsted;60-69;1372;2022-06-24
330;Slagelse;60-69;3236;2022-06-24
336;Stevns;60-69;1151;2022-06-24
340;Sorø;60-69;1336;2022-06-24
350;Lejre;60-69;1240;2022-06-24
360;Lolland;60-69;2244;2022-06-24
370;Næstved;60-69;3599;2022-06-24
376;Guldborgsund;60-69;3176;2022-06-24
390;Vordingborg;60-69;2323;2022-06-24
400;Bornholm;60-69;2501;2022-06-24
410;Middelfart;60-69;1975;2022-06-24
420;Assens;60-69;1727;2022-06-24
430;Faaborg-Midtfyn;60-69;2587;2022-06-24
440;Kerteminde;60-69;1132;2022-06-24
450;Nyborg;60-69;1681;2022-06-24
461;Odense;60-69;7545;2022-06-24
479;Svendborg;60-69;3220;2022-06-24
480;Nordfyn;60-69;1442;2022-06-24
482;Langeland;60-69;751;2022-06-24
492;Ærø;60-69;371;2022-06-24
510;Haderslev;60-69;2824;2022-06-24
530;Billund;60-69;1237;2022-06-24
540;Sønderborg;60-69;3386;2022-06-24
550;Tønder;60-69;2071;2022-06-24
561;Esbjerg;60-69;5512;2022-06-24
563;Fanø;60-69;205;2022-06-24
573;Varde;60-69;2500;2022-06-24
575;Vejen;60-69;1921;2022-06-24
580;Aabenraa;60-69;2985;2022-06-24
607;Fredericia;60-69;2327;2022-06-24
615;Horsens;60-69;3724;2022-06-24
621;Kolding;60-69;3924;2022-06-24
630;Vejle;60-69;4580;2022-06-24
657;Herning;60-69;4294;2022-06-24
661;Holstebro;60-69;2896;2022-06-24
665;Lemvig;60-69;1268;2022-06-24
671;Struer;60-69;1214;2022-06-24
706;Syddjurs;60-69;2085;2022-06-24
707;Norddjurs;60-69;1832;2022-06-24
710;Favrskov;60-69;1925;2022-06-24
727;Odder;60-69;1199;2022-06-24
730;Randers;60-69;4213;2022-06-24
740;Silkeborg;60-69;4447;2022-06-24
741;Samsø;60-69;199;2022-06-24
746;Skanderborg;60-69;2825;2022-06-24
751;Århus;60-69;12186;2022-06-24
756;Ikast-Brande;60-69;1994;2022-06-24
760;Ringkøbing-Skjern;60-69;2899;2022-06-24
766;Hedensted;60-69;2239;2022-06-24
773;Morsø;60-69;1258;2022-06-24
779;Skive;60-69;2609;2022-06-24
787;Thisted;60-69;2521;2022-06-24
791;Viborg;60-69;4873;2022-06-24
810;Brønderslev;60-69;1897;2022-06-24
813;Frederikshavn;60-69;3645;2022-06-24
820;Vesthimmerland;60-69;2061;2022-06-24
825;Læsø;60-69;85;2022-06-24
840;Rebild;60-69;1448;2022-06-24
846;Mariagerfjord;60-69;2373;2022-06-24
849;Jammerbugt;60-69;2003;2022-06-24
851;Aalborg;60-69;8357;2022-06-24
860;Hjørring;60-69;3740;2022-06-24
;;70-79;219;2022-06-24
011;;70-79;18;2022-06-24
019;;70-79;4;2022-06-24
101;København;70-79;8754;2022-06-24
147;Frederiksberg;70-79;2405;2022-06-24
151;Ballerup;70-79;1237;2022-06-24
153;Brøndby;70-79;929;2022-06-24
155;Dragør;70-79;538;2022-06-24
157;Gentofte;70-79;2271;2022-06-24
159;Gladsaxe;70-79;1442;2022-06-24
161;Glostrup;70-79;591;2022-06-24
163;Herlev;70-79;678;2022-06-24
165;Albertslund;70-79;749;2022-06-24
167;Hvidovre;70-79;1268;2022-06-24
169;Høje Tåstrup;70-79;1316;2022-06-24
173;Lyngby-Taarbæk;70-79;1358;2022-06-24
175;Rødovre;70-79;911;2022-06-24
183;Ishøj;70-79;641;2022-06-24
185;Tårnby;70-79;1054;2022-06-24
187;Vallensbæk;70-79;527;2022-06-24
190;Furesø;70-79;1165;2022-06-24
201;Allerød;70-79;808;2022-06-24
210;Fredensborg;70-79;1369;2022-06-24
217;Helsingør;70-79;1980;2022-06-24
219;Hillerød;70-79;1413;2022-06-24
223;Hørsholm;70-79;969;2022-06-24
230;Rudersdal;70-79;1666;2022-06-24
240;Egedal;70-79;1232;2022-06-24
250;Frederikssund;70-79;1420;2022-06-24
253;Greve;70-79;1569;2022-06-24
259;Køge;70-79;1670;2022-06-24
260;Halsnæs;70-79;991;2022-06-24
265;Roskilde;70-79;2326;2022-06-24
269;Solrød;70-79;748;2022-06-24
270;Gribskov;70-79;1394;2022-06-24
306;Odsherred;70-79;1003;2022-06-24
316;Holbæk;70-79;1864;2022-06-24
320;Faxe;70-79;1011;2022-06-24
326;Kalundborg;70-79;1368;2022-06-24
329;Ringsted;70-79;853;2022-06-24
330;Slagelse;70-79;2024;2022-06-24
336;Stevns;70-79;700;2022-06-24
340;Sorø;70-79;772;2022-06-24
350;Lejre;70-79;805;2022-06-24
360;Lolland;70-79;1563;2022-06-24
370;Næstved;70-79;2269;2022-06-24
376;Guldborgsund;70-79;2233;2022-06-24
390;Vordingborg;70-79;1455;2022-06-24
400;Bornholm;70-79;1659;2022-06-24
410;Middelfart;70-79;1245;2022-06-24
420;Assens;70-79;1131;2022-06-24
430;Faaborg-Midtfyn;70-79;1587;2022-06-24
440;Kerteminde;70-79;797;2022-06-24
450;Nyborg;70-79;1111;2022-06-24
461;Odense;70-79;4857;2022-06-24
479;Svendborg;70-79;1937;2022-06-24
480;Nordfyn;70-79;902;2022-06-24
482;Langeland;70-79;541;2022-06-24
492;Ærø;70-79;293;2022-06-24
510;Haderslev;70-79;1686;2022-06-24
530;Billund;70-79;798;2022-06-24
540;Sønderborg;70-79;2190;2022-06-24
550;Tønder;70-79;1191;2022-06-24
561;Esbjerg;70-79;3334;2022-06-24
563;Fanø;70-79;182;2022-06-24
573;Varde;70-79;1526;2022-06-24
575;Vejen;70-79;1136;2022-06-24
580;Aabenraa;70-79;2006;2022-06-24
607;Fredericia;70-79;1555;2022-06-24
615;Horsens;70-79;2302;2022-06-24
621;Kolding;70-79;2465;2022-06-24
630;Vejle;70-79;2961;2022-06-24
657;Herning;70-79;2625;2022-06-24
661;Holstebro;70-79;1896;2022-06-24
665;Lemvig;70-79;817;2022-06-24
671;Struer;70-79;825;2022-06-24
706;Syddjurs;70-79;1220;2022-06-24
707;Norddjurs;70-79;1114;2022-06-24
710;Favrskov;70-79;1208;2022-06-24
727;Odder;70-79;734;2022-06-24
730;Randers;70-79;2739;2022-06-24
740;Silkeborg;70-79;2759;2022-06-24
741;Samsø;70-79;107;2022-06-24
746;Skanderborg;70-79;1744;2022-06-24
751;Århus;70-79;6710;2022-06-24
756;Ikast-Brande;70-79;1297;2022-06-24
760;Ringkøbing-Skjern;70-79;1871;2022-06-24
766;Hedensted;70-79;1345;2022-06-24
773;Morsø;70-79;850;2022-06-24
779;Skive;70-79;1544;2022-06-24
787;Thisted;70-79;1658;2022-06-24
791;Viborg;70-79;2899;2022-06-24
810;Brønderslev;70-79;1248;2022-06-24
813;Frederikshavn;70-79;2390;2022-06-24
820;Vesthimmerland;70-79;1357;2022-06-24
825;Læsø;70-79;64;2022-06-24
840;Rebild;70-79;863;2022-06-24
846;Mariagerfjord;70-79;1397;2022-06-24
849;Jammerbugt;70-79;1401;2022-06-24
851;Aalborg;70-79;5558;2022-06-24
860;Hjørring;70-79;2353;2022-06-24
;;80-89;77;2022-06-24
011;;80-89;2;2022-06-24
101;København;80-89;2873;2022-06-24
147;Frederiksberg;80-89;992;2022-06-24
151;Ballerup;80-89;667;2022-06-24
153;Brøndby;80-89;397;2022-06-24
155;Dragør;80-89;209;2022-06-24
157;Gentofte;80-89;822;2022-06-24
159;Gladsaxe;80-89;599;2022-06-24
161;Glostrup;80-89;275;2022-06-24
163;Herlev;80-89;327;2022-06-24
165;Albertslund;80-89;247;2022-06-24
167;Hvidovre;80-89;501;2022-06-24
169;Høje Tåstrup;80-89;443;2022-06-24
173;Lyngby-Taarbæk;80-89;489;2022-06-24
175;Rødovre;80-89;355;2022-06-24
183;Ishøj;80-89;199;2022-06-24
185;Tårnby;80-89;411;2022-06-24
187;Vallensbæk;80-89;184;2022-06-24
190;Furesø;80-89;477;2022-06-24
201;Allerød;80-89;337;2022-06-24
210;Fredensborg;80-89;470;2022-06-24
217;Helsingør;80-89;688;2022-06-24
219;Hillerød;80-89;501;2022-06-24
223;Hørsholm;80-89;384;2022-06-24
230;Rudersdal;80-89;813;2022-06-24
240;Egedal;80-89;384;2022-06-24
250;Frederikssund;80-89;471;2022-06-24
253;Greve;80-89;496;2022-06-24
259;Køge;80-89;459;2022-06-24
260;Halsnæs;80-89;297;2022-06-24
265;Roskilde;80-89;864;2022-06-24
269;Solrød;80-89;201;2022-06-24
270;Gribskov;80-89;479;2022-06-24
306;Odsherred;80-89;311;2022-06-24
316;Holbæk;80-89;570;2022-06-24
320;Faxe;80-89;332;2022-06-24
326;Kalundborg;80-89;460;2022-06-24
329;Ringsted;80-89;279;2022-06-24
330;Slagelse;80-89;747;2022-06-24
336;Stevns;80-89;246;2022-06-24
340;Sorø;80-89;256;2022-06-24
350;Lejre;80-89;229;2022-06-24
360;Lolland;80-89;570;2022-06-24
370;Næstved;80-89;778;2022-06-24
376;Guldborgsund;80-89;772;2022-06-24
390;Vordingborg;80-89;468;2022-06-24
400;Bornholm;80-89;615;2022-06-24
410;Middelfart;80-89;388;2022-06-24
420;Assens;80-89;405;2022-06-24
430;Faaborg-Midtfyn;80-89;540;2022-06-24
440;Kerteminde;80-89;312;2022-06-24
450;Nyborg;80-89;382;2022-06-24
461;Odense;80-89;1607;2022-06-24
479;Svendborg;80-89;652;2022-06-24
480;Nordfyn;80-89;311;2022-06-24
482;Langeland;80-89;154;2022-06-24
492;Ærø;80-89;103;2022-06-24
510;Haderslev;80-89;603;2022-06-24
530;Billund;80-89;273;2022-06-24
540;Sønderborg;80-89;904;2022-06-24
550;Tønder;80-89;394;2022-06-24
561;Esbjerg;80-89;1148;2022-06-24
563;Fanø;80-89;36;2022-06-24
573;Varde;80-89;567;2022-06-24
575;Vejen;80-89;484;2022-06-24
580;Aabenraa;80-89;724;2022-06-24
607;Fredericia;80-89;565;2022-06-24
615;Horsens;80-89;714;2022-06-24
621;Kolding;80-89;866;2022-06-24
630;Vejle;80-89;926;2022-06-24
657;Herning;80-89;912;2022-06-24
661;Holstebro;80-89;632;2022-06-24
665;Lemvig;80-89;294;2022-06-24
671;Struer;80-89;249;2022-06-24
706;Syddjurs;80-89;383;2022-06-24
707;Norddjurs;80-89;357;2022-06-24
710;Favrskov;80-89;327;2022-06-24
727;Odder;80-89;242;2022-06-24
730;Randers;80-89;921;2022-06-24
740;Silkeborg;80-89;808;2022-06-24
741;Samsø;80-89;33;2022-06-24
746;Skanderborg;80-89;514;2022-06-24
751;Århus;80-89;2199;2022-06-24
756;Ikast-Brande;80-89;396;2022-06-24
760;Ringkøbing-Skjern;80-89;685;2022-06-24
766;Hedensted;80-89;412;2022-06-24
773;Morsø;80-89;317;2022-06-24
779;Skive;80-89;565;2022-06-24
787;Thisted;80-89;585;2022-06-24
791;Viborg;80-89;971;2022-06-24
810;Brønderslev;80-89;450;2022-06-24
813;Frederikshavn;80-89;820;2022-06-24
820;Vesthimmerland;80-89;521;2022-06-24
825;Læsø;80-89;14;2022-06-24
840;Rebild;80-89;280;2022-06-24
846;Mariagerfjord;80-89;501;2022-06-24
849;Jammerbugt;80-89;454;2022-06-24
851;Aalborg;80-89;1961;2022-06-24
860;Hjørring;80-89;823;2022-06-24
;;90+;30;2022-06-24
101;København;90+;915;2022-06-24
147;Frederiksberg;90+;341;2022-06-24
151;Ballerup;90+;86;2022-06-24
153;Brøndby;90+;86;2022-06-24
155;Dragør;90+;48;2022-06-24
157;Gentofte;90+;249;2022-06-24
159;Gladsaxe;90+;205;2022-06-24
161;Glostrup;90+;77;2022-06-24
163;Herlev;90+;104;2022-06-24
165;Albertslund;90+;25;2022-06-24
167;Hvidovre;90+;141;2022-06-24
169;Høje Tåstrup;90+;86;2022-06-24
173;Lyngby-Taarbæk;90+;238;2022-06-24
175;Rødovre;90+;103;2022-06-24
183;Ishøj;90+;21;2022-06-24
185;Tårnby;90+;128;2022-06-24
187;Vallensbæk;90+;26;2022-06-24
190;Furesø;90+;109;2022-06-24
201;Allerød;90+;79;2022-06-24
210;Fredensborg;90+;93;2022-06-24
217;Helsingør;90+;140;2022-06-24
219;Hillerød;90+;86;2022-06-24
223;Hørsholm;90+;117;2022-06-24
230;Rudersdal;90+;245;2022-06-24
240;Egedal;90+;48;2022-06-24
250;Frederikssund;90+;65;2022-06-24
253;Greve;90+;57;2022-06-24
259;Køge;90+;74;2022-06-24
260;Halsnæs;90+;51;2022-06-24
265;Roskilde;90+;169;2022-06-24
269;Solrød;90+;36;2022-06-24
270;Gribskov;90+;97;2022-06-24
306;Odsherred;90+;56;2022-06-24
316;Holbæk;90+;128;2022-06-24
320;Faxe;90+;72;2022-06-24
326;Kalundborg;90+;81;2022-06-24
329;Ringsted;90+;52;2022-06-24
330;Slagelse;90+;158;2022-06-24
336;Stevns;90+;44;2022-06-24
340;Sorø;90+;60;2022-06-24
350;Lejre;90+;52;2022-06-24
360;Lolland;90+;138;2022-06-24
370;Næstved;90+;172;2022-06-24
376;Guldborgsund;90+;164;2022-06-24
390;Vordingborg;90+;92;2022-06-24
400;Bornholm;90+;120;2022-06-24
410;Middelfart;90+;71;2022-06-24
420;Assens;90+;98;2022-06-24
430;Faaborg-Midtfyn;90+;116;2022-06-24
440;Kerteminde;90+;66;2022-06-24
450;Nyborg;90+;71;2022-06-24
461;Odense;90+;308;2022-06-24
479;Svendborg;90+;159;2022-06-24
480;Nordfyn;90+;58;2022-06-24
482;Langeland;90+;49;2022-06-24
492;Ærø;90+;23;2022-06-24
510;Haderslev;90+;113;2022-06-24
530;Billund;90+;69;2022-06-24
540;Sønderborg;90+;182;2022-06-24
550;Tønder;90+;85;2022-06-24
561;Esbjerg;90+;221;2022-06-24
563;Fanø;90+;5;2022-06-24
573;Varde;90+;150;2022-06-24
575;Vejen;90+;109;2022-06-24
580;Aabenraa;90+;137;2022-06-24
607;Fredericia;90+;94;2022-06-24
615;Horsens;90+;154;2022-06-24
621;Kolding;90+;130;2022-06-24
630;Vejle;90+;197;2022-06-24
657;Herning;90+;206;2022-06-24
661;Holstebro;90+;110;2022-06-24
665;Lemvig;90+;50;2022-06-24
671;Struer;90+;49;2022-06-24
706;Syddjurs;90+;85;2022-06-24
707;Norddjurs;90+;78;2022-06-24
710;Favrskov;90+;74;2022-06-24
727;Odder;90+;51;2022-06-24
730;Randers;90+;213;2022-06-24
740;Silkeborg;90+;167;2022-06-24
741;Samsø;90+;12;2022-06-24
746;Skanderborg;90+;96;2022-06-24
751;Århus;90+;477;2022-06-24
756;Ikast-Brande;90+;94;2022-06-24
760;Ringkøbing-Skjern;90+;126;2022-06-24
766;Hedensted;90+;112;2022-06-24
773;Morsø;90+;68;2022-06-24
779;Skive;90+;118;2022-06-24
787;Thisted;90+;134;2022-06-24
791;Viborg;90+;204;2022-06-24
810;Brønderslev;90+;79;2022-06-24
813;Frederikshavn;90+;118;2022-06-24
820;Vesthimmerland;90+;109;2022-06-24
825;Læsø;90+;5;2022-06-24
840;Rebild;90+;65;2022-06-24
846;Mariagerfjord;90+;97;2022-06-24
849;Jammerbugt;90+;72;2022-06-24
851;Aalborg;90+;426;2022-06-24
860;Hjørring;90+;170;2022-06-24
