date;nuts3_id;cases;cases_daily
04-Mar-2020;SI031;0;
05-Mar-2020;SI031;1;1
06-Mar-2020;SI031;2;1
07-Mar-2020;SI031;2;0
08-Mar-2020;SI031;2;0
09-Mar-2020;SI031;2;0
10-Mar-2020;SI031;2;0
11-Mar-2020;SI031;3;1
12-Mar-2020;SI031;4;1
13-Mar-2020;SI031;4;0
14-Mar-2020;SI031;5;1
15-Mar-2020;SI031;5;0
16-Mar-2020;SI031;5;0
17-Mar-2020;SI031;5;0
18-Mar-2020;SI031;9;4
19-Mar-2020;SI031;9;0
20-Mar-2020;SI031;9;0
21-Mar-2020;SI031;9;0
22-Mar-2020;SI031;9;0
23-Mar-2020;SI031;10;1
24-Mar-2020;SI031;15;5
25-Mar-2020;SI031;15;0
26-Mar-2020;SI031;17;2
27-Mar-2020;SI031;19;2
28-Mar-2020;SI031;19;0
29-Mar-2020;SI031;23;4
30-Mar-2020;SI031;37;14
31-Mar-2020;SI031;49;12
01-Apr-2020;SI031;64;15
02-Apr-2020;SI031;73;9
03-Apr-2020;SI031;76;3
04-Apr-2020;SI031;80;4
05-Apr-2020;SI031;80;0
06-Apr-2020;SI031;87;7
07-Apr-2020;SI031;90;3
08-Apr-2020;SI031;90;0
09-Apr-2020;SI031;102;12
10-Apr-2020;SI031;108;6
11-Apr-2020;SI031;118;10
12-Apr-2020;SI031;118;0
13-Apr-2020;SI031;118;0
14-Apr-2020;SI031;129;11
15-Apr-2020;SI031;138;9
16-Apr-2020;SI031;143;5
17-Apr-2020;SI031;146;3
18-Apr-2020;SI031;151;5
19-Apr-2020;SI031;151;0
20-Apr-2020;SI031;151;0
21-Apr-2020;SI031;154;3
22-Apr-2020;SI031;155;1
23-Apr-2020;SI031;158;3
24-Apr-2020;SI031;162;4
25-Apr-2020;SI031;165;3
26-Apr-2020;SI031;166;1
27-Apr-2020;SI031;167;1
28-Apr-2020;SI031;173;6
29-Apr-2020;SI031;176;3
30-Apr-2020;SI031;179;3
01-May-2020;SI031;181;2
02-May-2020;SI031;181;0
03-May-2020;SI031;181;0
04-May-2020;SI031;186;5
05-May-2020;SI031;188;2
06-May-2020;SI031;188;0
07-May-2020;SI031;188;0
08-May-2020;SI031;188;0
09-May-2020;SI031;188;0
10-May-2020;SI031;188;0
11-May-2020;SI031;188;0
12-May-2020;SI031;188;0
13-May-2020;SI031;188;0
14-May-2020;SI031;188;0
15-May-2020;SI031;188;0
16-May-2020;SI031;188;0
17-May-2020;SI031;188;0
18-May-2020;SI031;188;0
19-May-2020;SI031;188;0
20-May-2020;SI031;188;0
21-May-2020;SI031;188;0
22-May-2020;SI031;188;0
23-May-2020;SI031;188;0
24-May-2020;SI031;188;0
25-May-2020;SI031;188;0
26-May-2020;SI031;188;0
27-May-2020;SI031;188;0
28-May-2020;SI031;188;0
29-May-2020;SI031;188;0
30-May-2020;SI031;188;0
31-May-2020;SI031;188;0
01-Jun-2020;SI031;188;0
02-Jun-2020;SI031;188;0
03-Jun-2020;SI031;188;0
04-Jun-2020;SI031;188;0
05-Jun-2020;SI031;188;0
06-Jun-2020;SI031;188;0
07-Jun-2020;SI031;188;0
08-Jun-2020;SI031;188;0
09-Jun-2020;SI031;188;0
10-Jun-2020;SI031;188;0
11-Jun-2020;SI031;188;0
12-Jun-2020;SI031;188;0
13-Jun-2020;SI031;188;0
14-Jun-2020;SI031;188;0
15-Jun-2020;SI031;188;0
16-Jun-2020;SI031;188;0
17-Jun-2020;SI031;188;0
18-Jun-2020;SI031;188;0
19-Jun-2020;SI031;188;0
20-Jun-2020;SI031;188;0
21-Jun-2020;SI031;188;0
22-Jun-2020;SI031;189;1
23-Jun-2020;SI031;189;0
24-Jun-2020;SI031;189;0
25-Jun-2020;SI031;190;1
26-Jun-2020;SI031;190;0
27-Jun-2020;SI031;190;0
28-Jun-2020;SI031;190;0
29-Jun-2020;SI031;190;0
30-Jun-2020;SI031;190;0
01-Jul-2020;SI031;190;0
02-Jul-2020;SI031;191;1
03-Jul-2020;SI031;195;4
04-Jul-2020;SI031;195;0
05-Jul-2020;SI031;195;0
06-Jul-2020;SI031;195;0
07-Jul-2020;SI031;196;1
08-Jul-2020;SI031;196;0
09-Jul-2020;SI031;197;1
10-Jul-2020;SI031;199;2
11-Jul-2020;SI031;205;6
12-Jul-2020;SI031;207;2
13-Jul-2020;SI031;209;2
14-Jul-2020;SI031;210;1
15-Jul-2020;SI031;211;1
16-Jul-2020;SI031;211;0
17-Jul-2020;SI031;214;3
18-Jul-2020;SI031;217;3
19-Jul-2020;SI031;217;0
20-Jul-2020;SI031;219;2
21-Jul-2020;SI031;220;1
22-Jul-2020;SI031;220;0
23-Jul-2020;SI031;220;0
24-Jul-2020;SI031;220;0
25-Jul-2020;SI031;220;0
26-Jul-2020;SI031;220;0
27-Jul-2020;SI031;220;0
28-Jul-2020;SI031;221;1
29-Jul-2020;SI031;221;0
30-Jul-2020;SI031;222;1
31-Jul-2020;SI031;222;0
01-Aug-2020;SI031;222;0
02-Aug-2020;SI031;222;0
03-Aug-2020;SI031;222;0
04-Aug-2020;SI031;222;0
05-Aug-2020;SI031;222;0
06-Aug-2020;SI031;222;0
07-Aug-2020;SI031;222;0
08-Aug-2020;SI031;222;0
09-Aug-2020;SI031;222;0
10-Aug-2020;SI031;222;0
11-Aug-2020;SI031;222;0
12-Aug-2020;SI031;222;0
13-Aug-2020;SI031;223;1
14-Aug-2020;SI031;223;0
15-Aug-2020;SI031;223;0
16-Aug-2020;SI031;224;1
17-Aug-2020;SI031;226;2
18-Aug-2020;SI031;227;1
19-Aug-2020;SI031;227;0
20-Aug-2020;SI031;231;4
21-Aug-2020;SI031;231;0
22-Aug-2020;SI031;236;5
23-Aug-2020;SI031;236;0
24-Aug-2020;SI031;237;1
25-Aug-2020;SI031;241;4
26-Aug-2020;SI031;241;0
27-Aug-2020;SI031;242;1
28-Aug-2020;SI031;247;5
29-Aug-2020;SI031;249;2
30-Aug-2020;SI031;249;0
31-Aug-2020;SI031;255;6
01-Sep-2020;SI031;258;3
02-Sep-2020;SI031;263;5
03-Sep-2020;SI031;266;3
04-Sep-2020;SI031;268;2
05-Sep-2020;SI031;269;1
06-Sep-2020;SI031;271;2
07-Sep-2020;SI031;272;1
08-Sep-2020;SI031;275;3
09-Sep-2020;SI031;278;3
10-Sep-2020;SI031;282;4
11-Sep-2020;SI031;287;5
12-Sep-2020;SI031;291;4
13-Sep-2020;SI031;291;0
14-Sep-2020;SI031;297;6
15-Sep-2020;SI031;301;4
16-Sep-2020;SI031;303;2
17-Sep-2020;SI031;309;6
18-Sep-2020;SI031;313;4
19-Sep-2020;SI031;315;2
20-Sep-2020;SI031;316;1
21-Sep-2020;SI031;317;1
22-Sep-2020;SI031;317;0
23-Sep-2020;SI031;322;5
24-Sep-2020;SI031;329;7
25-Sep-2020;SI031;333;4
26-Sep-2020;SI031;339;6
27-Sep-2020;SI031;345;6
28-Sep-2020;SI031;348;3
29-Sep-2020;SI031;355;7
30-Sep-2020;SI031;367;12
01-Oct-2020;SI031;382;15
02-Oct-2020;SI031;396;14
03-Oct-2020;SI031;402;6
04-Oct-2020;SI031;409;7
05-Oct-2020;SI031;417;8
06-Oct-2020;SI031;428;11
07-Oct-2020;SI031;437;9
08-Oct-2020;SI031;453;16
09-Oct-2020;SI031;465;12
10-Oct-2020;SI031;484;19
11-Oct-2020;SI031;488;4
12-Oct-2020;SI031;502;14
13-Oct-2020;SI031;540;38
14-Oct-2020;SI031;566;26
15-Oct-2020;SI031;589;23
16-Oct-2020;SI031;613;24
17-Oct-2020;SI031;651;38
18-Oct-2020;SI031;683;32
19-Oct-2020;SI031;729;46
20-Oct-2020;SI031;808;79
21-Oct-2020;SI031;925;117
22-Oct-2020;SI031;1009;84
23-Oct-2020;SI031;1093;84
24-Oct-2020;SI031;1201;108
25-Oct-2020;SI031;1273;72
26-Oct-2020;SI031;1364;91
27-Oct-2020;SI031;1546;182
28-Oct-2020;SI031;1681;135
29-Oct-2020;SI031;1763;82
30-Oct-2020;SI031;1858;95
31-Oct-2020;SI031;1960;102
01-Nov-2020;SI031;2044;84
02-Nov-2020;SI031;2113;69
03-Nov-2020;SI031;2292;179
04-Nov-2020;SI031;2474;182
05-Nov-2020;SI031;2620;146
06-Nov-2020;SI031;2796;176
07-Nov-2020;SI031;2880;84
08-Nov-2020;SI031;2977;97
09-Nov-2020;SI031;3071;94
10-Nov-2020;SI031;3215;144
11-Nov-2020;SI031;3405;190
12-Nov-2020;SI031;3550;145
13-Nov-2020;SI031;3735;185
14-Nov-2020;SI031;3832;97
15-Nov-2020;SI031;3895;63
16-Nov-2020;SI031;3986;91
17-Nov-2020;SI031;4160;174
18-Nov-2020;SI031;4329;169
19-Nov-2020;SI031;4463;134
20-Nov-2020;SI031;4605;142
21-Nov-2020;SI031;4716;111
22-Nov-2020;SI031;4801;85
23-Nov-2020;SI031;4924;123
04-Mar-2020;SI032;0;
05-Mar-2020;SI032;0;0
06-Mar-2020;SI032;0;0
07-Mar-2020;SI032;1;1
08-Mar-2020;SI032;1;0
09-Mar-2020;SI032;1;0
10-Mar-2020;SI032;3;2
11-Mar-2020;SI032;7;4
12-Mar-2020;SI032;9;2
13-Mar-2020;SI032;12;3
14-Mar-2020;SI032;18;6
15-Mar-2020;SI032;21;3
16-Mar-2020;SI032;24;3
17-Mar-2020;SI032;27;3
18-Mar-2020;SI032;28;1
19-Mar-2020;SI032;30;2
20-Mar-2020;SI032;34;4
21-Mar-2020;SI032;36;2
22-Mar-2020;SI032;43;7
23-Mar-2020;SI032;46;3
24-Mar-2020;SI032;48;2
25-Mar-2020;SI032;52;4
26-Mar-2020;SI032;57;5
27-Mar-2020;SI032;58;1
28-Mar-2020;SI032;62;4
29-Mar-2020;SI032;63;1
30-Mar-2020;SI032;63;0
31-Mar-2020;SI032;65;2
01-Apr-2020;SI032;68;3
02-Apr-2020;SI032;71;3
03-Apr-2020;SI032;75;4
04-Apr-2020;SI032;78;3
05-Apr-2020;SI032;80;2
06-Apr-2020;SI032;84;4
07-Apr-2020;SI032;89;5
08-Apr-2020;SI032;93;4
09-Apr-2020;SI032;95;2
10-Apr-2020;SI032;98;3
11-Apr-2020;SI032;99;1
12-Apr-2020;SI032;99;0
13-Apr-2020;SI032;103;4
14-Apr-2020;SI032;106;3
15-Apr-2020;SI032;107;1
16-Apr-2020;SI032;109;2
17-Apr-2020;SI032;109;0
18-Apr-2020;SI032;109;0
19-Apr-2020;SI032;110;1
20-Apr-2020;SI032;110;0
21-Apr-2020;SI032;111;1
22-Apr-2020;SI032;112;1
23-Apr-2020;SI032;114;2
24-Apr-2020;SI032;117;3
25-Apr-2020;SI032;117;0
26-Apr-2020;SI032;119;2
27-Apr-2020;SI032;119;0
28-Apr-2020;SI032;119;0
29-Apr-2020;SI032;122;3
30-Apr-2020;SI032;123;1
01-May-2020;SI032;124;1
02-May-2020;SI032;124;0
03-May-2020;SI032;124;0
04-May-2020;SI032;124;0
05-May-2020;SI032;124;0
06-May-2020;SI032;124;0
07-May-2020;SI032;124;0
08-May-2020;SI032;124;0
09-May-2020;SI032;124;0
10-May-2020;SI032;124;0
11-May-2020;SI032;124;0
12-May-2020;SI032;125;1
13-May-2020;SI032;125;0
14-May-2020;SI032;125;0
15-May-2020;SI032;125;0
16-May-2020;SI032;125;0
17-May-2020;SI032;125;0
18-May-2020;SI032;125;0
19-May-2020;SI032;125;0
20-May-2020;SI032;125;0
21-May-2020;SI032;125;0
22-May-2020;SI032;125;0
23-May-2020;SI032;125;0
24-May-2020;SI032;125;0
25-May-2020;SI032;125;0
26-May-2020;SI032;125;0
27-May-2020;SI032;125;0
28-May-2020;SI032;125;0
29-May-2020;SI032;125;0
30-May-2020;SI032;125;0
31-May-2020;SI032;125;0
01-Jun-2020;SI032;126;1
02-Jun-2020;SI032;128;2
03-Jun-2020;SI032;128;0
04-Jun-2020;SI032;128;0
05-Jun-2020;SI032;128;0
06-Jun-2020;SI032;128;0
07-Jun-2020;SI032;128;0
08-Jun-2020;SI032;128;0
09-Jun-2020;SI032;128;0
10-Jun-2020;SI032;128;0
11-Jun-2020;SI032;128;0
12-Jun-2020;SI032;129;1
13-Jun-2020;SI032;129;0
14-Jun-2020;SI032;129;0
15-Jun-2020;SI032;129;0
16-Jun-2020;SI032;129;0
17-Jun-2020;SI032;129;0
18-Jun-2020;SI032;129;0
19-Jun-2020;SI032;129;0
20-Jun-2020;SI032;129;0
21-Jun-2020;SI032;129;0
22-Jun-2020;SI032;129;0
23-Jun-2020;SI032;129;0
24-Jun-2020;SI032;130;1
25-Jun-2020;SI032;130;0
26-Jun-2020;SI032;130;0
27-Jun-2020;SI032;131;1
28-Jun-2020;SI032;131;0
29-Jun-2020;SI032;137;6
30-Jun-2020;SI032;139;2
01-Jul-2020;SI032;141;2
02-Jul-2020;SI032;144;3
03-Jul-2020;SI032;147;3
04-Jul-2020;SI032;152;5
05-Jul-2020;SI032;154;2
06-Jul-2020;SI032;160;6
07-Jul-2020;SI032;164;4
08-Jul-2020;SI032;165;1
09-Jul-2020;SI032;166;1
10-Jul-2020;SI032;167;1
11-Jul-2020;SI032;167;0
12-Jul-2020;SI032;168;1
13-Jul-2020;SI032;168;0
14-Jul-2020;SI032;169;1
15-Jul-2020;SI032;170;1
16-Jul-2020;SI032;171;1
17-Jul-2020;SI032;171;0
18-Jul-2020;SI032;171;0
19-Jul-2020;SI032;171;0
20-Jul-2020;SI032;171;0
21-Jul-2020;SI032;171;0
22-Jul-2020;SI032;171;0
23-Jul-2020;SI032;172;1
24-Jul-2020;SI032;172;0
25-Jul-2020;SI032;172;0
26-Jul-2020;SI032;172;0
27-Jul-2020;SI032;173;1
28-Jul-2020;SI032;173;0
29-Jul-2020;SI032;174;1
30-Jul-2020;SI032;174;0
31-Jul-2020;SI032;175;1
01-Aug-2020;SI032;175;0
02-Aug-2020;SI032;175;0
03-Aug-2020;SI032;175;0
04-Aug-2020;SI032;176;1
05-Aug-2020;SI032;177;1
06-Aug-2020;SI032;179;2
07-Aug-2020;SI032;180;1
08-Aug-2020;SI032;180;0
09-Aug-2020;SI032;180;0
10-Aug-2020;SI032;181;1
11-Aug-2020;SI032;185;4
12-Aug-2020;SI032;187;2
13-Aug-2020;SI032;188;1
14-Aug-2020;SI032;189;1
15-Aug-2020;SI032;189;0
16-Aug-2020;SI032;190;1
17-Aug-2020;SI032;196;6
18-Aug-2020;SI032;201;5
19-Aug-2020;SI032;202;1
20-Aug-2020;SI032;203;1
21-Aug-2020;SI032;209;6
22-Aug-2020;SI032;212;3
23-Aug-2020;SI032;213;1
24-Aug-2020;SI032;213;0
25-Aug-2020;SI032;213;0
26-Aug-2020;SI032;220;7
27-Aug-2020;SI032;228;8
28-Aug-2020;SI032;230;2
29-Aug-2020;SI032;232;2
30-Aug-2020;SI032;233;1
31-Aug-2020;SI032;238;5
01-Sep-2020;SI032;248;10
02-Sep-2020;SI032;255;7
03-Sep-2020;SI032;258;3
04-Sep-2020;SI032;265;7
05-Sep-2020;SI032;272;7
06-Sep-2020;SI032;280;8
07-Sep-2020;SI032;290;10
08-Sep-2020;SI032;309;19
09-Sep-2020;SI032;328;19
10-Sep-2020;SI032;354;26
11-Sep-2020;SI032;368;14
12-Sep-2020;SI032;395;27
13-Sep-2020;SI032;408;13
14-Sep-2020;SI032;427;19
15-Sep-2020;SI032;447;20
16-Sep-2020;SI032;463;16
17-Sep-2020;SI032;480;17
18-Sep-2020;SI032;501;21
19-Sep-2020;SI032;517;16
20-Sep-2020;SI032;534;17
21-Sep-2020;SI032;546;12
22-Sep-2020;SI032;569;23
23-Sep-2020;SI032;584;15
24-Sep-2020;SI032;600;16
25-Sep-2020;SI032;630;30
26-Sep-2020;SI032;678;48
27-Sep-2020;SI032;683;5
28-Sep-2020;SI032;687;4
29-Sep-2020;SI032;710;23
30-Sep-2020;SI032;743;33
01-Oct-2020;SI032;774;31
02-Oct-2020;SI032;809;35
03-Oct-2020;SI032;831;22
04-Oct-2020;SI032;850;19
05-Oct-2020;SI032;875;25
06-Oct-2020;SI032;919;44
07-Oct-2020;SI032;948;29
08-Oct-2020;SI032;980;32
09-Oct-2020;SI032;1027;47
10-Oct-2020;SI032;1054;27
11-Oct-2020;SI032;1089;35
12-Oct-2020;SI032;1135;46
13-Oct-2020;SI032;1176;41
14-Oct-2020;SI032;1246;70
15-Oct-2020;SI032;1318;72
16-Oct-2020;SI032;1412;94
17-Oct-2020;SI032;1471;59
18-Oct-2020;SI032;1544;73
19-Oct-2020;SI032;1636;92
20-Oct-2020;SI032;1789;153
21-Oct-2020;SI032;1961;172
22-Oct-2020;SI032;2146;185
23-Oct-2020;SI032;2384;238
24-Oct-2020;SI032;2572;188
25-Oct-2020;SI032;2714;142
26-Oct-2020;SI032;2906;192
27-Oct-2020;SI032;3123;217
28-Oct-2020;SI032;3375;252
29-Oct-2020;SI032;3559;184
30-Oct-2020;SI032;3847;288
31-Oct-2020;SI032;4114;267
01-Nov-2020;SI032;4268;154
02-Nov-2020;SI032;4389;121
03-Nov-2020;SI032;4678;289
04-Nov-2020;SI032;4939;261
05-Nov-2020;SI032;5180;241
06-Nov-2020;SI032;5397;217
07-Nov-2020;SI032;5597;200
08-Nov-2020;SI032;5728;131
09-Nov-2020;SI032;5825;97
10-Nov-2020;SI032;6185;360
11-Nov-2020;SI032;6476;291
12-Nov-2020;SI032;6770;294
13-Nov-2020;SI032;7108;338
14-Nov-2020;SI032;7324;216
15-Nov-2020;SI032;7437;113
16-Nov-2020;SI032;7635;198
17-Nov-2020;SI032;7987;352
18-Nov-2020;SI032;8424;437
19-Nov-2020;SI032;8693;269
20-Nov-2020;SI032;9030;337
21-Nov-2020;SI032;9256;226
22-Nov-2020;SI032;9392;136
23-Nov-2020;SI032;9534;142
04-Mar-2020;SI033;0;
05-Mar-2020;SI033;0;0
06-Mar-2020;SI033;0;0
07-Mar-2020;SI033;0;0
08-Mar-2020;SI033;0;0
09-Mar-2020;SI033;0;0
10-Mar-2020;SI033;0;0
11-Mar-2020;SI033;0;0
12-Mar-2020;SI033;0;0
13-Mar-2020;SI033;0;0
14-Mar-2020;SI033;1;1
15-Mar-2020;SI033;3;2
16-Mar-2020;SI033;10;7
17-Mar-2020;SI033;10;0
18-Mar-2020;SI033;13;3
19-Mar-2020;SI033;14;1
20-Mar-2020;SI033;16;2
21-Mar-2020;SI033;16;0
22-Mar-2020;SI033;19;3
23-Mar-2020;SI033;20;1
24-Mar-2020;SI033;22;2
25-Mar-2020;SI033;24;2
26-Mar-2020;SI033;26;2
27-Mar-2020;SI033;31;5
28-Mar-2020;SI033;35;4
29-Mar-2020;SI033;35;0
30-Mar-2020;SI033;35;0
31-Mar-2020;SI033;35;0
01-Apr-2020;SI033;35;0
02-Apr-2020;SI033;35;0
03-Apr-2020;SI033;35;0
04-Apr-2020;SI033;37;2
05-Apr-2020;SI033;39;2
06-Apr-2020;SI033;40;1
07-Apr-2020;SI033;43;3
08-Apr-2020;SI033;44;1
09-Apr-2020;SI033;45;1
10-Apr-2020;SI033;45;0
11-Apr-2020;SI033;45;0
12-Apr-2020;SI033;45;0
13-Apr-2020;SI033;45;0
14-Apr-2020;SI033;45;0
15-Apr-2020;SI033;45;0
16-Apr-2020;SI033;47;2
17-Apr-2020;SI033;47;0
18-Apr-2020;SI033;47;0
19-Apr-2020;SI033;48;1
20-Apr-2020;SI033;49;1
21-Apr-2020;SI033;49;0
22-Apr-2020;SI033;49;0
23-Apr-2020;SI033;49;0
24-Apr-2020;SI033;49;0
25-Apr-2020;SI033;49;0
26-Apr-2020;SI033;49;0
27-Apr-2020;SI033;50;1
28-Apr-2020;SI033;51;1
29-Apr-2020;SI033;51;0
30-Apr-2020;SI033;51;0
01-May-2020;SI033;51;0
02-May-2020;SI033;51;0
03-May-2020;SI033;51;0
04-May-2020;SI033;51;0
05-May-2020;SI033;51;0
06-May-2020;SI033;51;0
07-May-2020;SI033;51;0
08-May-2020;SI033;52;1
09-May-2020;SI033;52;0
10-May-2020;SI033;52;0
11-May-2020;SI033;52;0
12-May-2020;SI033;52;0
13-May-2020;SI033;52;0
14-May-2020;SI033;52;0
15-May-2020;SI033;52;0
16-May-2020;SI033;52;0
17-May-2020;SI033;52;0
18-May-2020;SI033;52;0
19-May-2020;SI033;52;0
20-May-2020;SI033;52;0
21-May-2020;SI033;52;0
22-May-2020;SI033;52;0
23-May-2020;SI033;52;0
24-May-2020;SI033;52;0
25-May-2020;SI033;52;0
26-May-2020;SI033;52;0
27-May-2020;SI033;52;0
28-May-2020;SI033;52;0
29-May-2020;SI033;52;0
30-May-2020;SI033;52;0
31-May-2020;SI033;52;0
01-Jun-2020;SI033;52;0
02-Jun-2020;SI033;52;0
03-Jun-2020;SI033;52;0
04-Jun-2020;SI033;52;0
05-Jun-2020;SI033;52;0
06-Jun-2020;SI033;52;0
07-Jun-2020;SI033;52;0
08-Jun-2020;SI033;52;0
09-Jun-2020;SI033;52;0
10-Jun-2020;SI033;52;0
11-Jun-2020;SI033;52;0
12-Jun-2020;SI033;52;0
13-Jun-2020;SI033;52;0
14-Jun-2020;SI033;52;0
15-Jun-2020;SI033;52;0
16-Jun-2020;SI033;52;0
17-Jun-2020;SI033;52;0
18-Jun-2020;SI033;52;0
19-Jun-2020;SI033;52;0
20-Jun-2020;SI033;52;0
21-Jun-2020;SI033;52;0
22-Jun-2020;SI033;52;0
23-Jun-2020;SI033;52;0
24-Jun-2020;SI033;52;0
25-Jun-2020;SI033;52;0
26-Jun-2020;SI033;52;0
27-Jun-2020;SI033;53;1
28-Jun-2020;SI033;56;3
29-Jun-2020;SI033;56;0
30-Jun-2020;SI033;57;1
01-Jul-2020;SI033;66;9
02-Jul-2020;SI033;68;2
03-Jul-2020;SI033;71;3
04-Jul-2020;SI033;74;3
05-Jul-2020;SI033;74;0
06-Jul-2020;SI033;76;2
07-Jul-2020;SI033;78;2
08-Jul-2020;SI033;78;0
09-Jul-2020;SI033;80;2
10-Jul-2020;SI033;84;4
11-Jul-2020;SI033;84;0
12-Jul-2020;SI033;84;0
13-Jul-2020;SI033;84;0
14-Jul-2020;SI033;85;1
15-Jul-2020;SI033;86;1
16-Jul-2020;SI033;86;0
17-Jul-2020;SI033;86;0
18-Jul-2020;SI033;86;0
19-Jul-2020;SI033;86;0
20-Jul-2020;SI033;86;0
21-Jul-2020;SI033;88;2
22-Jul-2020;SI033;88;0
23-Jul-2020;SI033;88;0
24-Jul-2020;SI033;88;0
25-Jul-2020;SI033;88;0
26-Jul-2020;SI033;88;0
27-Jul-2020;SI033;88;0
28-Jul-2020;SI033;89;1
29-Jul-2020;SI033;89;0
30-Jul-2020;SI033;89;0
31-Jul-2020;SI033;90;1
01-Aug-2020;SI033;90;0
02-Aug-2020;SI033;91;1
03-Aug-2020;SI033;91;0
04-Aug-2020;SI033;91;0
05-Aug-2020;SI033;91;0
06-Aug-2020;SI033;91;0
07-Aug-2020;SI033;93;2
08-Aug-2020;SI033;94;1
09-Aug-2020;SI033;94;0
10-Aug-2020;SI033;94;0
11-Aug-2020;SI033;96;2
12-Aug-2020;SI033;98;2
13-Aug-2020;SI033;100;2
14-Aug-2020;SI033;100;0
15-Aug-2020;SI033;100;0
16-Aug-2020;SI033;101;1
17-Aug-2020;SI033;102;1
18-Aug-2020;SI033;102;0
19-Aug-2020;SI033;102;0
20-Aug-2020;SI033;104;2
21-Aug-2020;SI033;104;0
22-Aug-2020;SI033;104;0
23-Aug-2020;SI033;104;0
24-Aug-2020;SI033;107;3
25-Aug-2020;SI033;109;2
26-Aug-2020;SI033;113;4
27-Aug-2020;SI033;116;3
28-Aug-2020;SI033;117;1
29-Aug-2020;SI033;118;1
30-Aug-2020;SI033;118;0
31-Aug-2020;SI033;118;0
01-Sep-2020;SI033;120;2
02-Sep-2020;SI033;120;0
03-Sep-2020;SI033;122;2
04-Sep-2020;SI033;125;3
05-Sep-2020;SI033;125;0
06-Sep-2020;SI033;125;0
07-Sep-2020;SI033;126;1
08-Sep-2020;SI033;132;6
09-Sep-2020;SI033;134;2
10-Sep-2020;SI033;139;5
11-Sep-2020;SI033;140;1
12-Sep-2020;SI033;141;1
13-Sep-2020;SI033;142;1
14-Sep-2020;SI033;142;0
15-Sep-2020;SI033;147;5
16-Sep-2020;SI033;150;3
17-Sep-2020;SI033;154;4
18-Sep-2020;SI033;158;4
19-Sep-2020;SI033;161;3
20-Sep-2020;SI033;167;6
21-Sep-2020;SI033;171;4
22-Sep-2020;SI033;189;18
23-Sep-2020;SI033;202;13
24-Sep-2020;SI033;217;15
25-Sep-2020;SI033;233;16
26-Sep-2020;SI033;251;18
27-Sep-2020;SI033;254;3
28-Sep-2020;SI033;269;15
29-Sep-2020;SI033;281;12
30-Sep-2020;SI033;289;8
01-Oct-2020;SI033;303;14
02-Oct-2020;SI033;313;10
03-Oct-2020;SI033;337;24
04-Oct-2020;SI033;339;2
05-Oct-2020;SI033;349;10
06-Oct-2020;SI033;359;10
07-Oct-2020;SI033;372;13
08-Oct-2020;SI033;388;16
09-Oct-2020;SI033;408;20
10-Oct-2020;SI033;427;19
11-Oct-2020;SI033;440;13
12-Oct-2020;SI033;454;14
13-Oct-2020;SI033;475;21
14-Oct-2020;SI033;502;27
15-Oct-2020;SI033;539;37
16-Oct-2020;SI033;575;36
17-Oct-2020;SI033;605;30
18-Oct-2020;SI033;651;46
19-Oct-2020;SI033;692;41
20-Oct-2020;SI033;756;64
21-Oct-2020;SI033;824;68
22-Oct-2020;SI033;889;65
23-Oct-2020;SI033;947;58
24-Oct-2020;SI033;1001;54
25-Oct-2020;SI033;1037;36
26-Oct-2020;SI033;1110;73
27-Oct-2020;SI033;1193;83
28-Oct-2020;SI033;1282;89
29-Oct-2020;SI033;1347;65
30-Oct-2020;SI033;1422;75
31-Oct-2020;SI033;1489;67
01-Nov-2020;SI033;1514;25
02-Nov-2020;SI033;1551;37
03-Nov-2020;SI033;1602;51
04-Nov-2020;SI033;1663;61
05-Nov-2020;SI033;1702;39
06-Nov-2020;SI033;1771;69
07-Nov-2020;SI033;1847;76
08-Nov-2020;SI033;1866;19
09-Nov-2020;SI033;1900;34
10-Nov-2020;SI033;1987;87
11-Nov-2020;SI033;2064;77
12-Nov-2020;SI033;2100;36
13-Nov-2020;SI033;2171;71
14-Nov-2020;SI033;2219;48
15-Nov-2020;SI033;2271;52
16-Nov-2020;SI033;2332;61
17-Nov-2020;SI033;2446;114
18-Nov-2020;SI033;2585;139
19-Nov-2020;SI033;2621;36
20-Nov-2020;SI033;2747;126
21-Nov-2020;SI033;2832;85
22-Nov-2020;SI033;2853;21
23-Nov-2020;SI033;2914;61
04-Mar-2020;SI034;0;
05-Mar-2020;SI034;0;0
06-Mar-2020;SI034;0;0
07-Mar-2020;SI034;0;0
08-Mar-2020;SI034;0;0
09-Mar-2020;SI034;0;0
10-Mar-2020;SI034;0;0
11-Mar-2020;SI034;4;4
12-Mar-2020;SI034;13;9
13-Mar-2020;SI034;25;12
14-Mar-2020;SI034;32;7
15-Mar-2020;SI034;38;6
16-Mar-2020;SI034;38;0
17-Mar-2020;SI034;40;2
18-Mar-2020;SI034;50;10
19-Mar-2020;SI034;56;6
20-Mar-2020;SI034;56;0
21-Mar-2020;SI034;68;12
22-Mar-2020;SI034;78;10
23-Mar-2020;SI034;87;9
24-Mar-2020;SI034;97;10
25-Mar-2020;SI034;107;10
26-Mar-2020;SI034;118;11
27-Mar-2020;SI034;122;4
28-Mar-2020;SI034;142;20
29-Mar-2020;SI034;152;10
30-Mar-2020;SI034;159;7
31-Mar-2020;SI034;164;5
01-Apr-2020;SI034;176;12
02-Apr-2020;SI034;186;10
03-Apr-2020;SI034;204;18
04-Apr-2020;SI034;213;9
05-Apr-2020;SI034;222;9
06-Apr-2020;SI034;232;10
07-Apr-2020;SI034;238;6
08-Apr-2020;SI034;246;8
09-Apr-2020;SI034;250;4
10-Apr-2020;SI034;255;5
11-Apr-2020;SI034;257;2
12-Apr-2020;SI034;258;1
13-Apr-2020;SI034;258;0
14-Apr-2020;SI034;261;3
15-Apr-2020;SI034;262;1
16-Apr-2020;SI034;279;17
17-Apr-2020;SI034;283;4
18-Apr-2020;SI034;289;6
19-Apr-2020;SI034;290;1
20-Apr-2020;SI034;293;3
21-Apr-2020;SI034;294;1
22-Apr-2020;SI034;294;0
23-Apr-2020;SI034;294;0
24-Apr-2020;SI034;294;0
25-Apr-2020;SI034;294;0
26-Apr-2020;SI034;295;1
27-Apr-2020;SI034;299;4
28-Apr-2020;SI034;299;0
29-Apr-2020;SI034;301;2
30-Apr-2020;SI034;301;0
01-May-2020;SI034;302;1
02-May-2020;SI034;302;0
03-May-2020;SI034;302;0
04-May-2020;SI034;303;1
05-May-2020;SI034;303;0
06-May-2020;SI034;304;1
07-May-2020;SI034;304;0
08-May-2020;SI034;304;0
09-May-2020;SI034;305;1
10-May-2020;SI034;305;0
11-May-2020;SI034;306;1
12-May-2020;SI034;306;0
13-May-2020;SI034;306;0
14-May-2020;SI034;306;0
15-May-2020;SI034;306;0
16-May-2020;SI034;307;1
17-May-2020;SI034;307;0
18-May-2020;SI034;307;0
19-May-2020;SI034;307;0
20-May-2020;SI034;307;0
21-May-2020;SI034;307;0
22-May-2020;SI034;307;0
23-May-2020;SI034;307;0
24-May-2020;SI034;307;0
25-May-2020;SI034;307;0
26-May-2020;SI034;307;0
27-May-2020;SI034;307;0
28-May-2020;SI034;307;0
29-May-2020;SI034;307;0
30-May-2020;SI034;307;0
31-May-2020;SI034;307;0
01-Jun-2020;SI034;307;0
02-Jun-2020;SI034;307;0
03-Jun-2020;SI034;307;0
04-Jun-2020;SI034;307;0
05-Jun-2020;SI034;307;0
06-Jun-2020;SI034;307;0
07-Jun-2020;SI034;307;0
08-Jun-2020;SI034;307;0
09-Jun-2020;SI034;307;0
10-Jun-2020;SI034;307;0
11-Jun-2020;SI034;307;0
12-Jun-2020;SI034;307;0
13-Jun-2020;SI034;307;0
14-Jun-2020;SI034;307;0
15-Jun-2020;SI034;307;0
16-Jun-2020;SI034;307;0
17-Jun-2020;SI034;307;0
18-Jun-2020;SI034;307;0
19-Jun-2020;SI034;307;0
20-Jun-2020;SI034;308;1
21-Jun-2020;SI034;308;0
22-Jun-2020;SI034;309;1
23-Jun-2020;SI034;311;2
24-Jun-2020;SI034;312;1
25-Jun-2020;SI034;313;1
26-Jun-2020;SI034;314;1
27-Jun-2020;SI034;314;0
28-Jun-2020;SI034;314;0
29-Jun-2020;SI034;314;0
30-Jun-2020;SI034;314;0
01-Jul-2020;SI034;314;0
02-Jul-2020;SI034;314;0
03-Jul-2020;SI034;317;3
04-Jul-2020;SI034;317;0
05-Jul-2020;SI034;317;0
06-Jul-2020;SI034;317;0
07-Jul-2020;SI034;318;1
08-Jul-2020;SI034;319;1
09-Jul-2020;SI034;321;2
10-Jul-2020;SI034;330;9
11-Jul-2020;SI034;330;0
12-Jul-2020;SI034;332;2
13-Jul-2020;SI034;333;1
14-Jul-2020;SI034;341;8
15-Jul-2020;SI034;342;1
16-Jul-2020;SI034;344;2
17-Jul-2020;SI034;347;3
18-Jul-2020;SI034;347;0
19-Jul-2020;SI034;347;0
20-Jul-2020;SI034;348;1
21-Jul-2020;SI034;354;6
22-Jul-2020;SI034;357;3
23-Jul-2020;SI034;363;6
24-Jul-2020;SI034;368;5
25-Jul-2020;SI034;369;1
26-Jul-2020;SI034;369;0
27-Jul-2020;SI034;372;3
28-Jul-2020;SI034;374;2
29-Jul-2020;SI034;380;6
30-Jul-2020;SI034;384;4
31-Jul-2020;SI034;386;2
01-Aug-2020;SI034;389;3
02-Aug-2020;SI034;389;0
03-Aug-2020;SI034;392;3
04-Aug-2020;SI034;400;8
05-Aug-2020;SI034;402;2
06-Aug-2020;SI034;405;3
07-Aug-2020;SI034;410;5
08-Aug-2020;SI034;410;0
09-Aug-2020;SI034;411;1
10-Aug-2020;SI034;413;2
11-Aug-2020;SI034;418;5
12-Aug-2020;SI034;419;1
13-Aug-2020;SI034;426;7
14-Aug-2020;SI034;435;9
15-Aug-2020;SI034;437;2
16-Aug-2020;SI034;438;1
17-Aug-2020;SI034;442;4
18-Aug-2020;SI034;446;4
19-Aug-2020;SI034;457;11
20-Aug-2020;SI034;465;8
21-Aug-2020;SI034;471;6
22-Aug-2020;SI034;474;3
23-Aug-2020;SI034;476;2
24-Aug-2020;SI034;480;4
25-Aug-2020;SI034;487;7
26-Aug-2020;SI034;492;5
27-Aug-2020;SI034;502;10
28-Aug-2020;SI034;508;6
29-Aug-2020;SI034;514;6
30-Aug-2020;SI034;514;0
31-Aug-2020;SI034;525;11
01-Sep-2020;SI034;532;7
02-Sep-2020;SI034;537;5
03-Sep-2020;SI034;548;11
04-Sep-2020;SI034;556;8
05-Sep-2020;SI034;569;13
06-Sep-2020;SI034;572;3
07-Sep-2020;SI034;573;1
08-Sep-2020;SI034;591;18
09-Sep-2020;SI034;601;10
10-Sep-2020;SI034;614;13
11-Sep-2020;SI034;635;21
12-Sep-2020;SI034;656;21
13-Sep-2020;SI034;666;10
14-Sep-2020;SI034;676;10
15-Sep-2020;SI034;706;30
16-Sep-2020;SI034;724;18
17-Sep-2020;SI034;742;18
18-Sep-2020;SI034;757;15
19-Sep-2020;SI034;763;6
20-Sep-2020;SI034;780;17
21-Sep-2020;SI034;793;13
22-Sep-2020;SI034;816;23
23-Sep-2020;SI034;834;18
24-Sep-2020;SI034;865;31
25-Sep-2020;SI034;885;20
26-Sep-2020;SI034;901;16
27-Sep-2020;SI034;905;4
28-Sep-2020;SI034;926;21
29-Sep-2020;SI034;952;26
30-Sep-2020;SI034;973;21
01-Oct-2020;SI034;1006;33
02-Oct-2020;SI034;1038;32
03-Oct-2020;SI034;1056;18
04-Oct-2020;SI034;1062;6
05-Oct-2020;SI034;1089;27
06-Oct-2020;SI034;1135;46
07-Oct-2020;SI034;1176;41
08-Oct-2020;SI034;1230;54
09-Oct-2020;SI034;1261;31
10-Oct-2020;SI034;1287;26
11-Oct-2020;SI034;1298;11
12-Oct-2020;SI034;1352;54
13-Oct-2020;SI034;1406;54
14-Oct-2020;SI034;1501;95
15-Oct-2020;SI034;1577;76
16-Oct-2020;SI034;1697;120
17-Oct-2020;SI034;1752;55
18-Oct-2020;SI034;1791;39
19-Oct-2020;SI034;1861;70
20-Oct-2020;SI034;2061;200
21-Oct-2020;SI034;2263;202
22-Oct-2020;SI034;2548;285
23-Oct-2020;SI034;2840;292
24-Oct-2020;SI034;3047;207
25-Oct-2020;SI034;3132;85
26-Oct-2020;SI034;3307;175
27-Oct-2020;SI034;3699;392
28-Oct-2020;SI034;4017;318
29-Oct-2020;SI034;4303;286
30-Oct-2020;SI034;4504;201
31-Oct-2020;SI034;4627;123
01-Nov-2020;SI034;4673;46
02-Nov-2020;SI034;4815;142
03-Nov-2020;SI034;5138;323
04-Nov-2020;SI034;5314;176
05-Nov-2020;SI034;5531;217
06-Nov-2020;SI034;5683;152
07-Nov-2020;SI034;5741;58
08-Nov-2020;SI034;5792;51
09-Nov-2020;SI034;5959;167
10-Nov-2020;SI034;6233;274
11-Nov-2020;SI034;6487;254
12-Nov-2020;SI034;6724;237
13-Nov-2020;SI034;6927;203
14-Nov-2020;SI034;7053;126
15-Nov-2020;SI034;7075;22
16-Nov-2020;SI034;7241;166
17-Nov-2020;SI034;7513;272
18-Nov-2020;SI034;7849;336
19-Nov-2020;SI034;8119;270
20-Nov-2020;SI034;8365;246
21-Nov-2020;SI034;8521;156
22-Nov-2020;SI034;8576;55
23-Nov-2020;SI034;8784;208
04-Mar-2020;SI035;0;
05-Mar-2020;SI035;0;0
06-Mar-2020;SI035;0;0
07-Mar-2020;SI035;0;0
08-Mar-2020;SI035;0;0
09-Mar-2020;SI035;0;0
10-Mar-2020;SI035;0;0
11-Mar-2020;SI035;0;0
12-Mar-2020;SI035;1;1
13-Mar-2020;SI035;2;1
14-Mar-2020;SI035;2;0
15-Mar-2020;SI035;2;0
16-Mar-2020;SI035;2;0
17-Mar-2020;SI035;2;0
18-Mar-2020;SI035;2;0
19-Mar-2020;SI035;2;0
20-Mar-2020;SI035;3;1
21-Mar-2020;SI035;5;2
22-Mar-2020;SI035;5;0
23-Mar-2020;SI035;7;2
24-Mar-2020;SI035;8;1
25-Mar-2020;SI035;10;2
26-Mar-2020;SI035;11;1
27-Mar-2020;SI035;12;1
28-Mar-2020;SI035;14;2
29-Mar-2020;SI035;14;0
30-Mar-2020;SI035;15;1
31-Mar-2020;SI035;18;3
01-Apr-2020;SI035;19;1
02-Apr-2020;SI035;19;0
03-Apr-2020;SI035;19;0
04-Apr-2020;SI035;19;0
05-Apr-2020;SI035;22;3
06-Apr-2020;SI035;23;1
07-Apr-2020;SI035;24;1
08-Apr-2020;SI035;25;1
09-Apr-2020;SI035;25;0
10-Apr-2020;SI035;25;0
11-Apr-2020;SI035;26;1
12-Apr-2020;SI035;26;0
13-Apr-2020;SI035;26;0
14-Apr-2020;SI035;28;2
15-Apr-2020;SI035;30;2
16-Apr-2020;SI035;30;0
17-Apr-2020;SI035;30;0
18-Apr-2020;SI035;30;0
19-Apr-2020;SI035;30;0
20-Apr-2020;SI035;30;0
21-Apr-2020;SI035;31;1
22-Apr-2020;SI035;31;0
23-Apr-2020;SI035;31;0
24-Apr-2020;SI035;33;2
25-Apr-2020;SI035;33;0
26-Apr-2020;SI035;33;0
27-Apr-2020;SI035;33;0
28-Apr-2020;SI035;33;0
29-Apr-2020;SI035;34;1
30-Apr-2020;SI035;34;0
01-May-2020;SI035;34;0
02-May-2020;SI035;34;0
03-May-2020;SI035;34;0
04-May-2020;SI035;34;0
05-May-2020;SI035;34;0
06-May-2020;SI035;34;0
07-May-2020;SI035;34;0
08-May-2020;SI035;35;1
09-May-2020;SI035;35;0
10-May-2020;SI035;35;0
11-May-2020;SI035;35;0
12-May-2020;SI035;35;0
13-May-2020;SI035;35;0
14-May-2020;SI035;35;0
15-May-2020;SI035;35;0
16-May-2020;SI035;35;0
17-May-2020;SI035;35;0
18-May-2020;SI035;35;0
19-May-2020;SI035;35;0
20-May-2020;SI035;35;0
21-May-2020;SI035;35;0
22-May-2020;SI035;35;0
23-May-2020;SI035;35;0
24-May-2020;SI035;35;0
25-May-2020;SI035;35;0
26-May-2020;SI035;35;0
27-May-2020;SI035;35;0
28-May-2020;SI035;35;0
29-May-2020;SI035;35;0
30-May-2020;SI035;35;0
31-May-2020;SI035;35;0
01-Jun-2020;SI035;35;0
02-Jun-2020;SI035;35;0
03-Jun-2020;SI035;35;0
04-Jun-2020;SI035;35;0
05-Jun-2020;SI035;35;0
06-Jun-2020;SI035;35;0
07-Jun-2020;SI035;35;0
08-Jun-2020;SI035;35;0
09-Jun-2020;SI035;35;0
10-Jun-2020;SI035;35;0
11-Jun-2020;SI035;35;0
12-Jun-2020;SI035;35;0
13-Jun-2020;SI035;35;0
14-Jun-2020;SI035;35;0
15-Jun-2020;SI035;35;0
16-Jun-2020;SI035;35;0
17-Jun-2020;SI035;35;0
18-Jun-2020;SI035;35;0
19-Jun-2020;SI035;35;0
20-Jun-2020;SI035;35;0
21-Jun-2020;SI035;35;0
22-Jun-2020;SI035;35;0
23-Jun-2020;SI035;35;0
24-Jun-2020;SI035;35;0
25-Jun-2020;SI035;35;0
26-Jun-2020;SI035;36;1
27-Jun-2020;SI035;36;0
28-Jun-2020;SI035;36;0
29-Jun-2020;SI035;36;0
30-Jun-2020;SI035;36;0
01-Jul-2020;SI035;36;0
02-Jul-2020;SI035;37;1
03-Jul-2020;SI035;37;0
04-Jul-2020;SI035;37;0
05-Jul-2020;SI035;37;0
06-Jul-2020;SI035;38;1
07-Jul-2020;SI035;38;0
08-Jul-2020;SI035;40;2
09-Jul-2020;SI035;42;2
10-Jul-2020;SI035;47;5
11-Jul-2020;SI035;47;0
12-Jul-2020;SI035;48;1
13-Jul-2020;SI035;51;3
14-Jul-2020;SI035;53;2
15-Jul-2020;SI035;60;7
16-Jul-2020;SI035;68;8
17-Jul-2020;SI035;72;4
18-Jul-2020;SI035;73;1
19-Jul-2020;SI035;75;2
20-Jul-2020;SI035;87;12
21-Jul-2020;SI035;94;7
22-Jul-2020;SI035;104;10
23-Jul-2020;SI035;106;2
24-Jul-2020;SI035;106;0
25-Jul-2020;SI035;120;14
26-Jul-2020;SI035;120;0
27-Jul-2020;SI035;121;1
28-Jul-2020;SI035;123;2
29-Jul-2020;SI035;124;1
30-Jul-2020;SI035;125;1
31-Jul-2020;SI035;126;1
01-Aug-2020;SI035;127;1
02-Aug-2020;SI035;127;0
03-Aug-2020;SI035;130;3
04-Aug-2020;SI035;130;0
05-Aug-2020;SI035;132;2
06-Aug-2020;SI035;132;0
07-Aug-2020;SI035;132;0
08-Aug-2020;SI035;132;0
09-Aug-2020;SI035;132;0
10-Aug-2020;SI035;132;0
11-Aug-2020;SI035;133;1
12-Aug-2020;SI035;134;1
13-Aug-2020;SI035;135;1
14-Aug-2020;SI035;138;3
15-Aug-2020;SI035;139;1
16-Aug-2020;SI035;139;0
17-Aug-2020;SI035;139;0
18-Aug-2020;SI035;141;2
19-Aug-2020;SI035;142;1
20-Aug-2020;SI035;142;0
21-Aug-2020;SI035;142;0
22-Aug-2020;SI035;143;1
23-Aug-2020;SI035;143;0
24-Aug-2020;SI035;143;0
25-Aug-2020;SI035;143;0
26-Aug-2020;SI035;144;1
27-Aug-2020;SI035;144;0
28-Aug-2020;SI035;145;1
29-Aug-2020;SI035;145;0
30-Aug-2020;SI035;145;0
31-Aug-2020;SI035;145;0
01-Sep-2020;SI035;147;2
02-Sep-2020;SI035;148;1
03-Sep-2020;SI035;148;0
04-Sep-2020;SI035;148;0
05-Sep-2020;SI035;148;0
06-Sep-2020;SI035;148;0
07-Sep-2020;SI035;148;0
08-Sep-2020;SI035;152;4
09-Sep-2020;SI035;152;0
10-Sep-2020;SI035;154;2
11-Sep-2020;SI035;157;3
12-Sep-2020;SI035;158;1
13-Sep-2020;SI035;158;0
14-Sep-2020;SI035;158;0
15-Sep-2020;SI035;161;3
16-Sep-2020;SI035;163;2
17-Sep-2020;SI035;167;4
18-Sep-2020;SI035;171;4
19-Sep-2020;SI035;172;1
20-Sep-2020;SI035;172;0
21-Sep-2020;SI035;173;1
22-Sep-2020;SI035;183;10
23-Sep-2020;SI035;189;6
24-Sep-2020;SI035;195;6
25-Sep-2020;SI035;200;5
26-Sep-2020;SI035;208;8
27-Sep-2020;SI035;210;2
28-Sep-2020;SI035;214;4
29-Sep-2020;SI035;229;15
30-Sep-2020;SI035;237;8
01-Oct-2020;SI035;247;10
02-Oct-2020;SI035;257;10
03-Oct-2020;SI035;262;5
04-Oct-2020;SI035;262;0
05-Oct-2020;SI035;265;3
06-Oct-2020;SI035;282;17
07-Oct-2020;SI035;287;5
08-Oct-2020;SI035;295;8
09-Oct-2020;SI035;305;10
10-Oct-2020;SI035;318;13
11-Oct-2020;SI035;322;4
12-Oct-2020;SI035;325;3
13-Oct-2020;SI035;348;23
14-Oct-2020;SI035;370;22
15-Oct-2020;SI035;387;17
16-Oct-2020;SI035;411;24
17-Oct-2020;SI035;431;20
18-Oct-2020;SI035;436;5
19-Oct-2020;SI035;459;23
20-Oct-2020;SI035;496;37
21-Oct-2020;SI035;522;26
22-Oct-2020;SI035;556;34
23-Oct-2020;SI035;600;44
24-Oct-2020;SI035;656;56
25-Oct-2020;SI035;674;18
26-Oct-2020;SI035;719;45
27-Oct-2020;SI035;767;48
28-Oct-2020;SI035;810;43
29-Oct-2020;SI035;847;37
30-Oct-2020;SI035;867;20
31-Oct-2020;SI035;893;26
01-Nov-2020;SI035;898;5
02-Nov-2020;SI035;925;27
03-Nov-2020;SI035;964;39
04-Nov-2020;SI035;999;35
05-Nov-2020;SI035;1019;20
06-Nov-2020;SI035;1078;59
07-Nov-2020;SI035;1104;26
08-Nov-2020;SI035;1111;7
09-Nov-2020;SI035;1133;22
10-Nov-2020;SI035;1195;62
11-Nov-2020;SI035;1269;74
12-Nov-2020;SI035;1293;24
13-Nov-2020;SI035;1357;64
14-Nov-2020;SI035;1357;0
15-Nov-2020;SI035;1368;11
16-Nov-2020;SI035;1415;47
17-Nov-2020;SI035;1487;72
18-Nov-2020;SI035;1535;48
19-Nov-2020;SI035;1587;52
20-Nov-2020;SI035;1644;57
21-Nov-2020;SI035;1649;5
22-Nov-2020;SI035;1664;15
23-Nov-2020;SI035;1701;37
04-Mar-2020;SI036;0;
05-Mar-2020;SI036;0;0
06-Mar-2020;SI036;0;0
07-Mar-2020;SI036;0;0
08-Mar-2020;SI036;0;0
09-Mar-2020;SI036;0;0
10-Mar-2020;SI036;0;0
11-Mar-2020;SI036;0;0
12-Mar-2020;SI036;1;1
13-Mar-2020;SI036;1;0
14-Mar-2020;SI036;1;0
15-Mar-2020;SI036;1;0
16-Mar-2020;SI036;1;0
17-Mar-2020;SI036;1;0
18-Mar-2020;SI036;1;0
19-Mar-2020;SI036;2;1
20-Mar-2020;SI036;3;1
21-Mar-2020;SI036;5;2
22-Mar-2020;SI036;5;0
23-Mar-2020;SI036;6;1
24-Mar-2020;SI036;7;1
25-Mar-2020;SI036;7;0
26-Mar-2020;SI036;7;0
27-Mar-2020;SI036;7;0
28-Mar-2020;SI036;7;0
29-Mar-2020;SI036;8;1
30-Mar-2020;SI036;9;1
31-Mar-2020;SI036;9;0
01-Apr-2020;SI036;9;0
02-Apr-2020;SI036;10;1
03-Apr-2020;SI036;10;0
04-Apr-2020;SI036;10;0
05-Apr-2020;SI036;10;0
06-Apr-2020;SI036;10;0
07-Apr-2020;SI036;10;0
08-Apr-2020;SI036;10;0
09-Apr-2020;SI036;11;1
10-Apr-2020;SI036;11;0
11-Apr-2020;SI036;11;0
12-Apr-2020;SI036;11;0
13-Apr-2020;SI036;12;1
14-Apr-2020;SI036;12;0
15-Apr-2020;SI036;12;0
16-Apr-2020;SI036;13;1
17-Apr-2020;SI036;13;0
18-Apr-2020;SI036;13;0
19-Apr-2020;SI036;13;0
20-Apr-2020;SI036;13;0
21-Apr-2020;SI036;13;0
22-Apr-2020;SI036;13;0
23-Apr-2020;SI036;13;0
24-Apr-2020;SI036;13;0
25-Apr-2020;SI036;13;0
26-Apr-2020;SI036;13;0
27-Apr-2020;SI036;13;0
28-Apr-2020;SI036;13;0
29-Apr-2020;SI036;13;0
30-Apr-2020;SI036;13;0
01-May-2020;SI036;13;0
02-May-2020;SI036;13;0
03-May-2020;SI036;13;0
04-May-2020;SI036;13;0
05-May-2020;SI036;13;0
06-May-2020;SI036;13;0
07-May-2020;SI036;13;0
08-May-2020;SI036;13;0
09-May-2020;SI036;13;0
10-May-2020;SI036;13;0
11-May-2020;SI036;13;0
12-May-2020;SI036;13;0
13-May-2020;SI036;13;0
14-May-2020;SI036;13;0
15-May-2020;SI036;13;0
16-May-2020;SI036;13;0
17-May-2020;SI036;13;0
18-May-2020;SI036;13;0
19-May-2020;SI036;13;0
20-May-2020;SI036;13;0
21-May-2020;SI036;13;0
22-May-2020;SI036;13;0
23-May-2020;SI036;13;0
24-May-2020;SI036;13;0
25-May-2020;SI036;13;0
26-May-2020;SI036;13;0
27-May-2020;SI036;14;1
28-May-2020;SI036;14;0
29-May-2020;SI036;14;0
30-May-2020;SI036;14;0
31-May-2020;SI036;14;0
01-Jun-2020;SI036;14;0
02-Jun-2020;SI036;14;0
03-Jun-2020;SI036;14;0
04-Jun-2020;SI036;14;0
05-Jun-2020;SI036;14;0
06-Jun-2020;SI036;14;0
07-Jun-2020;SI036;14;0
08-Jun-2020;SI036;14;0
09-Jun-2020;SI036;14;0
10-Jun-2020;SI036;14;0
11-Jun-2020;SI036;14;0
12-Jun-2020;SI036;14;0
13-Jun-2020;SI036;14;0
14-Jun-2020;SI036;14;0
15-Jun-2020;SI036;15;1
16-Jun-2020;SI036;15;0
17-Jun-2020;SI036;16;1
18-Jun-2020;SI036;16;0
19-Jun-2020;SI036;16;0
20-Jun-2020;SI036;16;0
21-Jun-2020;SI036;16;0
22-Jun-2020;SI036;16;0
23-Jun-2020;SI036;16;0
24-Jun-2020;SI036;16;0
25-Jun-2020;SI036;16;0
26-Jun-2020;SI036;16;0
27-Jun-2020;SI036;16;0
28-Jun-2020;SI036;16;0
29-Jun-2020;SI036;16;0
30-Jun-2020;SI036;17;1
01-Jul-2020;SI036;17;0
02-Jul-2020;SI036;18;1
03-Jul-2020;SI036;18;0
04-Jul-2020;SI036;18;0
05-Jul-2020;SI036;18;0
06-Jul-2020;SI036;18;0
07-Jul-2020;SI036;20;2
08-Jul-2020;SI036;20;0
09-Jul-2020;SI036;21;1
10-Jul-2020;SI036;21;0
11-Jul-2020;SI036;21;0
12-Jul-2020;SI036;21;0
13-Jul-2020;SI036;21;0
14-Jul-2020;SI036;21;0
15-Jul-2020;SI036;22;1
16-Jul-2020;SI036;23;1
17-Jul-2020;SI036;25;2
18-Jul-2020;SI036;25;0
19-Jul-2020;SI036;25;0
20-Jul-2020;SI036;25;0
21-Jul-2020;SI036;25;0
22-Jul-2020;SI036;25;0
23-Jul-2020;SI036;27;2
24-Jul-2020;SI036;28;1
25-Jul-2020;SI036;28;0
26-Jul-2020;SI036;28;0
27-Jul-2020;SI036;28;0
28-Jul-2020;SI036;28;0
29-Jul-2020;SI036;28;0
30-Jul-2020;SI036;28;0
31-Jul-2020;SI036;28;0
01-Aug-2020;SI036;28;0
02-Aug-2020;SI036;28;0
03-Aug-2020;SI036;28;0
04-Aug-2020;SI036;28;0
05-Aug-2020;SI036;28;0
06-Aug-2020;SI036;28;0
07-Aug-2020;SI036;28;0
08-Aug-2020;SI036;28;0
09-Aug-2020;SI036;28;0
10-Aug-2020;SI036;28;0
11-Aug-2020;SI036;28;0
12-Aug-2020;SI036;29;1
13-Aug-2020;SI036;30;1
14-Aug-2020;SI036;30;0
15-Aug-2020;SI036;30;0
16-Aug-2020;SI036;30;0
17-Aug-2020;SI036;30;0
18-Aug-2020;SI036;30;0
19-Aug-2020;SI036;31;1
20-Aug-2020;SI036;33;2
21-Aug-2020;SI036;35;2
22-Aug-2020;SI036;36;1
23-Aug-2020;SI036;36;0
24-Aug-2020;SI036;37;1
25-Aug-2020;SI036;39;2
26-Aug-2020;SI036;39;0
27-Aug-2020;SI036;43;4
28-Aug-2020;SI036;44;1
29-Aug-2020;SI036;44;0
30-Aug-2020;SI036;49;5
31-Aug-2020;SI036;54;5
01-Sep-2020;SI036;58;4
02-Sep-2020;SI036;59;1
03-Sep-2020;SI036;64;5
04-Sep-2020;SI036;66;2
05-Sep-2020;SI036;66;0
06-Sep-2020;SI036;67;1
07-Sep-2020;SI036;69;2
08-Sep-2020;SI036;70;1
09-Sep-2020;SI036;70;0
10-Sep-2020;SI036;72;2
11-Sep-2020;SI036;73;1
12-Sep-2020;SI036;73;0
13-Sep-2020;SI036;73;0
14-Sep-2020;SI036;73;0
15-Sep-2020;SI036;74;1
16-Sep-2020;SI036;75;1
17-Sep-2020;SI036;76;1
18-Sep-2020;SI036;76;0
19-Sep-2020;SI036;79;3
20-Sep-2020;SI036;79;0
21-Sep-2020;SI036;79;0
22-Sep-2020;SI036;82;3
23-Sep-2020;SI036;84;2
24-Sep-2020;SI036;88;4
25-Sep-2020;SI036;91;3
26-Sep-2020;SI036;92;1
27-Sep-2020;SI036;92;0
28-Sep-2020;SI036;95;3
29-Sep-2020;SI036;97;2
30-Sep-2020;SI036;101;4
01-Oct-2020;SI036;104;3
02-Oct-2020;SI036;109;5
03-Oct-2020;SI036;111;2
04-Oct-2020;SI036;114;3
05-Oct-2020;SI036;120;6
06-Oct-2020;SI036;129;9
07-Oct-2020;SI036;136;7
08-Oct-2020;SI036;146;10
09-Oct-2020;SI036;159;13
10-Oct-2020;SI036;196;37
11-Oct-2020;SI036;203;7
12-Oct-2020;SI036;211;8
13-Oct-2020;SI036;236;25
14-Oct-2020;SI036;266;30
15-Oct-2020;SI036;313;47
16-Oct-2020;SI036;362;49
17-Oct-2020;SI036;417;55
18-Oct-2020;SI036;427;10
19-Oct-2020;SI036;455;28
20-Oct-2020;SI036;497;42
21-Oct-2020;SI036;538;41
22-Oct-2020;SI036;585;47
23-Oct-2020;SI036;638;53
24-Oct-2020;SI036;679;41
25-Oct-2020;SI036;703;24
26-Oct-2020;SI036;740;37
27-Oct-2020;SI036;807;67
28-Oct-2020;SI036;843;36
29-Oct-2020;SI036;882;39
30-Oct-2020;SI036;915;33
31-Oct-2020;SI036;930;15
01-Nov-2020;SI036;943;13
02-Nov-2020;SI036;972;29
03-Nov-2020;SI036;1016;44
04-Nov-2020;SI036;1050;34
05-Nov-2020;SI036;1082;32
06-Nov-2020;SI036;1122;40
07-Nov-2020;SI036;1137;15
08-Nov-2020;SI036;1147;10
09-Nov-2020;SI036;1179;32
10-Nov-2020;SI036;1215;36
11-Nov-2020;SI036;1264;49
12-Nov-2020;SI036;1293;29
13-Nov-2020;SI036;1356;63
14-Nov-2020;SI036;1364;8
15-Nov-2020;SI036;1377;13
16-Nov-2020;SI036;1426;49
17-Nov-2020;SI036;1476;50
18-Nov-2020;SI036;1538;62
19-Nov-2020;SI036;1611;73
20-Nov-2020;SI036;1660;49
21-Nov-2020;SI036;1682;22
22-Nov-2020;SI036;1695;13
23-Nov-2020;SI036;1746;51
04-Mar-2020;SI037;0;
05-Mar-2020;SI037;0;0
06-Mar-2020;SI037;1;1
07-Mar-2020;SI037;3;2
08-Mar-2020;SI037;6;3
09-Mar-2020;SI037;11;5
10-Mar-2020;SI037;12;1
11-Mar-2020;SI037;18;6
12-Mar-2020;SI037;30;12
13-Mar-2020;SI037;40;10
14-Mar-2020;SI037;41;1
15-Mar-2020;SI037;45;4
16-Mar-2020;SI037;47;2
17-Mar-2020;SI037;50;3
18-Mar-2020;SI037;51;1
19-Mar-2020;SI037;54;3
20-Mar-2020;SI037;56;2
21-Mar-2020;SI037;57;1
22-Mar-2020;SI037;58;1
23-Mar-2020;SI037;58;0
24-Mar-2020;SI037;62;4
25-Mar-2020;SI037;65;3
26-Mar-2020;SI037;83;18
27-Mar-2020;SI037;87;4
28-Mar-2020;SI037;89;2
29-Mar-2020;SI037;90;1
30-Mar-2020;SI037;96;6
31-Mar-2020;SI037;97;1
01-Apr-2020;SI037;102;5
02-Apr-2020;SI037;105;3
03-Apr-2020;SI037;109;4
04-Apr-2020;SI037;109;0
05-Apr-2020;SI037;109;0
06-Apr-2020;SI037;109;0
07-Apr-2020;SI037;110;1
08-Apr-2020;SI037;112;2
09-Apr-2020;SI037;117;5
10-Apr-2020;SI037;122;5
11-Apr-2020;SI037;125;3
12-Apr-2020;SI037;125;0
13-Apr-2020;SI037;126;1
14-Apr-2020;SI037;126;0
15-Apr-2020;SI037;129;3
16-Apr-2020;SI037;134;5
17-Apr-2020;SI037;137;3
18-Apr-2020;SI037;138;1
19-Apr-2020;SI037;138;0
20-Apr-2020;SI037;140;2
21-Apr-2020;SI037;142;2
22-Apr-2020;SI037;144;2
23-Apr-2020;SI037;145;1
24-Apr-2020;SI037;145;0
25-Apr-2020;SI037;145;0
26-Apr-2020;SI037;146;1
27-Apr-2020;SI037;146;0
28-Apr-2020;SI037;147;1
29-Apr-2020;SI037;148;1
30-Apr-2020;SI037;148;0
01-May-2020;SI037;149;1
02-May-2020;SI037;149;0
03-May-2020;SI037;149;0
04-May-2020;SI037;149;0
05-May-2020;SI037;150;1
06-May-2020;SI037;150;0
07-May-2020;SI037;150;0
08-May-2020;SI037;150;0
09-May-2020;SI037;151;1
10-May-2020;SI037;151;0
11-May-2020;SI037;151;0
12-May-2020;SI037;152;1
13-May-2020;SI037;152;0
14-May-2020;SI037;152;0
15-May-2020;SI037;152;0
16-May-2020;SI037;152;0
17-May-2020;SI037;152;0
18-May-2020;SI037;152;0
19-May-2020;SI037;153;1
20-May-2020;SI037;153;0
21-May-2020;SI037;153;0
22-May-2020;SI037;153;0
23-May-2020;SI037;153;0
24-May-2020;SI037;153;0
25-May-2020;SI037;153;0
26-May-2020;SI037;153;0
27-May-2020;SI037;153;0
28-May-2020;SI037;153;0
29-May-2020;SI037;153;0
30-May-2020;SI037;153;0
31-May-2020;SI037;153;0
01-Jun-2020;SI037;153;0
02-Jun-2020;SI037;153;0
03-Jun-2020;SI037;153;0
04-Jun-2020;SI037;153;0
05-Jun-2020;SI037;153;0
06-Jun-2020;SI037;153;0
07-Jun-2020;SI037;153;0
08-Jun-2020;SI037;153;0
09-Jun-2020;SI037;153;0
10-Jun-2020;SI037;153;0
11-Jun-2020;SI037;153;0
12-Jun-2020;SI037;153;0
13-Jun-2020;SI037;153;0
14-Jun-2020;SI037;153;0
15-Jun-2020;SI037;153;0
16-Jun-2020;SI037;153;0
17-Jun-2020;SI037;153;0
18-Jun-2020;SI037;153;0
19-Jun-2020;SI037;153;0
20-Jun-2020;SI037;153;0
21-Jun-2020;SI037;153;0
22-Jun-2020;SI037;154;1
23-Jun-2020;SI037;154;0
24-Jun-2020;SI037;154;0
25-Jun-2020;SI037;154;0
26-Jun-2020;SI037;157;3
27-Jun-2020;SI037;157;0
28-Jun-2020;SI037;157;0
29-Jun-2020;SI037;158;1
30-Jun-2020;SI037;158;0
01-Jul-2020;SI037;158;0
02-Jul-2020;SI037;158;0
03-Jul-2020;SI037;158;0
04-Jul-2020;SI037;158;0
05-Jul-2020;SI037;158;0
06-Jul-2020;SI037;159;1
07-Jul-2020;SI037;162;3
08-Jul-2020;SI037;163;1
09-Jul-2020;SI037;163;0
10-Jul-2020;SI037;164;1
11-Jul-2020;SI037;165;1
12-Jul-2020;SI037;165;0
13-Jul-2020;SI037;166;1
14-Jul-2020;SI037;167;1
15-Jul-2020;SI037;167;0
16-Jul-2020;SI037;168;1
17-Jul-2020;SI037;169;1
18-Jul-2020;SI037;169;0
19-Jul-2020;SI037;169;0
20-Jul-2020;SI037;170;1
21-Jul-2020;SI037;171;1
22-Jul-2020;SI037;172;1
23-Jul-2020;SI037;173;1
24-Jul-2020;SI037;173;0
25-Jul-2020;SI037;173;0
26-Jul-2020;SI037;173;0
27-Jul-2020;SI037;173;0
28-Jul-2020;SI037;174;1
29-Jul-2020;SI037;176;2
30-Jul-2020;SI037;179;3
31-Jul-2020;SI037;180;1
01-Aug-2020;SI037;180;0
02-Aug-2020;SI037;180;0
03-Aug-2020;SI037;180;0
04-Aug-2020;SI037;180;0
05-Aug-2020;SI037;180;0
06-Aug-2020;SI037;180;0
07-Aug-2020;SI037;181;1
08-Aug-2020;SI037;182;1
09-Aug-2020;SI037;183;1
10-Aug-2020;SI037;184;1
11-Aug-2020;SI037;186;2
12-Aug-2020;SI037;190;4
13-Aug-2020;SI037;193;3
14-Aug-2020;SI037;196;3
15-Aug-2020;SI037;196;0
16-Aug-2020;SI037;199;3
17-Aug-2020;SI037;203;4
18-Aug-2020;SI037;207;4
19-Aug-2020;SI037;213;6
20-Aug-2020;SI037;219;6
21-Aug-2020;SI037;225;6
22-Aug-2020;SI037;230;5
23-Aug-2020;SI037;236;6
24-Aug-2020;SI037;238;2
25-Aug-2020;SI037;238;0
26-Aug-2020;SI037;239;1
27-Aug-2020;SI037;241;2
28-Aug-2020;SI037;244;3
29-Aug-2020;SI037;246;2
30-Aug-2020;SI037;246;0
31-Aug-2020;SI037;249;3
01-Sep-2020;SI037;249;0
02-Sep-2020;SI037;252;3
03-Sep-2020;SI037;255;3
04-Sep-2020;SI037;258;3
05-Sep-2020;SI037;261;3
06-Sep-2020;SI037;264;3
07-Sep-2020;SI037;272;8
08-Sep-2020;SI037;276;4
09-Sep-2020;SI037;282;6
10-Sep-2020;SI037;285;3
11-Sep-2020;SI037;291;6
12-Sep-2020;SI037;291;0
13-Sep-2020;SI037;291;0
14-Sep-2020;SI037;293;2
15-Sep-2020;SI037;293;0
16-Sep-2020;SI037;297;4
17-Sep-2020;SI037;301;4
18-Sep-2020;SI037;303;2
19-Sep-2020;SI037;305;2
20-Sep-2020;SI037;306;1
21-Sep-2020;SI037;307;1
22-Sep-2020;SI037;310;3
23-Sep-2020;SI037;312;2
24-Sep-2020;SI037;315;3
25-Sep-2020;SI037;320;5
26-Sep-2020;SI037;321;1
27-Sep-2020;SI037;324;3
28-Sep-2020;SI037;328;4
29-Sep-2020;SI037;332;4
30-Sep-2020;SI037;343;11
01-Oct-2020;SI037;353;10
02-Oct-2020;SI037;363;10
03-Oct-2020;SI037;376;13
04-Oct-2020;SI037;377;1
05-Oct-2020;SI037;381;4
06-Oct-2020;SI037;411;30
07-Oct-2020;SI037;450;39
08-Oct-2020;SI037;472;22
09-Oct-2020;SI037;496;24
10-Oct-2020;SI037;508;12
11-Oct-2020;SI037;521;13
12-Oct-2020;SI037;554;33
13-Oct-2020;SI037;626;72
14-Oct-2020;SI037;703;77
15-Oct-2020;SI037;784;81
16-Oct-2020;SI037;861;77
17-Oct-2020;SI037;898;37
18-Oct-2020;SI037;932;34
19-Oct-2020;SI037;1000;68
20-Oct-2020;SI037;1120;120
21-Oct-2020;SI037;1211;91
22-Oct-2020;SI037;1299;88
23-Oct-2020;SI037;1404;105
24-Oct-2020;SI037;1494;90
25-Oct-2020;SI037;1536;42
26-Oct-2020;SI037;1639;103
27-Oct-2020;SI037;1861;222
28-Oct-2020;SI037;1986;125
29-Oct-2020;SI037;2087;101
30-Oct-2020;SI037;2169;82
31-Oct-2020;SI037;2215;46
01-Nov-2020;SI037;2239;24
02-Nov-2020;SI037;2329;90
03-Nov-2020;SI037;2453;124
04-Nov-2020;SI037;2513;60
05-Nov-2020;SI037;2619;106
06-Nov-2020;SI037;2722;103
07-Nov-2020;SI037;2754;32
08-Nov-2020;SI037;2782;28
09-Nov-2020;SI037;2895;113
10-Nov-2020;SI037;3042;147
11-Nov-2020;SI037;3181;139
12-Nov-2020;SI037;3274;93
13-Nov-2020;SI037;3379;105
14-Nov-2020;SI037;3430;51
15-Nov-2020;SI037;3494;64
16-Nov-2020;SI037;3589;95
17-Nov-2020;SI037;3779;190
18-Nov-2020;SI037;3905;126
19-Nov-2020;SI037;4005;100
20-Nov-2020;SI037;4124;119
21-Nov-2020;SI037;4173;49
22-Nov-2020;SI037;4208;35
23-Nov-2020;SI037;4302;94
04-Mar-2020;SI038;0;
05-Mar-2020;SI038;0;0
06-Mar-2020;SI038;0;0
07-Mar-2020;SI038;0;0
08-Mar-2020;SI038;0;0
09-Mar-2020;SI038;0;0
10-Mar-2020;SI038;2;2
11-Mar-2020;SI038;3;1
12-Mar-2020;SI038;3;0
13-Mar-2020;SI038;4;1
14-Mar-2020;SI038;6;2
15-Mar-2020;SI038;11;5
16-Mar-2020;SI038;11;0
17-Mar-2020;SI038;12;1
18-Mar-2020;SI038;13;1
19-Mar-2020;SI038;13;0
20-Mar-2020;SI038;13;0
21-Mar-2020;SI038;14;1
22-Mar-2020;SI038;16;2
23-Mar-2020;SI038;16;0
24-Mar-2020;SI038;18;2
25-Mar-2020;SI038;21;3
26-Mar-2020;SI038;22;1
27-Mar-2020;SI038;26;4
28-Mar-2020;SI038;27;1
29-Mar-2020;SI038;27;0
30-Mar-2020;SI038;28;1
31-Mar-2020;SI038;28;0
01-Apr-2020;SI038;28;0
02-Apr-2020;SI038;29;1
03-Apr-2020;SI038;29;0
04-Apr-2020;SI038;29;0
05-Apr-2020;SI038;29;0
06-Apr-2020;SI038;29;0
07-Apr-2020;SI038;29;0
08-Apr-2020;SI038;29;0
09-Apr-2020;SI038;29;0
10-Apr-2020;SI038;30;1
11-Apr-2020;SI038;30;0
12-Apr-2020;SI038;30;0
13-Apr-2020;SI038;30;0
14-Apr-2020;SI038;31;1
15-Apr-2020;SI038;31;0
16-Apr-2020;SI038;31;0
17-Apr-2020;SI038;31;0
18-Apr-2020;SI038;31;0
19-Apr-2020;SI038;31;0
20-Apr-2020;SI038;31;0
21-Apr-2020;SI038;31;0
22-Apr-2020;SI038;31;0
23-Apr-2020;SI038;31;0
24-Apr-2020;SI038;31;0
25-Apr-2020;SI038;31;0
26-Apr-2020;SI038;31;0
27-Apr-2020;SI038;31;0
28-Apr-2020;SI038;31;0
29-Apr-2020;SI038;31;0
30-Apr-2020;SI038;31;0
01-May-2020;SI038;31;0
02-May-2020;SI038;31;0
03-May-2020;SI038;31;0
04-May-2020;SI038;31;0
05-May-2020;SI038;31;0
06-May-2020;SI038;31;0
07-May-2020;SI038;31;0
08-May-2020;SI038;31;0
09-May-2020;SI038;31;0
10-May-2020;SI038;31;0
11-May-2020;SI038;31;0
12-May-2020;SI038;31;0
13-May-2020;SI038;31;0
14-May-2020;SI038;31;0
15-May-2020;SI038;31;0
16-May-2020;SI038;31;0
17-May-2020;SI038;31;0
18-May-2020;SI038;31;0
19-May-2020;SI038;31;0
20-May-2020;SI038;31;0
21-May-2020;SI038;31;0
22-May-2020;SI038;31;0
23-May-2020;SI038;31;0
24-May-2020;SI038;31;0
25-May-2020;SI038;31;0
26-May-2020;SI038;31;0
27-May-2020;SI038;31;0
28-May-2020;SI038;31;0
29-May-2020;SI038;31;0
30-May-2020;SI038;31;0
31-May-2020;SI038;31;0
01-Jun-2020;SI038;31;0
02-Jun-2020;SI038;31;0
03-Jun-2020;SI038;31;0
04-Jun-2020;SI038;31;0
05-Jun-2020;SI038;31;0
06-Jun-2020;SI038;31;0
07-Jun-2020;SI038;31;0
08-Jun-2020;SI038;31;0
09-Jun-2020;SI038;31;0
10-Jun-2020;SI038;31;0
11-Jun-2020;SI038;31;0
12-Jun-2020;SI038;31;0
13-Jun-2020;SI038;31;0
14-Jun-2020;SI038;31;0
15-Jun-2020;SI038;32;1
16-Jun-2020;SI038;32;0
17-Jun-2020;SI038;32;0
18-Jun-2020;SI038;32;0
19-Jun-2020;SI038;32;0
20-Jun-2020;SI038;32;0
21-Jun-2020;SI038;32;0
22-Jun-2020;SI038;38;6
23-Jun-2020;SI038;38;0
24-Jun-2020;SI038;38;0
25-Jun-2020;SI038;38;0
26-Jun-2020;SI038;40;2
27-Jun-2020;SI038;40;0
28-Jun-2020;SI038;40;0
29-Jun-2020;SI038;40;0
30-Jun-2020;SI038;40;0
01-Jul-2020;SI038;42;2
02-Jul-2020;SI038;43;1
03-Jul-2020;SI038;46;3
04-Jul-2020;SI038;47;1
05-Jul-2020;SI038;47;0
06-Jul-2020;SI038;56;9
07-Jul-2020;SI038;56;0
08-Jul-2020;SI038;59;3
09-Jul-2020;SI038;59;0
10-Jul-2020;SI038;63;4
11-Jul-2020;SI038;63;0
12-Jul-2020;SI038;63;0
13-Jul-2020;SI038;63;0
14-Jul-2020;SI038;63;0
15-Jul-2020;SI038;63;0
16-Jul-2020;SI038;64;1
17-Jul-2020;SI038;65;1
18-Jul-2020;SI038;65;0
19-Jul-2020;SI038;65;0
20-Jul-2020;SI038;67;2
21-Jul-2020;SI038;68;1
22-Jul-2020;SI038;69;1
23-Jul-2020;SI038;70;1
24-Jul-2020;SI038;72;2
25-Jul-2020;SI038;72;0
26-Jul-2020;SI038;72;0
27-Jul-2020;SI038;76;4
28-Jul-2020;SI038;77;1
29-Jul-2020;SI038;80;3
30-Jul-2020;SI038;83;3
31-Jul-2020;SI038;83;0
01-Aug-2020;SI038;83;0
02-Aug-2020;SI038;83;0
03-Aug-2020;SI038;83;0
04-Aug-2020;SI038;84;1
05-Aug-2020;SI038;85;1
06-Aug-2020;SI038;85;0
07-Aug-2020;SI038;86;1
08-Aug-2020;SI038;86;0
09-Aug-2020;SI038;86;0
10-Aug-2020;SI038;86;0
11-Aug-2020;SI038;86;0
12-Aug-2020;SI038;87;1
13-Aug-2020;SI038;87;0
14-Aug-2020;SI038;87;0
15-Aug-2020;SI038;87;0
16-Aug-2020;SI038;87;0
17-Aug-2020;SI038;88;1
18-Aug-2020;SI038;88;0
19-Aug-2020;SI038;91;3
20-Aug-2020;SI038;91;0
21-Aug-2020;SI038;92;1
22-Aug-2020;SI038;92;0
23-Aug-2020;SI038;92;0
24-Aug-2020;SI038;92;0
25-Aug-2020;SI038;92;0
26-Aug-2020;SI038;93;1
27-Aug-2020;SI038;93;0
28-Aug-2020;SI038;94;1
29-Aug-2020;SI038;94;0
30-Aug-2020;SI038;94;0
31-Aug-2020;SI038;96;2
01-Sep-2020;SI038;96;0
02-Sep-2020;SI038;97;1
03-Sep-2020;SI038;97;0
04-Sep-2020;SI038;97;0
05-Sep-2020;SI038;97;0
06-Sep-2020;SI038;97;0
07-Sep-2020;SI038;98;1
08-Sep-2020;SI038;98;0
09-Sep-2020;SI038;100;2
10-Sep-2020;SI038;104;4
11-Sep-2020;SI038;108;4
12-Sep-2020;SI038;120;12
13-Sep-2020;SI038;120;0
14-Sep-2020;SI038;129;9
15-Sep-2020;SI038;137;8
16-Sep-2020;SI038;139;2
17-Sep-2020;SI038;147;8
18-Sep-2020;SI038;154;7
19-Sep-2020;SI038;182;28
20-Sep-2020;SI038;182;0
21-Sep-2020;SI038;188;6
22-Sep-2020;SI038;188;0
23-Sep-2020;SI038;194;6
24-Sep-2020;SI038;200;6
25-Sep-2020;SI038;203;3
26-Sep-2020;SI038;203;0
27-Sep-2020;SI038;203;0
28-Sep-2020;SI038;206;3
29-Sep-2020;SI038;206;0
30-Sep-2020;SI038;208;2
01-Oct-2020;SI038;209;1
02-Oct-2020;SI038;209;0
03-Oct-2020;SI038;209;0
04-Oct-2020;SI038;209;0
05-Oct-2020;SI038;210;1
06-Oct-2020;SI038;224;14
07-Oct-2020;SI038;234;10
08-Oct-2020;SI038;237;3
09-Oct-2020;SI038;240;3
10-Oct-2020;SI038;243;3
11-Oct-2020;SI038;244;1
12-Oct-2020;SI038;252;8
13-Oct-2020;SI038;266;14
14-Oct-2020;SI038;275;9
15-Oct-2020;SI038;284;9
16-Oct-2020;SI038;295;11
17-Oct-2020;SI038;302;7
18-Oct-2020;SI038;303;1
19-Oct-2020;SI038;321;18
20-Oct-2020;SI038;340;19
21-Oct-2020;SI038;380;40
22-Oct-2020;SI038;392;12
23-Oct-2020;SI038;423;31
24-Oct-2020;SI038;465;42
25-Oct-2020;SI038;467;2
26-Oct-2020;SI038;483;16
27-Oct-2020;SI038;524;41
28-Oct-2020;SI038;559;35
29-Oct-2020;SI038;583;24
30-Oct-2020;SI038;599;16
31-Oct-2020;SI038;622;23
01-Nov-2020;SI038;622;0
02-Nov-2020;SI038;654;32
03-Nov-2020;SI038;685;31
04-Nov-2020;SI038;720;35
05-Nov-2020;SI038;738;18
06-Nov-2020;SI038;767;29
07-Nov-2020;SI038;770;3
08-Nov-2020;SI038;771;1
09-Nov-2020;SI038;795;24
10-Nov-2020;SI038;834;39
11-Nov-2020;SI038;896;62
12-Nov-2020;SI038;922;26
13-Nov-2020;SI038;967;45
14-Nov-2020;SI038;970;3
15-Nov-2020;SI038;975;5
16-Nov-2020;SI038;1013;38
17-Nov-2020;SI038;1043;30
18-Nov-2020;SI038;1085;42
19-Nov-2020;SI038;1114;29
20-Nov-2020;SI038;1123;9
21-Nov-2020;SI038;1175;52
22-Nov-2020;SI038;1175;0
23-Nov-2020;SI038;1196;21
04-Mar-2020;SI041;1;
05-Mar-2020;SI041;5;4
06-Mar-2020;SI041;7;2
07-Mar-2020;SI041;8;1
08-Mar-2020;SI041;10;2
09-Mar-2020;SI041;16;6
10-Mar-2020;SI041;27;11
11-Mar-2020;SI041;44;17
12-Mar-2020;SI041;63;19
13-Mar-2020;SI041;73;10
14-Mar-2020;SI041;87;14
15-Mar-2020;SI041;96;9
16-Mar-2020;SI041;106;10
17-Mar-2020;SI041;107;1
18-Mar-2020;SI041;113;6
19-Mar-2020;SI041;120;7
20-Mar-2020;SI041;136;16
21-Mar-2020;SI041;148;12
22-Mar-2020;SI041;159;11
23-Mar-2020;SI041;176;17
24-Mar-2020;SI041;193;17
25-Mar-2020;SI041;209;16
26-Mar-2020;SI041;226;17
27-Mar-2020;SI041;248;22
28-Mar-2020;SI041;254;6
29-Mar-2020;SI041;260;6
30-Mar-2020;SI041;275;15
31-Mar-2020;SI041;282;7
01-Apr-2020;SI041;296;14
02-Apr-2020;SI041;304;8
03-Apr-2020;SI041;314;10
04-Apr-2020;SI041;316;2
05-Apr-2020;SI041;317;1
06-Apr-2020;SI041;326;9
07-Apr-2020;SI041;342;16
08-Apr-2020;SI041;355;13
09-Apr-2020;SI041;365;10
10-Apr-2020;SI041;372;7
11-Apr-2020;SI041;372;0
12-Apr-2020;SI041;376;4
13-Apr-2020;SI041;377;1
14-Apr-2020;SI041;382;5
15-Apr-2020;SI041;386;4
16-Apr-2020;SI041;389;3
17-Apr-2020;SI041;390;1
18-Apr-2020;SI041;390;0
19-Apr-2020;SI041;391;1
20-Apr-2020;SI041;394;3
21-Apr-2020;SI041;395;1
22-Apr-2020;SI041;402;7
23-Apr-2020;SI041;402;0
24-Apr-2020;SI041;404;2
25-Apr-2020;SI041;409;5
26-Apr-2020;SI041;409;0
27-Apr-2020;SI041;409;0
28-Apr-2020;SI041;410;1
29-Apr-2020;SI041;411;1
30-Apr-2020;SI041;412;1
01-May-2020;SI041;412;0
02-May-2020;SI041;412;0
03-May-2020;SI041;412;0
04-May-2020;SI041;412;0
05-May-2020;SI041;412;0
06-May-2020;SI041;412;0
07-May-2020;SI041;412;0
08-May-2020;SI041;413;1
09-May-2020;SI041;414;1
10-May-2020;SI041;417;3
11-May-2020;SI041;417;0
12-May-2020;SI041;417;0
13-May-2020;SI041;417;0
14-May-2020;SI041;418;1
15-May-2020;SI041;418;0
16-May-2020;SI041;418;0
17-May-2020;SI041;418;0
18-May-2020;SI041;419;1
19-May-2020;SI041;419;0
20-May-2020;SI041;419;0
21-May-2020;SI041;419;0
22-May-2020;SI041;419;0
23-May-2020;SI041;419;0
24-May-2020;SI041;419;0
25-May-2020;SI041;419;0
26-May-2020;SI041;420;1
27-May-2020;SI041;421;1
28-May-2020;SI041;421;0
29-May-2020;SI041;421;0
30-May-2020;SI041;421;0
31-May-2020;SI041;421;0
01-Jun-2020;SI041;422;1
02-Jun-2020;SI041;422;0
03-Jun-2020;SI041;422;0
04-Jun-2020;SI041;423;1
05-Jun-2020;SI041;424;1
06-Jun-2020;SI041;424;0
07-Jun-2020;SI041;424;0
08-Jun-2020;SI041;424;0
09-Jun-2020;SI041;425;1
10-Jun-2020;SI041;425;0
11-Jun-2020;SI041;425;0
12-Jun-2020;SI041;425;0
13-Jun-2020;SI041;425;0
14-Jun-2020;SI041;425;0
15-Jun-2020;SI041;425;0
16-Jun-2020;SI041;427;2
17-Jun-2020;SI041;430;3
18-Jun-2020;SI041;431;1
19-Jun-2020;SI041;434;3
20-Jun-2020;SI041;434;0
21-Jun-2020;SI041;435;1
22-Jun-2020;SI041;438;3
23-Jun-2020;SI041;439;1
24-Jun-2020;SI041;440;1
25-Jun-2020;SI041;445;5
26-Jun-2020;SI041;448;3
27-Jun-2020;SI041;450;2
28-Jun-2020;SI041;451;1
29-Jun-2020;SI041;457;6
30-Jun-2020;SI041;463;6
01-Jul-2020;SI041;470;7
02-Jul-2020;SI041;475;5
03-Jul-2020;SI041;484;9
04-Jul-2020;SI041;489;5
05-Jul-2020;SI041;492;3
06-Jul-2020;SI041;494;2
07-Jul-2020;SI041;498;4
08-Jul-2020;SI041;501;3
09-Jul-2020;SI041;505;4
10-Jul-2020;SI041;508;3
11-Jul-2020;SI041;509;1
12-Jul-2020;SI041;511;2
13-Jul-2020;SI041;512;1
14-Jul-2020;SI041;514;2
15-Jul-2020;SI041;518;4
16-Jul-2020;SI041;521;3
17-Jul-2020;SI041;527;6
18-Jul-2020;SI041;527;0
19-Jul-2020;SI041;529;2
20-Jul-2020;SI041;531;2
21-Jul-2020;SI041;539;8
22-Jul-2020;SI041;546;7
23-Jul-2020;SI041;552;6
24-Jul-2020;SI041;554;2
25-Jul-2020;SI041;555;1
26-Jul-2020;SI041;559;4
27-Jul-2020;SI041;561;2
28-Jul-2020;SI041;564;3
29-Jul-2020;SI041;573;9
30-Jul-2020;SI041;576;3
31-Jul-2020;SI041;581;5
01-Aug-2020;SI041;583;2
02-Aug-2020;SI041;583;0
03-Aug-2020;SI041;585;2
04-Aug-2020;SI041;588;3
05-Aug-2020;SI041;595;7
06-Aug-2020;SI041;599;4
07-Aug-2020;SI041;602;3
08-Aug-2020;SI041;602;0
09-Aug-2020;SI041;606;4
10-Aug-2020;SI041;616;10
11-Aug-2020;SI041;629;13
12-Aug-2020;SI041;639;10
13-Aug-2020;SI041;657;18
14-Aug-2020;SI041;671;14
15-Aug-2020;SI041;679;8
16-Aug-2020;SI041;685;6
17-Aug-2020;SI041;692;7
18-Aug-2020;SI041;700;8
19-Aug-2020;SI041;714;14
20-Aug-2020;SI041;728;14
21-Aug-2020;SI041;745;17
22-Aug-2020;SI041;756;11
23-Aug-2020;SI041;761;5
24-Aug-2020;SI041;767;6
25-Aug-2020;SI041;779;12
26-Aug-2020;SI041;788;9
27-Aug-2020;SI041;797;9
28-Aug-2020;SI041;811;14
29-Aug-2020;SI041;821;10
30-Aug-2020;SI041;832;11
31-Aug-2020;SI041;839;7
01-Sep-2020;SI041;852;13
02-Sep-2020;SI041;872;20
03-Sep-2020;SI041;889;17
04-Sep-2020;SI041;902;13
05-Sep-2020;SI041;918;16
06-Sep-2020;SI041;922;4
07-Sep-2020;SI041;936;14
08-Sep-2020;SI041;953;17
09-Sep-2020;SI041;978;25
10-Sep-2020;SI041;1017;39
11-Sep-2020;SI041;1052;35
12-Sep-2020;SI041;1073;21
13-Sep-2020;SI041;1092;19
14-Sep-2020;SI041;1119;27
15-Sep-2020;SI041;1153;34
16-Sep-2020;SI041;1192;39
17-Sep-2020;SI041;1248;56
18-Sep-2020;SI041;1295;47
19-Sep-2020;SI041;1333;38
20-Sep-2020;SI041;1341;8
21-Sep-2020;SI041;1379;38
22-Sep-2020;SI041;1411;32
23-Sep-2020;SI041;1454;43
24-Sep-2020;SI041;1533;79
25-Sep-2020;SI041;1599;66
26-Sep-2020;SI041;1635;36
27-Sep-2020;SI041;1648;13
28-Sep-2020;SI041;1666;18
29-Sep-2020;SI041;1740;74
30-Sep-2020;SI041;1793;53
01-Oct-2020;SI041;1882;89
02-Oct-2020;SI041;1943;61
03-Oct-2020;SI041;1990;47
04-Oct-2020;SI041;2009;19
05-Oct-2020;SI041;2064;55
06-Oct-2020;SI041;2176;112
07-Oct-2020;SI041;2329;153
08-Oct-2020;SI041;2465;136
09-Oct-2020;SI041;2609;144
10-Oct-2020;SI041;2745;136
11-Oct-2020;SI041;2803;58
12-Oct-2020;SI041;2935;132
13-Oct-2020;SI041;3159;224
14-Oct-2020;SI041;3390;231
15-Oct-2020;SI041;3651;261
16-Oct-2020;SI041;3894;243
17-Oct-2020;SI041;4148;254
18-Oct-2020;SI041;4351;203
19-Oct-2020;SI041;4561;210
20-Oct-2020;SI041;4977;416
21-Oct-2020;SI041;5508;531
22-Oct-2020;SI041;5961;453
23-Oct-2020;SI041;6550;589
24-Oct-2020;SI041;7000;450
25-Oct-2020;SI041;7363;363
26-Oct-2020;SI041;7791;428
27-Oct-2020;SI041;8534;743
28-Oct-2020;SI041;9336;802
29-Oct-2020;SI041;9936;600
30-Oct-2020;SI041;10421;485
31-Oct-2020;SI041;10844;423
01-Nov-2020;SI041;10989;145
02-Nov-2020;SI041;11326;337
03-Nov-2020;SI041;11845;519
04-Nov-2020;SI041;12286;441
05-Nov-2020;SI041;12742;456
06-Nov-2020;SI041;13192;450
07-Nov-2020;SI041;13448;256
08-Nov-2020;SI041;13514;66
09-Nov-2020;SI041;13778;264
10-Nov-2020;SI041;14333;555
11-Nov-2020;SI041;14791;458
12-Nov-2020;SI041;15120;329
13-Nov-2020;SI041;15497;377
14-Nov-2020;SI041;15690;193
15-Nov-2020;SI041;15774;84
16-Nov-2020;SI041;16116;342
17-Nov-2020;SI041;16519;403
18-Nov-2020;SI041;16871;352
19-Nov-2020;SI041;17209;338
20-Nov-2020;SI041;17515;306
21-Nov-2020;SI041;17693;178
22-Nov-2020;SI041;17768;75
23-Nov-2020;SI041;18092;324
04-Mar-2020;SI042;0;
05-Mar-2020;SI042;0;0
06-Mar-2020;SI042;0;0
07-Mar-2020;SI042;0;0
08-Mar-2020;SI042;0;0
09-Mar-2020;SI042;0;0
10-Mar-2020;SI042;0;0
11-Mar-2020;SI042;1;1
12-Mar-2020;SI042;2;1
13-Mar-2020;SI042;8;6
14-Mar-2020;SI042;11;3
15-Mar-2020;SI042;16;5
16-Mar-2020;SI042;18;2
17-Mar-2020;SI042;18;0
18-Mar-2020;SI042;20;2
19-Mar-2020;SI042;23;3
20-Mar-2020;SI042;24;1
21-Mar-2020;SI042;28;4
22-Mar-2020;SI042;29;1
23-Mar-2020;SI042;31;2
24-Mar-2020;SI042;34;3
25-Mar-2020;SI042;40;6
26-Mar-2020;SI042;42;2
27-Mar-2020;SI042;50;8
28-Mar-2020;SI042;53;3
29-Mar-2020;SI042;54;1
30-Mar-2020;SI042;54;0
31-Mar-2020;SI042;58;4
01-Apr-2020;SI042;61;3
02-Apr-2020;SI042;63;2
03-Apr-2020;SI042;63;0
04-Apr-2020;SI042;63;0
05-Apr-2020;SI042;64;1
06-Apr-2020;SI042;67;3
07-Apr-2020;SI042;68;1
08-Apr-2020;SI042;73;5
09-Apr-2020;SI042;73;0
10-Apr-2020;SI042;74;1
11-Apr-2020;SI042;74;0
12-Apr-2020;SI042;75;1
13-Apr-2020;SI042;75;0
14-Apr-2020;SI042;75;0
15-Apr-2020;SI042;75;0
16-Apr-2020;SI042;75;0
17-Apr-2020;SI042;75;0
18-Apr-2020;SI042;76;1
19-Apr-2020;SI042;76;0
20-Apr-2020;SI042;76;0
21-Apr-2020;SI042;76;0
22-Apr-2020;SI042;78;2
23-Apr-2020;SI042;79;1
24-Apr-2020;SI042;82;3
25-Apr-2020;SI042;82;0
26-Apr-2020;SI042;83;1
27-Apr-2020;SI042;84;1
28-Apr-2020;SI042;84;0
29-Apr-2020;SI042;84;0
30-Apr-2020;SI042;84;0
01-May-2020;SI042;84;0
02-May-2020;SI042;84;0
03-May-2020;SI042;84;0
04-May-2020;SI042;84;0
05-May-2020;SI042;84;0
06-May-2020;SI042;84;0
07-May-2020;SI042;85;1
08-May-2020;SI042;86;1
09-May-2020;SI042;86;0
10-May-2020;SI042;86;0
11-May-2020;SI042;86;0
12-May-2020;SI042;86;0
13-May-2020;SI042;86;0
14-May-2020;SI042;86;0
15-May-2020;SI042;86;0
16-May-2020;SI042;86;0
17-May-2020;SI042;86;0
18-May-2020;SI042;86;0
19-May-2020;SI042;86;0
20-May-2020;SI042;86;0
21-May-2020;SI042;86;0
22-May-2020;SI042;86;0
23-May-2020;SI042;86;0
24-May-2020;SI042;86;0
25-May-2020;SI042;86;0
26-May-2020;SI042;86;0
27-May-2020;SI042;86;0
28-May-2020;SI042;86;0
29-May-2020;SI042;86;0
30-May-2020;SI042;86;0
31-May-2020;SI042;86;0
01-Jun-2020;SI042;86;0
02-Jun-2020;SI042;86;0
03-Jun-2020;SI042;86;0
04-Jun-2020;SI042;87;1
05-Jun-2020;SI042;91;4
06-Jun-2020;SI042;92;1
07-Jun-2020;SI042;92;0
08-Jun-2020;SI042;93;1
09-Jun-2020;SI042;94;1
10-Jun-2020;SI042;94;0
11-Jun-2020;SI042;94;0
12-Jun-2020;SI042;94;0
13-Jun-2020;SI042;95;1
14-Jun-2020;SI042;96;1
15-Jun-2020;SI042;96;0
16-Jun-2020;SI042;98;2
17-Jun-2020;SI042;98;0
18-Jun-2020;SI042;98;0
19-Jun-2020;SI042;98;0
20-Jun-2020;SI042;98;0
21-Jun-2020;SI042;98;0
22-Jun-2020;SI042;98;0
23-Jun-2020;SI042;98;0
24-Jun-2020;SI042;100;2
25-Jun-2020;SI042;103;3
26-Jun-2020;SI042;103;0
27-Jun-2020;SI042;104;1
28-Jun-2020;SI042;104;0
29-Jun-2020;SI042;104;0
30-Jun-2020;SI042;105;1
01-Jul-2020;SI042;105;0
02-Jul-2020;SI042;105;0
03-Jul-2020;SI042;107;2
04-Jul-2020;SI042;107;0
05-Jul-2020;SI042;107;0
06-Jul-2020;SI042;107;0
07-Jul-2020;SI042;108;1
08-Jul-2020;SI042;108;0
09-Jul-2020;SI042;109;1
10-Jul-2020;SI042;110;1
11-Jul-2020;SI042;114;4
12-Jul-2020;SI042;114;0
13-Jul-2020;SI042;115;1
14-Jul-2020;SI042;117;2
15-Jul-2020;SI042;118;1
16-Jul-2020;SI042;119;1
17-Jul-2020;SI042;123;4
18-Jul-2020;SI042;125;2
19-Jul-2020;SI042;125;0
20-Jul-2020;SI042;128;3
21-Jul-2020;SI042;131;3
22-Jul-2020;SI042;135;4
23-Jul-2020;SI042;135;0
24-Jul-2020;SI042;138;3
25-Jul-2020;SI042;138;0
26-Jul-2020;SI042;139;1
27-Jul-2020;SI042;141;2
28-Jul-2020;SI042;143;2
29-Jul-2020;SI042;143;0
30-Jul-2020;SI042;144;1
31-Jul-2020;SI042;147;3
01-Aug-2020;SI042;150;3
02-Aug-2020;SI042;150;0
03-Aug-2020;SI042;151;1
04-Aug-2020;SI042;154;3
05-Aug-2020;SI042;155;1
06-Aug-2020;SI042;155;0
07-Aug-2020;SI042;155;0
08-Aug-2020;SI042;155;0
09-Aug-2020;SI042;155;0
10-Aug-2020;SI042;156;1
11-Aug-2020;SI042;156;0
12-Aug-2020;SI042;159;3
13-Aug-2020;SI042;161;2
14-Aug-2020;SI042;161;0
15-Aug-2020;SI042;164;3
16-Aug-2020;SI042;164;0
17-Aug-2020;SI042;165;1
18-Aug-2020;SI042;173;8
19-Aug-2020;SI042;177;4
20-Aug-2020;SI042;177;0
21-Aug-2020;SI042;179;2
22-Aug-2020;SI042;180;1
23-Aug-2020;SI042;180;0
24-Aug-2020;SI042;180;0
25-Aug-2020;SI042;182;2
26-Aug-2020;SI042;183;1
27-Aug-2020;SI042;185;2
28-Aug-2020;SI042;187;2
29-Aug-2020;SI042;193;6
30-Aug-2020;SI042;193;0
31-Aug-2020;SI042;194;1
01-Sep-2020;SI042;201;7
02-Sep-2020;SI042;206;5
03-Sep-2020;SI042;209;3
04-Sep-2020;SI042;212;3
05-Sep-2020;SI042;214;2
06-Sep-2020;SI042;216;2
07-Sep-2020;SI042;219;3
08-Sep-2020;SI042;224;5
09-Sep-2020;SI042;231;7
10-Sep-2020;SI042;236;5
11-Sep-2020;SI042;244;8
12-Sep-2020;SI042;253;9
13-Sep-2020;SI042;257;4
14-Sep-2020;SI042;262;5
15-Sep-2020;SI042;274;12
16-Sep-2020;SI042;285;11
17-Sep-2020;SI042;300;15
18-Sep-2020;SI042;306;6
19-Sep-2020;SI042;310;4
20-Sep-2020;SI042;310;0
21-Sep-2020;SI042;318;8
22-Sep-2020;SI042;335;17
23-Sep-2020;SI042;344;9
24-Sep-2020;SI042;356;12
25-Sep-2020;SI042;379;23
26-Sep-2020;SI042;395;16
27-Sep-2020;SI042;397;2
28-Sep-2020;SI042;411;14
29-Sep-2020;SI042;446;35
30-Sep-2020;SI042;462;16
01-Oct-2020;SI042;484;22
02-Oct-2020;SI042;517;33
03-Oct-2020;SI042;540;23
04-Oct-2020;SI042;551;11
05-Oct-2020;SI042;591;40
06-Oct-2020;SI042;639;48
07-Oct-2020;SI042;693;54
08-Oct-2020;SI042;744;51
09-Oct-2020;SI042;801;57
10-Oct-2020;SI042;884;83
11-Oct-2020;SI042;900;16
12-Oct-2020;SI042;958;58
13-Oct-2020;SI042;1108;150
14-Oct-2020;SI042;1225;117
15-Oct-2020;SI042;1395;170
16-Oct-2020;SI042;1556;161
17-Oct-2020;SI042;1683;127
18-Oct-2020;SI042;1753;70
19-Oct-2020;SI042;1920;167
20-Oct-2020;SI042;2208;288
21-Oct-2020;SI042;2479;271
22-Oct-2020;SI042;2764;285
23-Oct-2020;SI042;3167;403
24-Oct-2020;SI042;3504;337
25-Oct-2020;SI042;3788;284
26-Oct-2020;SI042;4033;245
27-Oct-2020;SI042;4469;436
28-Oct-2020;SI042;4965;496
29-Oct-2020;SI042;5280;315
30-Oct-2020;SI042;5601;321
31-Oct-2020;SI042;5762;161
01-Nov-2020;SI042;5813;51
02-Nov-2020;SI042;6040;227
03-Nov-2020;SI042;6331;291
04-Nov-2020;SI042;6577;246
05-Nov-2020;SI042;6780;203
06-Nov-2020;SI042;6976;196
07-Nov-2020;SI042;7082;106
08-Nov-2020;SI042;7123;41
09-Nov-2020;SI042;7306;183
10-Nov-2020;SI042;7624;318
11-Nov-2020;SI042;7851;227
12-Nov-2020;SI042;8044;193
13-Nov-2020;SI042;8229;185
14-Nov-2020;SI042;8317;88
15-Nov-2020;SI042;8368;51
16-Nov-2020;SI042;8551;183
17-Nov-2020;SI042;8772;221
18-Nov-2020;SI042;8958;186
19-Nov-2020;SI042;9094;136
20-Nov-2020;SI042;9268;174
21-Nov-2020;SI042;9351;83
22-Nov-2020;SI042;9378;27
23-Nov-2020;SI042;9532;154
04-Mar-2020;SI043;0;
05-Mar-2020;SI043;0;0
06-Mar-2020;SI043;0;0
07-Mar-2020;SI043;0;0
08-Mar-2020;SI043;0;0
09-Mar-2020;SI043;0;0
10-Mar-2020;SI043;0;0
11-Mar-2020;SI043;1;1
12-Mar-2020;SI043;2;1
13-Mar-2020;SI043;3;1
14-Mar-2020;SI043;3;0
15-Mar-2020;SI043;3;0
16-Mar-2020;SI043;4;1
17-Mar-2020;SI043;4;0
18-Mar-2020;SI043;5;1
19-Mar-2020;SI043;5;0
20-Mar-2020;SI043;5;0
21-Mar-2020;SI043;6;1
22-Mar-2020;SI043;6;0
23-Mar-2020;SI043;6;0
24-Mar-2020;SI043;6;0
25-Mar-2020;SI043;7;1
26-Mar-2020;SI043;8;1
27-Mar-2020;SI043;9;1
28-Mar-2020;SI043;11;2
29-Mar-2020;SI043;11;0
30-Mar-2020;SI043;11;0
31-Mar-2020;SI043;14;3
01-Apr-2020;SI043;15;1
02-Apr-2020;SI043;15;0
03-Apr-2020;SI043;17;2
04-Apr-2020;SI043;17;0
05-Apr-2020;SI043;20;3
06-Apr-2020;SI043;20;0
07-Apr-2020;SI043;20;0
08-Apr-2020;SI043;20;0
09-Apr-2020;SI043;20;0
10-Apr-2020;SI043;20;0
11-Apr-2020;SI043;20;0
12-Apr-2020;SI043;21;1
13-Apr-2020;SI043;21;0
14-Apr-2020;SI043;21;0
15-Apr-2020;SI043;21;0
16-Apr-2020;SI043;21;0
17-Apr-2020;SI043;21;0
18-Apr-2020;SI043;21;0
19-Apr-2020;SI043;21;0
20-Apr-2020;SI043;21;0
21-Apr-2020;SI043;21;0
22-Apr-2020;SI043;21;0
23-Apr-2020;SI043;21;0
24-Apr-2020;SI043;22;1
25-Apr-2020;SI043;22;0
26-Apr-2020;SI043;22;0
27-Apr-2020;SI043;22;0
28-Apr-2020;SI043;22;0
29-Apr-2020;SI043;22;0
30-Apr-2020;SI043;22;0
01-May-2020;SI043;22;0
02-May-2020;SI043;22;0
03-May-2020;SI043;22;0
04-May-2020;SI043;22;0
05-May-2020;SI043;22;0
06-May-2020;SI043;22;0
07-May-2020;SI043;22;0
08-May-2020;SI043;22;0
09-May-2020;SI043;22;0
10-May-2020;SI043;22;0
11-May-2020;SI043;22;0
12-May-2020;SI043;22;0
13-May-2020;SI043;23;1
14-May-2020;SI043;23;0
15-May-2020;SI043;23;0
16-May-2020;SI043;23;0
17-May-2020;SI043;23;0
18-May-2020;SI043;23;0
19-May-2020;SI043;23;0
20-May-2020;SI043;23;0
21-May-2020;SI043;23;0
22-May-2020;SI043;23;0
23-May-2020;SI043;23;0
24-May-2020;SI043;23;0
25-May-2020;SI043;23;0
26-May-2020;SI043;23;0
27-May-2020;SI043;23;0
28-May-2020;SI043;23;0
29-May-2020;SI043;23;0
30-May-2020;SI043;23;0
31-May-2020;SI043;23;0
01-Jun-2020;SI043;23;0
02-Jun-2020;SI043;23;0
03-Jun-2020;SI043;23;0
04-Jun-2020;SI043;23;0
05-Jun-2020;SI043;23;0
06-Jun-2020;SI043;23;0
07-Jun-2020;SI043;23;0
08-Jun-2020;SI043;23;0
09-Jun-2020;SI043;23;0
10-Jun-2020;SI043;23;0
11-Jun-2020;SI043;23;0
12-Jun-2020;SI043;24;1
13-Jun-2020;SI043;26;2
14-Jun-2020;SI043;26;0
15-Jun-2020;SI043;26;0
16-Jun-2020;SI043;26;0
17-Jun-2020;SI043;26;0
18-Jun-2020;SI043;26;0
19-Jun-2020;SI043;26;0
20-Jun-2020;SI043;26;0
21-Jun-2020;SI043;26;0
22-Jun-2020;SI043;26;0
23-Jun-2020;SI043;26;0
24-Jun-2020;SI043;26;0
25-Jun-2020;SI043;27;1
26-Jun-2020;SI043;27;0
27-Jun-2020;SI043;28;1
28-Jun-2020;SI043;28;0
29-Jun-2020;SI043;28;0
30-Jun-2020;SI043;29;1
01-Jul-2020;SI043;29;0
02-Jul-2020;SI043;30;1
03-Jul-2020;SI043;32;2
04-Jul-2020;SI043;38;6
05-Jul-2020;SI043;49;11
06-Jul-2020;SI043;51;2
07-Jul-2020;SI043;53;2
08-Jul-2020;SI043;54;1
09-Jul-2020;SI043;55;1
10-Jul-2020;SI043;56;1
11-Jul-2020;SI043;58;2
12-Jul-2020;SI043;58;0
13-Jul-2020;SI043;59;1
14-Jul-2020;SI043;59;0
15-Jul-2020;SI043;61;2
16-Jul-2020;SI043;61;0
17-Jul-2020;SI043;61;0
18-Jul-2020;SI043;61;0
19-Jul-2020;SI043;64;3
20-Jul-2020;SI043;65;1
21-Jul-2020;SI043;65;0
22-Jul-2020;SI043;66;1
23-Jul-2020;SI043;66;0
24-Jul-2020;SI043;67;1
25-Jul-2020;SI043;67;0
26-Jul-2020;SI043;67;0
27-Jul-2020;SI043;67;0
28-Jul-2020;SI043;68;1
29-Jul-2020;SI043;69;1
30-Jul-2020;SI043;70;1
31-Jul-2020;SI043;70;0
01-Aug-2020;SI043;70;0
02-Aug-2020;SI043;70;0
03-Aug-2020;SI043;70;0
04-Aug-2020;SI043;71;1
05-Aug-2020;SI043;71;0
06-Aug-2020;SI043;72;1
07-Aug-2020;SI043;72;0
08-Aug-2020;SI043;72;0
09-Aug-2020;SI043;72;0
10-Aug-2020;SI043;73;1
11-Aug-2020;SI043;75;2
12-Aug-2020;SI043;76;1
13-Aug-2020;SI043;77;1
14-Aug-2020;SI043;78;1
15-Aug-2020;SI043;78;0
16-Aug-2020;SI043;78;0
17-Aug-2020;SI043;79;1
18-Aug-2020;SI043;79;0
19-Aug-2020;SI043;80;1
20-Aug-2020;SI043;80;0
21-Aug-2020;SI043;80;0
22-Aug-2020;SI043;80;0
23-Aug-2020;SI043;80;0
24-Aug-2020;SI043;84;4
25-Aug-2020;SI043;85;1
26-Aug-2020;SI043;87;2
27-Aug-2020;SI043;87;0
28-Aug-2020;SI043;87;0
29-Aug-2020;SI043;87;0
30-Aug-2020;SI043;87;0
31-Aug-2020;SI043;87;0
01-Sep-2020;SI043;88;1
02-Sep-2020;SI043;89;1
03-Sep-2020;SI043;89;0
04-Sep-2020;SI043;89;0
05-Sep-2020;SI043;89;0
06-Sep-2020;SI043;89;0
07-Sep-2020;SI043;90;1
08-Sep-2020;SI043;90;0
09-Sep-2020;SI043;92;2
10-Sep-2020;SI043;94;2
11-Sep-2020;SI043;96;2
12-Sep-2020;SI043;98;2
13-Sep-2020;SI043;98;0
14-Sep-2020;SI043;101;3
15-Sep-2020;SI043;105;4
16-Sep-2020;SI043;107;2
17-Sep-2020;SI043;110;3
18-Sep-2020;SI043;110;0
19-Sep-2020;SI043;115;5
20-Sep-2020;SI043;115;0
21-Sep-2020;SI043;115;0
22-Sep-2020;SI043;117;2
23-Sep-2020;SI043;118;1
24-Sep-2020;SI043;123;5
25-Sep-2020;SI043;125;2
26-Sep-2020;SI043;131;6
27-Sep-2020;SI043;131;0
28-Sep-2020;SI043;138;7
29-Sep-2020;SI043;142;4
30-Sep-2020;SI043;145;3
01-Oct-2020;SI043;149;4
02-Oct-2020;SI043;156;7
03-Oct-2020;SI043;162;6
04-Oct-2020;SI043;168;6
05-Oct-2020;SI043;173;5
06-Oct-2020;SI043;181;8
07-Oct-2020;SI043;198;17
08-Oct-2020;SI043;206;8
09-Oct-2020;SI043;212;6
10-Oct-2020;SI043;240;28
11-Oct-2020;SI043;243;3
12-Oct-2020;SI043;254;11
13-Oct-2020;SI043;286;32
14-Oct-2020;SI043;307;21
15-Oct-2020;SI043;328;21
16-Oct-2020;SI043;366;38
17-Oct-2020;SI043;389;23
18-Oct-2020;SI043;405;16
19-Oct-2020;SI043;423;18
20-Oct-2020;SI043;467;44
21-Oct-2020;SI043;519;52
22-Oct-2020;SI043;577;58
23-Oct-2020;SI043;628;51
24-Oct-2020;SI043;683;55
25-Oct-2020;SI043;725;42
26-Oct-2020;SI043;766;41
27-Oct-2020;SI043;842;76
28-Oct-2020;SI043;917;75
29-Oct-2020;SI043;951;34
30-Oct-2020;SI043;1093;142
31-Oct-2020;SI043;1160;67
01-Nov-2020;SI043;1169;9
02-Nov-2020;SI043;1188;19
03-Nov-2020;SI043;1267;79
04-Nov-2020;SI043;1370;103
05-Nov-2020;SI043;1423;53
06-Nov-2020;SI043;1488;65
07-Nov-2020;SI043;1511;23
08-Nov-2020;SI043;1521;10
09-Nov-2020;SI043;1540;19
10-Nov-2020;SI043;1675;135
11-Nov-2020;SI043;1723;48
12-Nov-2020;SI043;1777;54
13-Nov-2020;SI043;1822;45
14-Nov-2020;SI043;1905;83
15-Nov-2020;SI043;1913;8
16-Nov-2020;SI043;1962;49
17-Nov-2020;SI043;2018;56
18-Nov-2020;SI043;2129;111
19-Nov-2020;SI043;2199;70
20-Nov-2020;SI043;2268;69
21-Nov-2020;SI043;2307;39
22-Nov-2020;SI043;2312;5
23-Nov-2020;SI043;2347;35
04-Mar-2020;SI044;0;
05-Mar-2020;SI044;0;0
06-Mar-2020;SI044;0;0
07-Mar-2020;SI044;1;1
08-Mar-2020;SI044;1;0
09-Mar-2020;SI044;1;0
10-Mar-2020;SI044;2;1
11-Mar-2020;SI044;2;0
12-Mar-2020;SI044;4;2
13-Mar-2020;SI044;6;2
14-Mar-2020;SI044;7;1
15-Mar-2020;SI044;8;1
16-Mar-2020;SI044;8;0
17-Mar-2020;SI044;8;0
18-Mar-2020;SI044;11;3
19-Mar-2020;SI044;11;0
20-Mar-2020;SI044;11;0
21-Mar-2020;SI044;11;0
22-Mar-2020;SI044;12;1
23-Mar-2020;SI044;12;0
24-Mar-2020;SI044;13;1
25-Mar-2020;SI044;13;0
26-Mar-2020;SI044;14;1
27-Mar-2020;SI044;14;0
28-Mar-2020;SI044;15;1
29-Mar-2020;SI044;15;0
30-Mar-2020;SI044;17;2
31-Mar-2020;SI044;17;0
01-Apr-2020;SI044;17;0
02-Apr-2020;SI044;19;2
03-Apr-2020;SI044;19;0
04-Apr-2020;SI044;19;0
05-Apr-2020;SI044;19;0
06-Apr-2020;SI044;19;0
07-Apr-2020;SI044;19;0
08-Apr-2020;SI044;19;0
09-Apr-2020;SI044;19;0
10-Apr-2020;SI044;20;1
11-Apr-2020;SI044;20;0
12-Apr-2020;SI044;20;0
13-Apr-2020;SI044;20;0
14-Apr-2020;SI044;22;2
15-Apr-2020;SI044;22;0
16-Apr-2020;SI044;23;1
17-Apr-2020;SI044;24;1
18-Apr-2020;SI044;24;0
19-Apr-2020;SI044;24;0
20-Apr-2020;SI044;24;0
21-Apr-2020;SI044;24;0
22-Apr-2020;SI044;24;0
23-Apr-2020;SI044;24;0
24-Apr-2020;SI044;24;0
25-Apr-2020;SI044;24;0
26-Apr-2020;SI044;24;0
27-Apr-2020;SI044;24;0
28-Apr-2020;SI044;24;0
29-Apr-2020;SI044;24;0
30-Apr-2020;SI044;24;0
01-May-2020;SI044;24;0
02-May-2020;SI044;24;0
03-May-2020;SI044;24;0
04-May-2020;SI044;24;0
05-May-2020;SI044;24;0
06-May-2020;SI044;24;0
07-May-2020;SI044;24;0
08-May-2020;SI044;24;0
09-May-2020;SI044;24;0
10-May-2020;SI044;24;0
11-May-2020;SI044;24;0
12-May-2020;SI044;24;0
13-May-2020;SI044;24;0
14-May-2020;SI044;24;0
15-May-2020;SI044;24;0
16-May-2020;SI044;24;0
17-May-2020;SI044;24;0
18-May-2020;SI044;24;0
19-May-2020;SI044;24;0
20-May-2020;SI044;24;0
21-May-2020;SI044;24;0
22-May-2020;SI044;24;0
23-May-2020;SI044;24;0
24-May-2020;SI044;24;0
25-May-2020;SI044;24;0
26-May-2020;SI044;24;0
27-May-2020;SI044;24;0
28-May-2020;SI044;24;0
29-May-2020;SI044;24;0
30-May-2020;SI044;24;0
31-May-2020;SI044;24;0
01-Jun-2020;SI044;24;0
02-Jun-2020;SI044;24;0
03-Jun-2020;SI044;24;0
04-Jun-2020;SI044;24;0
05-Jun-2020;SI044;24;0
06-Jun-2020;SI044;24;0
07-Jun-2020;SI044;24;0
08-Jun-2020;SI044;24;0
09-Jun-2020;SI044;24;0
10-Jun-2020;SI044;24;0
11-Jun-2020;SI044;26;2
12-Jun-2020;SI044;26;0
13-Jun-2020;SI044;26;0
14-Jun-2020;SI044;26;0
15-Jun-2020;SI044;27;1
16-Jun-2020;SI044;27;0
17-Jun-2020;SI044;28;1
18-Jun-2020;SI044;29;1
19-Jun-2020;SI044;32;3
20-Jun-2020;SI044;32;0
21-Jun-2020;SI044;32;0
22-Jun-2020;SI044;33;1
23-Jun-2020;SI044;36;3
24-Jun-2020;SI044;37;1
25-Jun-2020;SI044;37;0
26-Jun-2020;SI044;41;4
27-Jun-2020;SI044;44;3
28-Jun-2020;SI044;44;0
29-Jun-2020;SI044;44;0
30-Jun-2020;SI044;45;1
01-Jul-2020;SI044;46;1
02-Jul-2020;SI044;47;1
03-Jul-2020;SI044;48;1
04-Jul-2020;SI044;49;1
05-Jul-2020;SI044;49;0
06-Jul-2020;SI044;49;0
07-Jul-2020;SI044;53;4
08-Jul-2020;SI044;54;1
09-Jul-2020;SI044;55;1
10-Jul-2020;SI044;57;2
11-Jul-2020;SI044;57;0
12-Jul-2020;SI044;57;0
13-Jul-2020;SI044;57;0
14-Jul-2020;SI044;58;1
15-Jul-2020;SI044;58;0
16-Jul-2020;SI044;59;1
17-Jul-2020;SI044;59;0
18-Jul-2020;SI044;59;0
19-Jul-2020;SI044;59;0
20-Jul-2020;SI044;59;0
21-Jul-2020;SI044;59;0
22-Jul-2020;SI044;59;0
23-Jul-2020;SI044;59;0
24-Jul-2020;SI044;59;0
25-Jul-2020;SI044;59;0
26-Jul-2020;SI044;59;0
27-Jul-2020;SI044;60;1
28-Jul-2020;SI044;60;0
29-Jul-2020;SI044;61;1
30-Jul-2020;SI044;61;0
31-Jul-2020;SI044;61;0
01-Aug-2020;SI044;61;0
02-Aug-2020;SI044;61;0
03-Aug-2020;SI044;61;0
04-Aug-2020;SI044;61;0
05-Aug-2020;SI044;62;1
06-Aug-2020;SI044;62;0
07-Aug-2020;SI044;62;0
08-Aug-2020;SI044;62;0
09-Aug-2020;SI044;62;0
10-Aug-2020;SI044;63;1
11-Aug-2020;SI044;64;1
12-Aug-2020;SI044;67;3
13-Aug-2020;SI044;67;0
14-Aug-2020;SI044;68;1
15-Aug-2020;SI044;69;1
16-Aug-2020;SI044;69;0
17-Aug-2020;SI044;69;0
18-Aug-2020;SI044;71;2
19-Aug-2020;SI044;72;1
20-Aug-2020;SI044;73;1
21-Aug-2020;SI044;75;2
22-Aug-2020;SI044;77;2
23-Aug-2020;SI044;77;0
24-Aug-2020;SI044;77;0
25-Aug-2020;SI044;80;3
26-Aug-2020;SI044;82;2
27-Aug-2020;SI044;84;2
28-Aug-2020;SI044;84;0
29-Aug-2020;SI044;84;0
30-Aug-2020;SI044;85;1
31-Aug-2020;SI044;86;1
01-Sep-2020;SI044;87;1
02-Sep-2020;SI044;89;2
03-Sep-2020;SI044;89;0
04-Sep-2020;SI044;90;1
05-Sep-2020;SI044;90;0
06-Sep-2020;SI044;90;0
07-Sep-2020;SI044;90;0
08-Sep-2020;SI044;91;1
09-Sep-2020;SI044;92;1
10-Sep-2020;SI044;93;1
11-Sep-2020;SI044;95;2
12-Sep-2020;SI044;95;0
13-Sep-2020;SI044;95;0
14-Sep-2020;SI044;97;2
15-Sep-2020;SI044;98;1
16-Sep-2020;SI044;101;3
17-Sep-2020;SI044;101;0
18-Sep-2020;SI044;103;2
19-Sep-2020;SI044;104;1
20-Sep-2020;SI044;104;0
21-Sep-2020;SI044;107;3
22-Sep-2020;SI044;110;3
23-Sep-2020;SI044;110;0
24-Sep-2020;SI044;116;6
25-Sep-2020;SI044;123;7
26-Sep-2020;SI044;124;1
27-Sep-2020;SI044;124;0
28-Sep-2020;SI044;127;3
29-Sep-2020;SI044;127;0
30-Sep-2020;SI044;129;2
01-Oct-2020;SI044;133;4
02-Oct-2020;SI044;143;10
03-Oct-2020;SI044;144;1
04-Oct-2020;SI044;145;1
05-Oct-2020;SI044;150;5
06-Oct-2020;SI044;155;5
07-Oct-2020;SI044;163;8
08-Oct-2020;SI044;167;4
09-Oct-2020;SI044;177;10
10-Oct-2020;SI044;179;2
11-Oct-2020;SI044;179;0
12-Oct-2020;SI044;182;3
13-Oct-2020;SI044;193;11
14-Oct-2020;SI044;207;14
15-Oct-2020;SI044;218;11
16-Oct-2020;SI044;235;17
17-Oct-2020;SI044;247;12
18-Oct-2020;SI044;249;2
19-Oct-2020;SI044;267;18
20-Oct-2020;SI044;307;40
21-Oct-2020;SI044;361;54
22-Oct-2020;SI044;421;60
23-Oct-2020;SI044;437;16
24-Oct-2020;SI044;503;66
25-Oct-2020;SI044;508;5
26-Oct-2020;SI044;558;50
27-Oct-2020;SI044;657;99
28-Oct-2020;SI044;735;78
29-Oct-2020;SI044;756;21
30-Oct-2020;SI044;791;35
31-Oct-2020;SI044;811;20
01-Nov-2020;SI044;812;1
02-Nov-2020;SI044;849;37
03-Nov-2020;SI044;906;57
04-Nov-2020;SI044;953;47
05-Nov-2020;SI044;986;33
06-Nov-2020;SI044;1032;46
07-Nov-2020;SI044;1038;6
08-Nov-2020;SI044;1042;4
09-Nov-2020;SI044;1079;37
10-Nov-2020;SI044;1134;55
11-Nov-2020;SI044;1185;51
12-Nov-2020;SI044;1230;45
13-Nov-2020;SI044;1282;52
14-Nov-2020;SI044;1288;6
15-Nov-2020;SI044;1302;14
16-Nov-2020;SI044;1368;66
17-Nov-2020;SI044;1446;78
18-Nov-2020;SI044;1499;53
19-Nov-2020;SI044;1535;36
20-Nov-2020;SI044;1585;50
21-Nov-2020;SI044;1598;13
22-Nov-2020;SI044;1600;2
23-Nov-2020;SI044;1644;44
