date,county_AB,county_AR,county_AG,county_BC,county_BH,county_BN,county_BT,county_BV,county_BR,county_BZ,county_CS,county_CL,county_CJ,county_CT,county_CV,county_DB,county_DJ,county_GL,county_GR,county_GJ,county_HR,county_HD,county_IL,county_IS,county_IF,county_MM,county_MH,county_MS,county_NT,county_OT,county_PH,county_SM,county_SJ,county_SB,county_SV,county_TR,county_TM,county_TL,county_VS,county_VL,county_VN,county_B
23-11-20,9036,10161,11998,11975,12724,5302,5399,16993,5075,6050,4297,3674,19081,14010,3775,10342,10975,9113,3603,4072,4376,7697,3971,17742,13063,7706,3585,10906,8810,6629,17158,4791,5165,12600,12300,5000,17315,3060,7051,7406,4935,59712
22-11-20,8974,10038,11808,11832,12583,5274,5344,16691,5045,5956,4260,3618,18916,13593,3732,10221,10927,9030,3515,4036,4363,7629,3899,17462,12776,7631,3509,10826,8774,6508,17130,4788,5164,12429,12280,4954,17179,2991,6993,7375,4905,58405
21-11-20,8833,9867,11496,11623,12394,5119,5252,16082,4937,5875,4223,3509,18633,13344,3705,10037,10777,8853,3375,4007,4339,7601,3778,17150,12399,7544,3458,10623,8643,6348,16731,4618,5096,12080,12197,4890,16972,2940,6881,7299,4829,57183
20-11-20,8656,9568,11200,11462,12141,5004,5172,15574,4855,5779,4143,3413,18209,12861,3596,9817,10649,8676,3243,3977,4293,7378,3705,16692,12107,7431,3368,10393,8542,6205,16315,4418,5035,11846,12036,4796,16529,2867,6788,7146,4761,56015
19-11-20,8486,9368,10942,11243,11865,4890,5066,15313,4751,5637,4058,3314,17689,12405,3531,9611,10327,8520,3117,3917,4228,7170,3650,16378,11661,7283,3307,10032,8425,6043,16038,4252,4938,11452,11902,4696,16218,2778,6695,7056,4666,54603
18-11-20,8283,9150,10496,11021,11579,4780,4939,15092,4634,5543,3971,3155,16955,11921,3434,9376,10157,8329,2968,3876,4152,6962,3536,15969,11220,7151,3195,9631,8223,5876,15614,4091,4825,11091,11768,4602,15855,2686,6594,6964,4610,53130
17-11-20,8050,8967,10279,10840,11269,4683,4884,14670,4513,5442,3878,3098,16454,11393,3359,9190,9965,8200,2898,3832,4099,6682,3434,15532,10873,6979,3092,9388,8128,5763,15336,4030,4716,10761,11582,4507,15482,2566,6463,6895,4534,51989
16-11-20,7882,8727,10041,10676,10951,4542,4783,14506,4472,5369,3784,2966,15848,10971,3289,9076,9859,7971,2873,3784,4047,6624,3356,15197,10572,6934,3036,9215,8039,5661,15026,3876,4662,10580,11382,4414,15150,2512,6373,6781,4495,50986
15-11-20,7806,8476,9844,10560,10694,4498,4710,14384,4409,5306,3747,2883,15743,10609,3252,8932,9760,7860,2828,3750,4033,6543,3290,15050,10300,6676,2965,9073,7935,5570,14754,3833,4656,10360,11352,4376,14906,2239,6327,6719,4432,49987
14-11-20,7645,8396,9565,10423,10522,4393,4643,13932,4314,5194,3659,2749,15468,10150,3216,8736,9601,7808,2802,3707,4000,6431,3207,14782,9994,6674,2908,8808,7846,5371,14392,3554,4532,9961,11293,4353,14591,2155,6208,6603,4336,49056
13-11-20,7407,8153,9331,10241,10149,4224,4559,13517,4114,5091,3572,2676,14867,9837,3120,8546,9323,7696,2701,3643,3949,6294,3129,14409,9574,6566,2839,8457,7794,5198,14056,3419,4437,9535,11094,4234,14194,2062,6126,6497,4251,47782
12-11-20,7155,7862,9067,10089,9772,4043,4442,13010,4041,4992,3487,2605,14281,8867,3036,8410,9038,7566,2585,3583,3859,6140,3039,14055,9074,6375,2774,8067,7655,5079,13668,3265,4322,9065,10980,4149,13705,1991,6040,6405,4194,46668
11-11-20,6975,7542,8890,9891,9544,3906,4320,12544,3986,4912,3378,2543,13868,8666,2936,8205,8757,7327,2547,3527,3794,5728,2944,13755,8716,6232,2733,7746,7451,4982,13332,3067,4208,8686,10827,4037,13434,1943,5968,6240,4136,45741
10-11-20,6749,7275,8702,9726,9258,3765,4190,12212,3932,4824,3301,2482,13161,8551,2873,8016,8627,7257,2467,3467,3720,5483,2868,13364,8318,5998,2662,7423,7372,4861,13114,2832,4035,8324,10652,3929,13029,1885,5917,6090,4038,44795
09-11-20,6560,7140,8577,9610,9059,3652,4108,12008,3888,4739,3202,2375,12738,8190,2830,7936,8416,7179,2360,3423,3656,5320,2840,13032,8081,5916,2623,7240,7266,4494,12858,2704,3978,8042,10470,3854,12685,1855,5819,6047,3984,43950
08-11-20,6458,6931,8418,9528,8851,3602,4056,11769,3833,4646,3149,2284,12617,7612,2785,7765,8342,7089,2326,3380,3628,5262,2696,12940,7945,5737,2575,7128,7192,4299,12265,2564,3964,7828,10435,3808,12432,1820,5718,6000,3944,43061
07-11-20,6307,6762,8207,9406,8545,3510,3975,11382,3787,4553,3081,2178,12225,7449,2709,7599,8213,7050,2245,3319,3565,5222,2614,12692,7598,5688,2498,6872,6979,4212,11516,2456,3860,7354,10357,3769,12037,1773,5650,5893,3873,41778
06-11-20,6110,6500,8062,9178,8175,3379,3859,11030,3719,4410,3005,1965,11740,7117,2516,7427,7862,6886,2171,3274,3480,4977,2487,12363,7357,5523,2426,6576,6835,4128,10972,2363,3679,6882,10217,3619,11675,1699,5541,5839,3776,40877
05-11-20,5919,6232,7819,8957,7797,3268,3757,10618,3666,4261,2926,1937,11018,6860,2468,7255,7636,6770,2121,3217,3389,4781,2434,12056,7040,5233,2358,6328,6756,4019,10718,2227,3500,6466,10072,3553,11010,1652,5446,5643,3686,40248
04-11-20,5701,6046,7606,8774,7518,3092,3643,10295,3576,4162,2842,1877,10484,6581,2392,7072,7373,6680,2076,3174,3308,4628,2333,11662,6762,5063,2329,5985,6622,3929,10322,2071,3342,6126,9904,3453,10459,1606,5338,5376,3642,39164
03-11-20,5537,5820,7416,8638,7256,2968,3520,10113,3514,4085,2832,1806,10191,6439,2354,6874,7159,6543,2013,3104,3226,4520,2275,11299,6426,4858,2277,5743,6462,3841,10061,1958,3081,5979,9692,3291,9914,1576,5246,5273,3599,37650
02-11-20,5381,5656,7237,8520,7007,2844,3412,9920,3470,4028,2752,1754,9836,6257,2333,6747,6976,6483,1956,3042,3153,4405,2156,11118,6254,4604,2228,5598,6340,3773,9887,1958,3011,5813,9527,3221,9596,1561,5104,5190,3584,36888
01-11-20,5227,5522,7061,8401,6814,2807,3337,9757,3438,3991,2738,1716,9677,5882,2333,6722,6765,6432,1924,2997,3103,4313,2140,10992,6122,4530,2200,5529,6298,3729,9765,1885,2988,5661,9483,3220,9473,1539,5065,5132,3539,36296
31-10-20,5048,5423,6932,8205,6557,2739,3252,9626,3392,3931,2662,1680,9333,5749,2221,6511,6611,6295,1893,2982,3042,4219,2136,10789,6015,4456,2170,5350,6201,3600,9644,1813,2821,5404,9376,3190,9205,1504,4967,5019,3515,35741
30-10-20,4856,5282,6838,8077,6317,2625,3152,9464,3340,3856,2586,1647,9005,5490,2186,6385,6316,6242,1808,2927,2940,4208,2104,10581,5934,4402,2131,5057,5959,3506,9569,1743,2613,5151,9276,3079,8922,1466,4897,4888,3477,35147
29-10-20,4659,5085,6726,7872,6187,2538,3051,9315,3294,3786,2516,1585,8620,5375,2103,6247,6005,6150,1791,2855,2878,4061,2057,10247,5844,4184,2086,4761,5846,3393,9417,1665,2491,4914,9127,2983,8516,1441,4819,4749,3411,34247
28-10-20,4464,4852,6627,7727,5927,2453,2941,9106,3264,3726,2443,1529,8249,5269,2046,6163,5800,6051,1764,2783,2764,3954,2016,9959,5745,4023,2035,4601,5751,3325,9280,1568,2293,4654,8985,2918,8144,1409,4729,4618,3344,33118
27-10-20,4318,4692,6579,7594,5711,2372,2820,8921,3235,3670,2372,1516,7893,5162,1999,5995,5638,5971,1720,2734,2672,3853,1969,9692,5655,3923,2006,4410,5571,3245,9170,1514,2180,4525,8822,2880,7826,1389,4658,4518,3311,32374
26-10-20,4253,4525,6514,7473,5533,2300,2762,8731,3204,3621,2303,1472,7629,5024,1950,5898,5528,5908,1679,2698,2607,3760,1919,9491,5495,3768,1954,4315,5477,3145,9002,1417,2096,4394,8646,2760,7601,1367,4619,4475,3287,31751
25-10-20,4163,4487,6481,7371,5431,2297,2720,8677,3180,3592,2297,1446,7430,4961,1950,5867,5382,5836,1674,2663,2575,3709,1907,9435,5430,3587,1945,4191,5474,3107,8888,1416,2092,4349,8635,2735,7338,1360,4571,4363,3264,31231
24-10-20,3936,4380,6424,7292,5280,2235,2674,8580,3155,3546,2269,1393,7266,4865,1894,5757,5218,5799,1661,2640,2528,3683,1878,9291,5328,3522,1914,4054,5392,3045,8724,1375,1992,4199,8557,2725,7178,1343,4516,4234,3234,30676
23-10-20,3935,4258,6337,7184,5146,2156,2547,8466,3125,3496,2240,1368,6926,4739,1845,5637,5071,5712,1636,2602,2429,3609,1858,9025,5146,3465,1882,3864,5280,2981,8557,1335,1899,4087,8483,2616,6882,1317,4436,4134,3212,29968
22-10-20,3839,4144,6244,7067,5024,2105,2492,8233,3099,3446,2187,1316,6653,4610,1822,5546,4913,5651,1617,2565,2299,3515,1808,8757,5010,3359,1820,3694,5177,2929,8368,1298,1758,3927,8348,2529,6549,1292,4368,4026,3178,29283
21-10-20,3743,4026,6179,6935,4897,2054,2432,8096,3062,3403,2125,1298,6315,4508,1782,5409,4806,5584,1588,2541,2178,3395,1787,8446,4804,3231,1796,3543,5016,2858,8224,1262,1671,3807,8236,2517,6344,1257,4272,3904,3148,28479
20-10-20,3573,3894,6135,6777,4771,2004,2377,7969,3032,3334,2056,1257,5972,4404,1745,5281,4605,5513,1564,2507,2081,3352,1741,8215,4674,3168,1741,3309,4928,2813,8112,1198,1526,3677,8038,2439,6168,1235,4189,3784,3124,27829
19-10-20,3453,3789,6095,6676,4689,1950,2326,7912,3007,3305,1984,1220,5744,4313,1704,5219,4548,5453,1548,2472,1996,3281,1696,8001,4576,3089,1711,3223,4846,2769,7980,1195,1492,3639,7941,2344,6021,1221,4157,3750,3092,27284
18-10-20,3393,3764,6049,6603,4590,1950,2290,7773,2979,3282,1984,1198,5659,4230,1702,5166,4492,5395,1534,2458,1950,3272,1683,7876,4541,3003,1703,3169,4825,2687,7855,1165,1466,3587,7903,2307,5955,1210,4115,3696,3083,26703
17-10-20,3262,3661,6016,6523,4523,1924,2203,7526,2933,3242,1953,1156,5530,4176,1652,5110,4265,5341,1502,2438,1885,3214,1637,7746,4466,2944,1693,3075,4719,2586,7710,1132,1411,3490,7830,2259,5772,1189,4044,3584,3070,25933
16-10-20,3109,3570,5973,6355,4407,1888,2156,7411,2882,3187,1912,1143,5359,4084,1613,4989,4127,5280,1476,2412,1774,3114,1636,7451,4356,2893,1676,2952,4610,2497,7583,1092,1331,3424,7732,2216,5570,1179,3975,3447,3046,25487
15-10-20,2988,3504,5927,6202,4301,1845,2100,7295,2851,3156,1859,1127,5092,3987,1580,4937,3994,5243,1448,2379,1655,3034,1587,7275,4284,2777,1655,2846,4500,2423,7438,1048,1259,3290,7599,2090,5423,1169,3915,3355,3017,24895
14-10-20,2862,3423,5893,6052,4248,1812,2051,7165,2801,3115,1817,1097,4865,3904,1540,4854,3936,5129,1418,2347,1572,2974,1573,7075,4183,2701,1638,2723,4407,2346,7301,992,1224,3161,7483,2038,5248,1145,3849,3259,2999,24118
13-10-20,2731,3305,5835,5967,4152,1768,2012,7059,2766,3091,1773,1071,4667,3818,1517,4725,3741,5048,1368,2315,1478,2911,1543,6918,4101,2632,1617,2612,4304,2296,7138,949,1171,3011,7310,1955,5143,1113,3802,3163,2978,23449
12-10-20,2630,3256,5806,5811,4088,1734,1979,6970,2735,3063,1709,1042,4495,3752,1466,4666,3691,4983,1350,2278,1384,2855,1527,6805,4017,2577,1593,2497,4189,2231,7016,924,1113,2955,7220,1872,5032,1094,3763,3134,2962,22950
11-10-20,2578,3208,5789,5712,4047,1734,1947,6933,2673,3047,1705,1010,4426,3711,1466,4597,3638,4915,1320,2269,1360,2837,1497,6641,3989,2518,1575,2415,4161,2230,6906,922,1110,2904,7202,1852,4980,1088,3689,3066,2941,22537
10-10-20,2504,3166,5767,5549,4011,1713,1923,6840,2673,3029,1676,992,4332,3626,1421,4550,3528,4840,1283,2247,1314,2793,1467,6502,3911,2482,1553,2352,4046,2204,6783,904,1057,2821,7166,1830,4825,1069,3637,2969,2912,21998
09-10-20,2389,3091,5749,5459,3965,1676,1881,6684,2628,2996,1629,957,4194,3539,1407,4479,3441,4742,1269,2223,1273,2678,1438,6296,3858,2433,1522,2274,3922,2140,6619,872,1003,2662,7082,1754,4720,1053,3565,2870,2882,21434
08-10-20,2283,3040,5715,5280,3904,1656,1835,6634,2591,2968,1561,943,4065,3470,1380,4427,3311,4620,1252,2182,1225,2630,1423,6115,3795,2401,1507,2202,3845,2102,6511,849,957,2592,6988,1695,4626,1037,3516,2723,2851,20855
07-10-20,2212,2972,5666,5130,3839,1635,1796,6554,2574,2940,1536,933,3948,3385,1355,4299,3221,4571,1238,2149,1176,2576,1387,5922,3724,2316,1499,2136,3770,2046,6410,818,914,2522,6918,1628,4484,1011,3459,2628,2829,20306
06-10-20,2095,2892,5621,5048,3800,1607,1765,6459,2520,2896,1501,920,3850,3291,1342,4262,3138,4519,1220,2097,1135,2529,1373,5765,3646,2266,1462,2066,3691,2007,6309,798,852,2441,6850,1576,4380,986,3375,2546,2786,19792
05-10-20,2042,2852,5601,4964,3752,1570,1752,6411,2500,2874,1439,895,3765,3215,1315,4239,3104,4503,1210,2085,1103,2460,1337,5673,3603,2215,1456,2041,3625,1980,6213,786,806,2386,6779,1505,4298,969,3341,2531,2775,19389
04-10-20,2015,2840,5587,4926,3733,1570,1734,6369,2477,2862,1439,883,3682,3186,1313,4209,3068,4438,1193,2068,1093,2449,1333,5557,3559,2192,1449,2008,3556,1978,6154,786,807,2374,6765,1486,4274,961,3312,2492,2764,18827
03-10-20,1962,2823,5564,4819,3703,1560,1720,6277,2446,2841,1425,863,3648,3118,1289,4160,2989,4381,1182,2054,1081,2415,1318,5430,3541,2162,1444,1983,3477,1938,6104,768,774,2332,6741,1475,4228,942,3264,2449,2753,18491
02-10-20,1928,2774,5561,4721,3671,1541,1708,6200,2433,2823,1406,855,3566,3048,1285,4110,2939,4359,1168,2022,1057,2407,1282,5258,3499,2139,1436,1938,3329,1909,6027,745,760,2278,6649,1396,4129,929,3163,2397,2740,18285
01-10-20,1884,2737,5545,4553,3621,1524,1684,6122,2405,2800,1382,846,3500,2972,1241,4078,2881,4335,1140,2000,1030,2382,1274,5151,3397,2107,1430,1894,3259,1872,5950,728,743,2241,6602,1352,4050,912,3085,2329,2722,17768
30-09-20,1830,2698,5533,4449,3595,1511,1671,6061,2394,2774,1355,830,3396,2850,1233,4023,2830,4277,1113,1979,999,2348,1254,5018,3342,2072,1426,1863,3218,1850,5885,705,729,2191,6564,1264,3964,886,3020,2275,2700,17467
29-09-20,1785,2651,5507,4380,3527,1500,1653,6030,2362,2756,1313,815,3320,2791,1182,3964,2779,4221,1084,1954,975,2280,1243,4935,3265,2018,1422,1817,3165,1837,5809,683,709,2154,6489,1232,3894,864,2967,2212,2682,17062
28-09-20,1752,2618,5491,4320,3483,1481,1637,5972,2352,2745,1264,810,3247,2756,1175,3940,2766,4168,1062,1942,967,2257,1241,4911,3199,1981,1417,1795,3110,1825,5760,643,673,2136,6473,1181,3858,847,2926,2197,2671,16771
27-09-20,1703,2610,5487,4281,3456,1479,1631,5889,2340,2733,1261,803,3205,2725,1167,3893,2749,4115,1055,1937,959,2237,1225,4739,3181,1958,1416,1783,3107,1817,5684,643,672,2107,6456,1169,3836,837,2838,2165,2665,16536
26-09-20,1694,2577,5462,4225,3444,1469,1618,5837,2326,2724,1257,796,3171,2637,1160,3858,2686,4059,1051,1928,944,2229,1213,4656,3165,1946,1410,1755,3069,1801,5629,617,649,2076,6420,1158,3777,820,2734,2080,2657,16327
25-09-20,1649,2538,5447,4150,3416,1443,1604,5784,2290,2713,1237,785,3099,2565,1141,3835,2622,4049,1042,1908,926,2202,1205,4576,3127,1906,1396,1739,3003,1778,5558,592,638,2054,6387,1121,3706,805,2719,2058,2651,16096
24-09-20,1606,2499,5433,4048,3393,1427,1588,5721,2262,2695,1220,776,3041,2499,1129,3800,2588,4003,1025,1886,911,2185,1191,4498,3035,1881,1357,1721,2971,1768,5471,578,621,2032,6336,1078,3641,792,2688,2005,2646,15886
23-09-20,1588,2474,5418,3966,3349,1416,1552,5660,2242,2683,1196,768,2984,2417,1106,3775,2557,3920,1011,1870,901,2138,1183,4421,2998,1851,1354,1694,2947,1736,5419,563,614,2010,6285,1033,3584,773,2645,1956,2631,15605
22-09-20,1545,2431,5394,3911,3296,1403,1544,5563,2220,2665,1174,756,2901,2352,1084,3743,2507,3880,990,1846,894,2096,1182,4328,2943,1806,1346,1672,2895,1727,5378,549,600,1981,6245,998,3509,761,2568,1919,2621,15304
21-09-20,1522,2412,5386,3855,3255,1389,1539,5525,2202,2650,1130,737,2860,2337,1076,3721,2483,3849,990,1832,883,2074,1169,4271,2918,1779,1336,1660,2857,1710,5338,530,590,1963,6185,949,3472,753,2552,1919,2607,15205
20-09-20,1500,2407,5375,3819,3243,1388,1511,5502,2194,2641,1125,723,2822,2308,1075,3706,2481,3812,985,1825,884,2074,1161,4236,2904,1749,1328,1654,2851,1707,5308,529,589,1952,6169,949,3454,746,2525,1873,2601,14977
19-09-20,1486,2373,5368,3799,3216,1383,1510,5419,2173,2624,1116,716,2800,2280,1062,3678,2403,3768,977,1818,876,2071,1141,4167,2885,1738,1323,1640,2812,1696,5261,517,577,1931,6137,944,3397,731,2502,1824,2588,14707
18-09-20,1464,2343,5356,3740,3179,1375,1492,5368,2155,2609,1087,707,2765,2235,1050,3633,2370,3759,955,1798,871,2055,1129,4128,2833,1667,1315,1632,2764,1676,5219,506,559,1901,6082,916,3336,722,2471,1813,2579,14487
17-09-20,1439,2304,5337,3681,3132,1358,1483,5312,2122,2593,1051,692,2697,2213,1017,3581,2293,3719,939,1777,856,2030,1110,4037,2800,1668,1291,1621,2719,1652,5160,496,540,1864,6033,888,3275,707,2432,1783,2557,14316
16-09-20,1415,2263,5302,3618,3097,1342,1472,5252,2097,2584,1025,683,2615,2172,989,3556,2258,3690,920,1762,843,1980,1089,3927,2745,1640,1276,1609,2683,1603,5101,467,529,1834,5973,860,3218,695,2390,1700,2550,14072
15-09-20,1375,2237,5286,3576,3043,1325,1456,5217,2074,2574,1002,676,2516,2112,964,3524,2200,3658,911,1754,832,1946,1086,3856,2680,1587,1265,1597,2642,1548,5017,447,509,1795,5882,840,3153,679,2334,1617,2533,13861
14-09-20,1358,2217,5268,3533,3006,1315,1430,5175,2063,2562,975,669,2467,2096,955,3502,2200,3640,902,1739,820,1939,1076,3810,2627,1552,1255,1592,2603,1531,4974,438,499,1780,5829,820,3121,663,2313,1586,2528,13647
13-09-20,1347,2210,5263,3512,2981,1315,1430,5151,2039,2555,974,653,2446,2074,955,3473,2175,3629,891,1735,815,1933,1076,3769,2612,1524,1252,1585,2599,1517,4941,441,499,1770,5807,799,3118,660,2305,1549,2525,13479
12-09-20,1330,2192,5258,3465,2912,1296,1428,5109,2021,2542,965,645,2427,2037,944,3450,2140,3610,883,1724,811,1910,1058,3714,2601,1505,1246,1569,2573,1496,4883,434,485,1742,5786,795,3070,652,2279,1525,2515,13247
11-09-20,1305,2172,5248,3428,2857,1287,1418,5056,1982,2520,946,639,2382,2015,935,3416,2071,3591,870,1711,807,1891,1054,3649,2552,1464,1234,1557,2531,1472,4813,418,472,1713,5737,776,3030,648,2262,1504,2504,13027
10-09-20,1276,2140,5226,3367,2814,1268,1398,5006,1955,2505,908,630,2361,1975,904,3404,2039,3557,845,1701,803,1878,1047,3587,2503,1416,1229,1547,2483,1455,4739,410,463,1660,5662,762,2994,637,2202,1445,2488,12887
09-09-20,1252,2103,5207,3285,2766,1262,1396,4956,1933,2492,899,621,2322,1954,902,3370,2002,3532,825,1685,794,1855,1041,3524,2463,1391,1221,1529,2426,1430,4674,389,451,1628,5608,747,2925,603,2160,1405,2484,12686
08-09-20,1224,2064,5182,3250,2718,1252,1386,4900,1903,2472,852,615,2288,1901,882,3325,1985,3496,804,1666,788,1820,1040,3465,2425,1365,1217,1514,2401,1423,4641,371,444,1612,5568,721,2881,597,2107,1388,2473,12506
07-09-20,1210,2034,5156,3236,2683,1239,1379,4856,1888,2449,822,608,2259,1879,860,3302,1967,3482,799,1654,780,1796,1020,3421,2362,1340,1210,1507,2365,1412,4604,363,433,1586,5540,698,2841,590,2079,1376,2465,12249
06-09-20,1198,2029,5138,3171,2651,1239,1379,4850,1873,2377,822,598,2243,1865,844,3255,1946,3467,785,1643,771,1794,1012,3366,2356,1319,1206,1497,2347,1409,4549,363,432,1576,5529,672,2829,587,2066,1338,2463,12062
05-09-20,1186,2009,5136,3066,2592,1226,1368,4804,1820,2375,815,586,2233,1842,843,3248,1873,3441,777,1624,760,1773,1011,3309,2319,1299,1201,1483,2318,1389,4480,347,427,1549,5501,672,2807,578,2042,1322,2454,11861
04-09-20,1177,1975,5122,3007,2543,1212,1365,4772,1798,2354,799,574,2197,1823,816,3213,1849,3420,751,1624,753,1761,1009,3249,2271,1284,1194,1458,2282,1375,4447,346,420,1528,5456,653,2770,574,2018,1307,2445,11509
03-09-20,1169,1927,5082,2954,2501,1189,1356,4697,1771,2333,741,570,2144,1800,812,3182,1815,3390,728,1603,739,1750,979,3187,2260,1236,1180,1452,2239,1358,4383,334,410,1513,5417,635,2692,567,1954,1296,2428,11395
02-09-20,1156,1902,5068,2839,2437,1172,1351,4663,1747,2314,722,554,2101,1756,795,3150,1794,3363,707,1585,727,1728,970,3129,2230,1214,1161,1429,2183,1335,4341,321,400,1491,5374,617,2650,556,1918,1241,2416,11198
01-09-20,1130,1854,5038,2793,2394,1161,1339,4603,1722,2286,695,547,2064,1715,772,3099,1733,3335,699,1558,717,1699,970,3068,2212,1188,1145,1407,2157,1321,4287,309,382,1475,5331,601,2590,542,1859,1206,2406,11101
31-08-20,1116,1831,5017,2740,2351,1142,1329,4564,1702,2246,664,540,2031,1688,752,3080,1717,3302,690,1551,702,1689,962,2973,2179,1157,1133,1400,2129,1312,4230,293,370,1449,5298,592,2561,538,1850,1189,2380,11018
30-08-20,1097,1813,5006,2722,2322,1141,1322,4552,1693,2234,664,532,2015,1661,752,3062,1699,3275,688,1547,700,1674,951,2912,2143,1131,1126,1398,2112,1309,4174,292,370,1437,5286,585,2550,534,1782,1151,2372,10916
29-08-20,1088,1801,4989,2691,2290,1134,1318,4519,1636,2219,659,525,1999,1647,748,3020,1640,3253,686,1535,697,1642,945,2852,2132,1114,1117,1386,2093,1287,4121,280,367,1416,5270,578,2518,529,1753,1135,2359,10762
28-08-20,1070,1756,4962,2633,2229,1128,1312,4459,1599,2177,641,516,1965,1619,739,2972,1596,3207,679,1514,689,1594,944,2779,2113,1090,1111,1369,2062,1268,4064,276,360,1402,5240,573,2473,522,1695,1110,2357,10521
27-08-20,1050,1721,4935,2557,2185,1117,1307,4392,1544,2154,619,510,1944,1577,721,2942,1571,3174,647,1492,684,1577,934,2690,2070,1081,1102,1334,2049,1251,3986,271,344,1374,5196,567,2416,504,1697,1080,2341,10362
26-08-20,1033,1706,4903,2473,2114,1110,1301,4334,1483,2121,606,497,1916,1543,708,2895,1545,3142,634,1483,679,1554,926,2619,2007,1053,1090,1313,2023,1233,3899,264,337,1356,5159,558,2355,476,1623,1038,2330,10126
25-08-20,1024,1665,4872,2424,2086,1100,1289,4299,1455,2097,595,493,1874,1520,693,2851,1520,3114,619,1468,668,1531,926,2547,1974,1020,1078,1294,1990,1217,3834,246,331,1343,5128,541,2307,460,1577,997,2313,9930
24-08-20,1009,1632,4843,2395,2049,1089,1283,4256,1438,2077,573,480,1855,1499,685,2828,1517,3086,603,1452,664,1514,920,2492,1939,999,1061,1282,1965,1207,3781,246,319,1320,5097,531,2284,443,1548,991,2297,9701
23-08-20,998,1628,4824,2353,2022,1089,1275,4223,1414,2051,573,468,1840,1471,685,2807,1491,3069,595,1441,662,1505,918,2421,1909,988,1057,1273,1960,1187,3718,246,319,1307,5081,521,2244,438,1527,976,2290,9561
22-08-20,987,1598,4792,2295,1991,1079,1269,4184,1385,2035,572,464,1783,1454,681,2786,1457,3036,586,1427,657,1487,909,2349,1904,976,1050,1261,1935,1168,3633,225,310,1292,5070,521,2226,433,1505,957,2279,9458
21-08-20,979,1559,4759,2249,1951,1071,1261,4144,1371,2011,551,443,1784,1431,668,2749,1431,2994,584,1383,652,1451,909,2274,1887,947,1034,1253,1909,1150,3565,225,305,1270,5043,508,2119,425,1480,956,2262,9293
20-08-20,958,1536,4721,2170,1884,1059,1257,4099,1355,1964,538,442,1741,1396,642,2715,1394,2955,582,1366,649,1433,900,2218,1869,915,1022,1237,1857,1122,3453,216,296,1248,5024,496,2081,403,1453,924,2229,9079
19-08-20,945,1511,4663,2134,1799,1048,1250,4029,1330,1900,517,421,1705,1374,633,2685,1371,2920,565,1341,642,1424,888,2180,1833,878,1010,1221,1834,1101,3345,203,285,1230,4996,483,2034,394,1398,899,2227,8906
18-08-20,931,1479,4599,2097,1745,1033,1245,4003,1295,1870,499,412,1676,1354,617,2656,1280,2898,549,1302,637,1392,886,2110,1809,841,996,1202,1792,1085,3293,173,276,1223,4966,471,1977,382,1330,879,2207,8678
17-08-20,910,1461,4564,2077,1700,1020,1239,3964,1272,1831,493,417,1650,1333,610,2639,1250,2860,535,1290,635,1365,884,2076,1787,824,981,1191,1765,1075,3244,172,264,1208,4922,466,1947,373,1261,862,2171,8543
16-08-20,897,1444,4508,2063,1669,1020,1237,3932,1227,1810,493,401,1637,1330,609,2606,1226,2840,528,1269,631,1360,884,2024,1758,815,971,1184,1764,1067,3153,172,264,1197,4915,458,1940,368,1259,820,2171,8479
15-08-20,893,1411,4450,2043,1619,1016,1229,3881,1213,1763,492,393,1618,1305,602,2565,1198,2806,521,1257,631,1333,874,1977,1709,794,965,1172,1732,1049,3057,159,259,1182,4891,458,1930,355,1258,767,2162,8325
14-08-20,868,1400,4380,1990,1561,1003,1227,3848,1197,1717,476,381,1586,1277,598,2534,1142,2751,511,1235,626,1314,871,1941,1660,773,957,1162,1692,1015,2974,150,250,1163,4862,447,1854,350,1234,736,2152,8123
13-08-20,851,1378,4312,1935,1505,994,1221,3810,1171,1687,457,379,1551,1255,577,2475,1093,2709,501,1206,618,1269,856,1894,1624,718,945,1134,1644,980,2896,143,244,1142,4842,440,1800,342,1170,714,2141,7951
12-08-20,839,1353,4232,1898,1439,983,1213,3752,1149,1639,448,372,1521,1218,555,2444,1028,2662,489,1184,617,1249,838,1852,1554,687,928,1111,1604,951,2808,137,238,1123,4805,433,1720,333,1122,694,2120,7779
11-08-20,827,1312,4155,1860,1384,978,1211,3710,1128,1620,435,360,1479,1202,536,2415,985,2608,481,1160,610,1178,829,1803,1545,648,906,1094,1566,937,2743,134,234,1098,4769,424,1675,332,999,673,2058,7605
10-08-20,818,1280,4102,1842,1331,964,1204,3683,1093,1581,416,354,1456,1182,535,2344,980,2561,468,1127,605,1127,824,1772,1516,624,893,1091,1535,921,2692,127,228,1087,4741,414,1636,329,886,646,2022,7454
09-08-20,813,1271,4062,1815,1294,963,1203,3639,1070,1556,416,347,1445,1166,535,2319,959,2534,460,1105,605,1122,822,1760,1499,612,882,1082,1528,912,2632,127,228,1072,4731,411,1620,326,865,607,1975,7322
08-08-20,806,1245,3991,1784,1242,955,1199,3579,1033,1530,391,343,1433,1141,532,2293,932,2468,455,1047,599,1115,805,1691,1496,581,869,1064,1512,898,2560,124,219,1055,4713,409,1581,326,864,607,1962,7121
07-08-20,794,1221,3900,1716,1194,941,1195,3547,1005,1493,370,338,1398,1113,523,2224,921,2439,439,1023,589,1089,787,1668,1451,556,854,1054,1483,862,2483,123,214,1017,4681,404,1544,320,831,595,1921,6900
06-08-20,784,1191,3804,1661,1141,927,1192,3468,991,1465,350,336,1368,1082,512,2138,875,2399,439,978,584,1074,784,1637,1423,542,835,1030,1455,848,2373,116,208,994,4656,397,1500,312,801,576,1895,6701
05-08-20,780,1172,3705,1623,1106,921,1188,3413,962,1426,329,330,1332,1054,488,2092,839,2331,436,948,574,1050,773,1609,1393,522,822,1023,1431,827,2271,114,202,966,4633,385,1432,310,773,544,1859,6509
04-08-20,766,1142,3607,1566,1047,904,1187,3322,943,1391,315,320,1294,1024,469,2043,829,2289,434,909,560,1024,768,1584,1367,502,811,1014,1393,800,2195,112,195,955,4599,380,1374,302,727,533,1827,6366
03-08-20,758,1119,3512,1503,1036,889,1182,3227,910,1376,290,311,1267,990,451,1992,809,2249,425,870,545,1002,748,1562,1339,491,787,1004,1359,787,2134,110,189,944,4584,369,1331,301,700,512,1785,6208
02-08-20,754,1104,3416,1452,986,886,1180,3197,893,1364,290,307,1251,975,450,1956,805,2187,407,868,543,996,744,1543,1332,457,771,998,1348,769,2097,110,188,928,4576,367,1297,295,698,495,1766,6088
01-08-20,746,1080,3316,1427,958,876,1171,3116,872,1333,287,302,1235,957,439,1914,772,2123,404,840,538,975,742,1491,1315,427,746,990,1335,747,2043,108,179,916,4545,363,1291,291,637,470,1738,6005
31-07-20,738,1045,3224,1362,920,857,1169,3064,831,1308,268,295,1195,931,429,1842,719,2097,404,807,534,961,733,1464,1286,413,724,978,1309,732,1940,102,175,904,4527,354,1233,281,624,467,1702,5887
30-07-20,716,1008,3112,1335,896,844,1166,2993,809,1284,248,282,1133,902,417,1792,686,2050,395,766,519,926,724,1430,1254,401,708,960,1241,711,1873,99,173,894,4514,344,1191,276,617,441,1688,5723
29-07-20,699,990,3009,1290,852,827,1159,2933,762,1248,233,281,1133,875,403,1766,649,1995,394,723,502,908,715,1385,1230,386,697,949,1204,692,1795,96,167,882,4472,335,1115,273,576,417,1670,5500
28-07-20,695,969,2911,1258,829,810,1148,2884,729,1223,222,278,1082,845,401,1682,630,1928,391,703,484,897,710,1359,1206,374,680,936,1173,665,1694,94,163,870,4439,327,1075,266,546,400,1604,5425
27-07-20,688,930,2814,1211,811,792,1144,2811,666,1182,201,275,1073,811,398,1631,625,1907,380,699,464,878,695,1329,1173,354,609,918,1147,654,1631,91,156,864,4421,316,1014,261,524,387,1593,5328
26-07-20,677,920,2685,1181,785,790,1138,2703,636,1156,201,274,1011,798,398,1500,591,1885,371,698,460,869,691,1315,1160,344,599,914,1139,635,1511,91,156,856,4409,312,995,261,523,381,1572,5161
25-07-20,661,891,2580,1135,779,780,1131,2673,596,1125,198,270,1004,772,397,1429,567,1844,369,679,451,860,677,1260,1131,332,531,908,1128,607,1431,92,152,850,4397,309,983,255,466,321,1521,5094
24-07-20,642,865,2472,1075,765,761,1125,2643,544,1099,182,256,973,745,386,1413,533,1822,348,643,437,848,669,1220,1105,313,449,892,1108,581,1323,87,142,832,4371,298,917,252,467,308,1465,4976
23-07-20,631,851,2371,1023,754,745,1117,2585,492,1066,171,254,970,713,382,1343,500,1786,331,613,433,831,659,1204,1077,298,391,885,1098,561,1288,86,139,801,4337,262,896,244,456,269,1449,4871
22-07-20,613,836,2265,955,738,728,1112,2472,464,1041,167,247,948,689,382,1289,485,1727,330,602,424,798,609,1176,1069,287,371,878,1087,529,1253,86,137,792,4317,250,858,241,418,248,1434,4770
21-07-20,589,801,2176,947,729,711,1108,2424,421,1018,164,243,902,657,376,1253,469,1677,328,576,424,782,604,1149,1045,284,356,871,1071,526,1183,85,132,779,4290,232,829,234,408,221,1400,4618
20-07-20,574,788,2079,920,723,704,1104,2381,401,992,145,237,891,645,369,1194,458,1626,328,550,424,766,592,1139,1012,278,337,866,1059,505,1126,84,127,770,4268,218,786,230,340,219,1378,4467
19-07-20,561,786,1960,868,723,702,1102,2328,392,967,145,236,867,624,359,1169,452,1571,328,545,421,765,585,1136,1009,270,334,860,1054,493,1099,84,127,763,4257,218,780,231,312,214,1362,4360
18-07-20,551,773,1862,848,721,682,1099,2296,376,941,144,229,845,611,358,1137,430,1514,326,525,418,759,576,1125,988,268,323,854,1048,469,1028,83,127,745,4251,218,765,229,297,210,1343,4260
17-07-20,510,756,1758,821,720,673,1091,2229,356,912,137,229,825,590,351,1113,418,1475,319,501,408,754,567,1117,959,257,315,848,1034,448,993,82,127,735,4233,208,693,222,275,203,1330,4172
16-07-20,506,743,1653,809,718,660,1089,2184,336,883,135,224,820,576,342,1053,409,1416,313,475,403,744,559,1108,948,251,303,838,1029,437,920,82,124,730,4218,206,673,218,261,191,1283,4096
15-07-20,499,732,1570,791,715,652,1084,2130,330,859,134,219,803,562,335,1037,402,1363,295,444,395,728,553,1094,938,250,291,829,1013,407,880,82,124,717,4200,200,639,208,246,172,1282,3985
14-07-20,499,726,1483,775,715,642,1081,2076,317,842,130,214,790,553,331,987,394,1316,293,429,389,717,544,1084,923,239,283,821,1006,394,845,82,123,707,4188,198,616,206,236,171,1265,3918
13-07-20,496,719,1390,757,711,633,1076,2014,303,824,128,209,771,542,331,965,391,1269,283,429,383,711,537,1075,899,237,270,818,1004,385,813,82,121,702,4177,191,607,205,232,118,1247,3856
12-07-20,493,714,1349,746,708,631,1073,1997,298,794,128,209,762,542,329,935,387,1239,283,422,380,709,522,1070,899,236,263,810,1003,368,765,82,121,699,4167,179,600,203,231,115,1236,3801
11-07-20,491,713,1284,744,707,625,1070,1950,287,772,126,200,753,534,328,885,386,1220,283,405,372,706,521,1063,886,232,256,808,1000,365,732,82,121,696,4162,179,585,201,226,103,1222,3761
10-07-20,487,712,1194,717,705,613,1070,1905,275,750,124,198,734,528,323,857,361,1169,281,367,367,693,514,1055,868,228,249,804,995,339,710,82,121,689,4141,175,569,198,221,99,1198,3659
09-07-20,479,709,1138,698,704,603,1060,1851,271,727,122,197,717,508,318,822,356,1138,281,338,360,688,503,1048,850,227,233,790,992,328,679,82,121,685,4134,173,566,192,209,94,1171,3590
08-07-20,471,708,1083,692,701,593,1057,1796,253,684,120,190,715,500,310,756,352,1122,280,315,357,667,464,1042,835,219,227,788,989,317,644,81,121,684,4116,170,554,192,198,92,1166,3517
07-07-20,469,707,1030,686,697,582,1050,1743,253,651,119,183,712,492,302,697,339,1105,278,299,348,665,455,1031,816,216,218,767,981,301,614,81,121,676,4098,168,546,191,198,86,1148,3464
06-07-20,468,707,1016,677,696,574,1047,1698,251,644,119,181,693,484,299,683,333,1061,275,287,342,664,444,1027,793,214,208,764,980,294,587,80,120,673,4090,165,538,190,194,85,1130,3411
05-07-20,467,707,989,671,694,573,1045,1694,243,635,119,181,693,482,299,668,333,1028,274,263,341,664,444,1026,791,210,205,762,980,280,569,80,120,673,4087,165,534,189,193,63,1106,3396
04-07-20,463,707,946,664,679,561,1041,1651,238,630,119,178,693,475,296,635,324,989,272,259,338,664,440,1021,781,206,201,751,977,266,547,80,120,668,4078,165,534,188,191,55,1105,3349
03-07-20,461,707,919,655,673,554,1033,1615,235,627,118,177,688,468,291,625,304,966,270,247,328,663,440,1005,758,206,197,748,974,255,526,78,119,662,4063,164,527,187,189,55,1081,3275
02-07-20,455,706,872,650,673,544,1027,1553,226,613,116,177,687,458,288,580,304,937,269,241,324,663,436,999,752,203,193,745,970,249,472,77,119,660,4046,163,527,183,187,53,1078,3238
01-07-20,447,706,844,640,671,535,1023,1497,219,583,114,178,682,454,286,561,300,912,269,234,322,661,432,992,746,198,190,738,965,236,406,77,118,654,4032,160,522,180,184,52,1049,3193
30-06-20,444,706,793,634,671,523,1020,1484,218,565,113,177,681,446,280,535,295,883,268,226,318,659,430,991,736,193,186,736,963,232,396,76,118,652,4010,159,520,180,184,52,1042,3141
29-06-20,439,706,770,632,671,519,1011,1437,201,533,113,171,676,434,279,513,292,866,268,226,314,655,425,980,728,181,185,732,960,223,382,76,118,650,4002,158,517,180,177,52,1026,3071
28-06-20,435,706,744,623,670,518,1008,1409,190,522,113,165,676,429,277,507,287,855,266,220,313,655,425,969,714,162,185,732,960,216,365,76,118,644,3998,158,517,180,176,51,1016,3030
27-06-20,433,706,715,613,670,510,995,1395,165,494,113,165,669,421,276,491,280,842,266,217,309,654,423,960,714,157,183,731,958,187,359,76,117,638,3990,158,517,180,175,51,1010,3006
26-06-20,431,706,704,608,668,503,995,1351,161,479,113,163,669,411,273,477,277,821,265,212,302,652,420,957,709,154,181,728,957,186,344,76,114,632,3983,158,516,176,173,49,992,2918
25-06-20,431,706,642,605,667,492,989,1319,154,467,112,160,663,404,271,470,276,810,264,209,290,650,418,939,700,151,180,725,955,179,277,76,113,627,3972,155,516,176,172,48,968,2855
24-06-20,427,706,566,599,667,479,979,1277,131,443,112,149,661,390,268,445,271,794,259,204,284,645,414,896,690,149,177,724,952,171,246,76,113,616,3967,155,516,173,171,48,952,2831
23-06-20,426,704,510,598,665,461,974,1245,130,433,112,149,655,380,269,437,265,786,257,202,281,641,415,889,671,149,177,722,952,166,240,76,113,597,3946,154,514,173,170,48,942,2778
22-06-20,423,704,510,591,664,454,960,1227,128,426,112,148,655,378,264,428,263,780,258,196,272,641,410,876,671,144,174,719,948,163,235,74,111,591,3920,154,514,172,170,47,942,2740
21-06-20,419,704,465,590,664,454,956,1215,122,405,112,148,652,367,264,426,263,772,256,196,270,640,409,848,669,143,173,717,948,158,225,73,111,585,3901,154,514,171,169,43,932,2708
20-06-20,419,704,438,587,664,449,954,1158,112,397,112,146,649,352,260,407,262,767,256,191,262,640,408,830,668,141,168,714,947,153,213,70,111,576,3883,153,514,171,168,41,910,2671
19-06-20,417,704,432,587,664,446,949,1148,108,369,112,144,630,336,253,400,262,735,254,184,252,640,408,807,656,132,165,712,943,145,204,70,109,573,3871,151,513,169,166,40,893,2613
18-06-20,414,704,415,579,660,439,941,1121,98,351,112,143,628,331,252,386,261,722,253,180,241,640,406,774,649,125,163,708,940,140,188,69,109,568,3852,151,512,167,166,40,877,2571
17-06-20,414,705,394,575,660,435,921,1085,93,343,112,137,620,326,248,383,258,716,250,178,232,640,402,754,640,122,161,702,931,136,181,67,109,565,3829,151,511,167,165,39,851,2518
16-06-20,414,705,375,573,659,434,908,1051,93,336,112,136,611,316,248,372,255,693,248,175,220,640,401,743,628,122,157,702,929,133,176,66,107,558,3808,150,511,166,165,39,787,2459
15-06-20,412,703,365,566,659,422,899,1029,92,326,112,133,603,312,247,364,253,687,242,175,211,640,401,737,623,120,156,702,924,133,170,64,107,545,3745,149,511,165,165,39,786,2437
14-06-20,412,703,355,562,658,422,890,1022,88,308,112,131,599,312,245,356,253,682,242,171,205,640,401,727,622,119,153,700,924,130,153,64,107,545,3741,149,511,165,165,39,759,2423
13-06-20,411,703,334,559,653,401,884,977,56,276,112,117,597,307,239,355,253,672,239,163,197,640,400,716,615,116,150,696,923,128,143,64,106,539,3734,149,511,164,165,39,749,2393
12-06-20,408,701,320,554,651,394,871,958,56,253,112,110,587,304,238,348,252,662,238,161,193,639,399,695,607,115,142,694,922,125,133,63,103,533,3710,147,510,162,165,38,742,2355
11-06-20,407,700,306,550,649,385,858,941,51,234,112,109,587,301,233,342,248,658,237,160,188,639,397,683,603,113,139,694,916,122,130,63,102,523,3693,147,509,162,165,38,730,2324
10-06-20,405,698,303,549,647,378,851,923,47,233,112,105,584,302,224,329,246,645,237,158,183,638,394,678,584,111,136,691,916,119,124,63,102,521,3668,147,509,158,165,38,701,2289
09-06-20,402,698,287,546,646,367,835,890,43,225,112,104,587,300,223,321,243,641,233,158,174,638,410,663,559,109,135,689,915,116,123,62,100,518,3653,148,509,158,165,38,701,2271
08-06-20,401,698,286,545,646,365,833,855,43,223,112,103,587,298,223,319,242,640,233,157,172,638,396,654,559,109,131,689,908,112,121,62,99,514,3634,147,509,158,165,37,697,2250
07-06-20,401,698,284,542,646,364,826,837,43,216,112,103,586,297,223,317,242,637,233,154,172,638,396,647,558,109,128,689,907,106,120,62,99,510,3612,146,509,157,164,37,680,2238
06-06-20,396,698,279,518,643,362,818,826,43,211,112,103,586,294,223,313,239,634,233,153,168,638,394,620,554,106,117,687,907,101,120,62,98,509,3593,146,508,155,164,37,680,2208
05-06-20,396,698,275,515,635,360,812,806,43,204,112,101,575,286,230,305,238,628,226,152,164,637,391,611,548,103,115,685,896,100,117,62,98,509,3576,146,508,155,164,34,670,2183
04-06-20,395,698,272,513,632,356,796,794,42,202,112,99,575,284,230,299,235,620,226,151,160,635,387,600,543,101,115,683,893,96,117,62,98,509,3552,146,508,153,164,33,642,2145
03-06-20,394,698,267,511,627,343,789,762,41,201,112,99,564,283,230,298,233,616,224,151,153,634,368,594,536,100,115,683,884,93,115,62,93,509,3540,145,508,153,163,31,632,2081
02-06-20,390,698,265,511,624,340,781,756,32,198,112,99,560,284,230,295,230,614,223,147,140,633,365,584,529,100,114,682,884,93,114,61,93,506,3534,144,506,153,163,31,629,2036
01-06-20,385,697,263,507,612,336,772,752,28,198,112,95,557,283,230,290,230,603,222,146,136,632,364,575,530,100,114,680,883,91,113,61,93,505,3536,144,506,150,162,30,626,2015
31-05-20,382,697,260,506,608,335,758,750,28,196,112,95,551,279,229,290,223,600,219,143,134,632,361,565,529,99,112,680,883,85,113,61,93,504,3523,144,506,150,162,30,621,1974
30-05-20,382,697,257,506,586,334,750,743,28,191,112,94,548,279,229,292,222,594,216,142,129,632,360,551,527,98,112,680,882,80,110,61,91,503,3515,144,505,146,162,30,617,1961
29-05-20,378,696,253,502,582,331,744,736,27,188,112,92,549,279,229,282,217,591,216,137,124,631,360,540,518,97,109,680,879,80,110,61,87,500,3496,144,504,145,162,28,608,1944
28-05-20,370,696,253,502,570,328,739,723,27,188,112,90,548,278,230,280,211,582,213,135,123,630,359,526,512,97,108,675,877,78,108,61,87,499,3481,138,501,145,162,28,599,1888
27-05-20,350,696,245,498,561,323,733,707,27,181,112,87,540,276,230,268,207,580,212,134,121,628,355,525,510,97,108,670,873,78,104,61,87,494,3465,138,501,143,158,28,587,1862
26-05-20,350,696,238,494,553,322,726,697,25,164,112,87,538,276,230,268,207,574,212,123,120,627,354,514,508,96,107,666,873,76,100,61,85,491,3454,134,500,143,157,28,583,1825
25-05-20,338,697,236,491,549,319,715,685,25,160,112,82,542,270,230,261,204,572,212,120,117,626,352,496,506,96,107,661,870,76,96,61,85,485,3453,131,498,141,157,28,571,1815
24-05-20,318,695,235,490,546,320,710,685,25,158,112,80,538,269,230,258,195,571,211,117,115,626,352,477,451,94,105,661,871,75,96,61,85,483,3438,130,498,141,157,28,570,1758
23-05-20,288,695,232,486,546,316,704,677,22,158,112,79,538,267,229,252,191,566,211,113,105,622,347,456,447,92,104,660,864,67,96,61,85,479,3415,128,498,139,155,28,564,1728
22-05-20,281,695,229,478,537,315,697,670,19,153,112,78,538,266,229,247,183,559,210,103,100,620,346,430,441,90,101,660,859,67,94,60,80,475,3455,124,496,135,155,28,562,1701
21-05-20,276,697,226,465,527,312,694,662,19,151,111,77,538,265,229,244,178,557,210,100,100,619,342,428,435,84,101,660,845,65,89,60,78,470,3472,119,494,135,149,28,552,1687
20-05-20,274,697,223,453,518,309,691,646,19,148,110,77,532,265,229,240,172,548,210,96,90,617,336,388,434,85,97,659,841,53,83,58,77,470,3469,118,494,128,149,28,546,1674
19-05-20,271,696,219,453,517,305,676,630,19,141,110,75,527,261,229,238,169,546,207,95,68,617,336,369,427,84,96,657,834,53,82,58,77,459,3478,118,494,114,150,27,514,1659
18-05-20,267,696,214,445,508,301,664,627,20,122,110,74,526,260,228,236,166,542,205,94,65,616,332,367,426,82,92,655,834,53,80,57,75,457,3448,116,494,108,150,27,515,1644
17-05-20,265,696,210,431,501,301,659,616,20,105,110,73,526,258,228,228,165,537,205,90,63,616,321,366,416,81,92,652,834,53,79,57,75,451,3421,114,494,108,146,27,507,1636
16-05-20,265,691,199,427,501,300,655,613,20,104,110,69,526,257,228,194,162,530,205,88,54,607,319,358,408,81,91,646,834,53,79,56,72,445,3408,113,491,98,146,27,507,1627
15-05-20,256,691,193,418,492,292,646,604,19,97,110,69,513,256,228,170,154,529,202,88,36,598,319,342,404,80,89,641,824,53,79,56,55,442,3386,113,488,96,146,27,501,1591
14-05-20,250,688,190,414,491,280,640,597,19,97,110,67,518,253,226,157,153,522,204,89,25,595,312,341,393,80,86,638,805,52,79,54,52,440,3370,109,486,96,146,27,475,1574
13-05-20,250,679,188,394,488,276,632,594,19,95,110,65,516,252,225,156,152,522,209,84,24,589,297,326,385,73,85,621,785,51,79,54,52,437,3317,109,477,93,144,26,467,1555
12-05-20,250,680,181,388,489,272,622,578,19,83,109,64,514,252,222,152,150,519,205,82,24,568,296,325,379,71,82,608,773,51,78,54,51,424,3283,106,472,90,135,26,465,1528
11-05-20,235,679,179,384,485,266,593,577,19,66,109,63,514,251,221,148,145,514,201,78,24,565,289,311,375,71,82,602,760,53,76,54,50,416,3272,101,472,88,133,26,462,1519
10-05-20,237,678,173,371,484,262,586,574,19,65,109,61,463,252,219,147,140,513,196,78,24,565,289,287,368,70,80,598,761,53,76,54,50,406,3213,101,471,86,133,27,452,1508
09-05-20,230,675,167,360,483,260,568,557,19,63,109,61,458,249,214,140,139,502,168,78,24,558,281,322,363,68,77,597,708,53,75,54,48,403,3189,103,464,81,131,26,451,1489
08-05-20,225,664,163,353,481,257,577,539,19,61,108,62,460,248,211,130,138,444,156,77,21,557,276,321,375,68,76,595,635,48,73,53,45,400,3165,101,465,78,132,26,420,1445
07-05-20,223,655,164,348,478,247,560,532,18,54,108,61,455,247,209,126,135,441,148,74,22,556,274,307,336,67,75,573,617,48,73,53,45,387,3111,93,464,65,130,26,397,1429
06-05-20,214,625,161,349,478,239,545,519,24,48,108,62,447,245,205,121,132,431,148,70,21,546,266,305,324,67,73,535,548,48,72,53,45,373,3035,94,474,62,119,24,387,1410
05-05-20,211,619,160,330,472,234,534,504,25,43,109,61,428,245,196,122,129,426,146,70,21,541,244,294,304,76,72,527,534,47,71,52,43,371,3010,109,461,57,111,24,380,1376
04-05-20,211,614,156,272,471,221,517,492,25,41,106,59,428,250,195,113,126,422,140,66,21,534,217,283,300,75,70,510,521,49,70,52,40,368,2964,105,458,55,117,23,347,1369
03-05-20,208,606,154,266,467,215,483,489,25,21,102,53,407,243,196,110,128,422,134,65,21,527,214,276,281,75,67,487,520,45,73,52,40,352,2899,105,479,54,116,24,287,1354
02-05-20,206,576,143,250,460,203,458,473,23,20,94,51,399,238,189,103,127,396,134,59,22,517,191,267,272,74,65,447,512,42,72,54,34,334,2881,102,466,53,116,25,259,1305
01-05-20,204,574,143,249,459,187,456,470,23,20,92,49,367,235,189,99,123,393,134,55,23,515,188,266,274,75,62,446,507,42,70,54,34,307,2859,101,454,50,116,26,259,1298
30-04-20,195,565,140,226,456,185,456,457,23,20,89,48,349,231,188,99,117,368,130,47,22,513,180,255,265,72,62,434,484,45,68,54,32,297,2765,101,451,47,116,26,261,1275
29-04-20,171,550,134,191,449,175,446,429,22,20,88,48,325,228,178,96,101,362,127,44,19,492,165,243,260,72,59,423,461,38,68,55,31,282,2733,96,449,44,112,25,252,1255
28-04-20,167,541,134,180,438,172,442,422,22,20,88,48,315,229,178,96,100,362,128,39,19,488,160,237,252,71,58,412,451,36,67,55,31,270,2695,95,445,44,92,25,251,1222
27-04-20,165,522,131,172,416,158,431,416,22,17,87,51,308,233,179,96,82,354,127,38,19,472,154,230,246,70,58,407,435,36,66,55,30,259,2650,96,443,40,91,24,245,1190
26-04-20,161,508,124,161,376,156,414,396,20,16,83,51,305,224,177,95,80,346,127,34,20,472,154,222,231,69,52,389,434,33,59,55,30,238,2613,96,430,38,91,24,205,1167
25-04-20,158,495,118,143,364,151,410,386,20,15,83,51,299,223,173,90,70,333,126,31,19,455,149,216,224,69,49,351,428,22,58,53,29,238,2499,95,418,39,88,23,205,1150
24-04-20,159,471,117,136,360,150,407,382,20,14,79,51,292,222,168,91,66,324,123,31,19,447,148,207,218,68,49,335,415,23,55,53,28,228,2477,96,408,37,69,23,207,1133
23-04-20,161,439,114,134,348,148,393,373,19,14,78,49,278,222,165,88,65,296,111,26,18,437,148,195,214,67,48,325,405,20,52,53,28,209,2417,96,403,35,69,22,207,1100
22-04-20,160,421,110,150,336,137,338,348,19,18,70,47,261,213,168,89,69,287,109,25,19,405,141,179,207,65,47,312,384,17,51,48,27,195,2372,95,385,35,68,22,211,1050
21-04-20,155,423,98,117,294,116,314,345,18,15,64,47,263,198,154,85,63,297,104,23,17,392,128,161,193,57,43,303,368,13,54,46,23,182,2238,80,389,35,60,20,214,1033
20-04-20,155,410,96,113,259,109,308,340,18,15,64,44,259,186,154,82,61,287,101,17,17,392,119,155,189,55,37,295,368,13,52,45,20,177,2115,80,377,35,61,19,214,1023
19-04-20,155,402,90,105,237,109,308,315,18,15,64,40,248,183,154,82,61,276,98,17,16,391,115,156,186,55,37,268,364,13,52,45,20,166,2105,79,376,31,59,19,215,1001
18-04-20,154,391,74,102,233,104,308,308,16,15,64,40,237,181,154,73,59,262,91,12,16,385,115,154,159,55,35,268,357,13,51,44,20,139,2019,79,361,31,58,18,186,977
17-04-20,141,360,73,107,222,94,310,299,16,14,58,40,224,172,123,73,57,260,83,12,11,372,114,149,160,55,35,250,350,13,50,42,19,126,1924,77,354,25,58,17,186,942
16-04-20,141,339,67,94,219,93,290,286,16,14,58,41,215,168,123,31,55,240,80,10,9,333,114,130,154,55,28,250,348,13,48,41,19,125,1910,76,341,24,54,15,174,866
15-04-20,133,312,62,81,198,93,231,270,16,14,57,41,203,163,123,31,55,229,75,10,7,320,110,121,135,55,22,243,344,13,39,39,18,120,1763,74,322,23,52,15,160,824
14-04-20,118,280,59,76,190,89,172,263,16,14,57,39,198,158,124,31,43,204,74,10,7,320,108,119,132,51,22,229,304,13,39,37,18,116,1733,70,318,18,49,15,157,789
13-04-20,109,270,57,76,176,82,156,253,16,13,53,39,187,151,123,31,44,195,64,10,7,303,102,118,126,49,19,222,286,12,39,37,17,111,1731,65,300,16,47,13,134,774
12-04-20,108,249,57,69,83,82,156,238,16,13,51,35,183,157,117,30,43,190,49,8,7,303,100,113,119,49,17,217,285,12,39,37,17,109,1661,62,284,14,40,13,117,751
11-04-20,103,229,51,65,83,82,155,219,16,13,48,35,177,155,91,30,43,183,47,8,6,254,89,107,117,45,17,203,265,11,39,32,13,101,1614,59,275,13,38,13,116,730
10-04-20,100,179,52,58,70,78,119,190,16,13,38,35,152,124,79,30,40,182,46,10,5,227,85,99,115,43,16,161,234,11,38,30,13,94,1529,56,259,12,35,11,95,688
09-04-20,90,162,32,56,66,76,106,175,16,13,34,34,148,124,62,28,39,175,46,9,4,212,81,131,107,43,15,146,202,12,36,28,12,90,1487,41,252,11,36,11,95,659
08-04-20,83,161,33,51,58,72,88,161,14,13,28,35,129,114,57,27,39,128,36,7,3,174,79,106,99,41,13,103,196,12,36,25,11,72,1430,36,227,10,17,9,90,637
07-04-20,50,161,31,47,55,70,86,156,12,13,23,33,119,119,55,25,29,133,34,7,3,158,72,92,99,43,13,92,182,11,36,27,11,69,1322,31,191,6,15,9,79,598
06-04-20,34,157,27,39,52,58,84,138,11,13,21,31,114,117,52,24,29,119,32,8,3,138,63,87,89,42,13,56,160,11,33,25,10,55,1228,30,181,6,14,8,79,566
05-04-20,33,150,25,38,46,42,68,131,11,12,21,30,110,114,47,23,27,101,24,8,1,124,56,88,78,42,12,57,160,11,26,21,8,49,1215,21,176,6,13,8,79,552
04-04-20,15,128,14,27,46,28,48,127,11,12,17,29,121,110,37,27,27,101,23,8,1,123,50,81,64,42,13,57,148,11,25,15,5,27,967,21,136,6,11,9,70,550
03-04-20,13,110,12,24,44,27,44,124,13,12,17,26,108,117,38,19,27,90,22,8,1,108,45,72,60,46,11,55,150,8,27,16,7,27,866,24,126,6,11,8,70,544
02-04-20,9,110,10,19,39,22,40,117,11,12,13,17,105,111,34,19,22,82,19,7,0,100,37,54,54,39,10,38,107,8,27,16,6,22,701,16,98,6,9,7,60,505
