Statistikdatum;Totalt_antal_fall;Blekinge;Dalarna;Gotland;Gävleborg;Halland;Jämtland_Härjedalen;Jönköping;Kalmar;Kronoberg;Norrbotten;Skåne;Stockholm;Sörmland;Uppsala;Värmland;Västerbotten;Västernorrland;Västmanland;Västra_Götaland;Örebro;Östergötland
2/4/2020;1;0;0;0;0;0;0;1;0;0;0;0;0;0;0;0;0;0;0;0;0;0
2/5/2020;0;0;0;0;0;0;0;0;0;0;0;0;0;0;0;0;0;0;0;0;0;0
2/6/2020;0;0;0;0;0;0;0;0;0;0;0;0;0;0;0;0;0;0;0;0;0;0
2/7/2020;0;0;0;0;0;0;0;0;0;0;0;0;0;0;0;0;0;0;0;0;0;0
2/8/2020;0;0;0;0;0;0;0;0;0;0;0;0;0;0;0;0;0;0;0;0;0;0
2/9/2020;0;0;0;0;0;0;0;0;0;0;0;0;0;0;0;0;0;0;0;0;0;0
2/10/2020;0;0;0;0;0;0;0;0;0;0;0;0;0;0;0;0;0;0;0;0;0;0
2/11/2020;0;0;0;0;0;0;0;0;0;0;0;0;0;0;0;0;0;0;0;0;0;0
2/12/2020;0;0;0;0;0;0;0;0;0;0;0;0;0;0;0;0;0;0;0;0;0;0
2/13/2020;0;0;0;0;0;0;0;0;0;0;0;0;0;0;0;0;0;0;0;0;0;0
2/14/2020;0;0;0;0;0;0;0;0;0;0;0;0;0;0;0;0;0;0;0;0;0;0
2/15/2020;0;0;0;0;0;0;0;0;0;0;0;0;0;0;0;0;0;0;0;0;0;0
2/16/2020;0;0;0;0;0;0;0;0;0;0;0;0;0;0;0;0;0;0;0;0;0;0
2/17/2020;0;0;0;0;0;0;0;0;0;0;0;0;0;0;0;0;0;0;0;0;0;0
2/18/2020;0;0;0;0;0;0;0;0;0;0;0;0;0;0;0;0;0;0;0;0;0;0
2/19/2020;0;0;0;0;0;0;0;0;0;0;0;0;0;0;0;0;0;0;0;0;0;0
2/20/2020;0;0;0;0;0;0;0;0;0;0;0;0;0;0;0;0;0;0;0;0;0;0
2/21/2020;0;0;0;0;0;0;0;0;0;0;0;0;0;0;0;0;0;0;0;0;0;0
2/22/2020;0;0;0;0;0;0;0;0;0;0;0;0;0;0;0;0;0;0;0;0;0;0
2/23/2020;0;0;0;0;0;0;0;0;0;0;0;0;0;0;0;0;0;0;0;0;0;0
2/24/2020;0;0;0;0;0;0;0;0;0;0;0;0;0;0;0;0;0;0;0;0;0;0
2/25/2020;0;0;0;0;0;0;0;0;0;0;0;0;0;0;0;0;0;0;0;0;0;0
2/26/2020;1;0;0;0;0;0;0;0;0;0;0;0;0;0;0;0;0;0;0;1;0;0
2/27/2020;1;0;0;0;0;0;0;0;0;0;0;0;1;0;0;0;0;0;0;0;0;0
2/28/2020;8;0;0;0;0;0;0;1;0;0;0;0;2;0;2;0;0;0;0;3;0;0
2/29/2020;3;0;0;0;0;0;0;0;0;0;0;0;1;0;0;0;0;0;0;2;0;0
3/1/2020;0;0;0;0;0;0;0;0;0;0;0;0;0;0;0;0;0;0;0;0;0;0
3/2/2020;5;0;0;0;0;0;0;0;0;0;0;1;1;0;0;0;0;0;0;3;0;0
3/3/2020;13;0;0;0;0;0;0;0;0;0;0;1;10;0;0;0;0;0;0;2;0;0
3/4/2020;30;0;0;0;0;0;0;0;0;0;0;7;21;0;0;0;0;0;0;1;1;0
3/5/2020;25;0;0;0;0;0;0;0;0;0;0;0;22;0;2;0;0;0;0;1;0;0
3/6/2020;59;0;0;0;2;0;0;0;0;0;0;8;36;0;1;11;0;0;0;1;0;0
3/7/2020;33;0;0;0;0;0;0;0;0;0;0;5;21;0;1;0;0;0;0;5;1;0
3/8/2020;46;0;0;0;0;1;0;2;0;0;0;0;29;0;1;0;0;0;0;11;2;0
3/9/2020;101;0;0;0;0;4;0;6;0;0;1;3;64;1;0;7;0;0;0;15;0;0
3/10/2020;98;1;0;0;0;1;0;0;1;1;0;34;26;0;4;3;8;6;0;13;0;0
3/11/2020;196;6;1;2;1;16;3;16;2;7;4;37;32;6;4;2;0;0;0;57;0;0
3/12/2020;151;2;3;0;2;9;5;7;2;2;0;32;42;3;11;4;1;3;0;19;3;1
3/13/2020;152;0;1;0;1;9;3;4;0;3;1;42;31;6;10;3;0;2;5;19;2;10
3/14/2020;71;0;0;0;1;0;3;0;2;1;0;25;18;1;4;1;3;0;0;5;0;7
3/15/2020;69;1;0;0;0;2;7;4;0;1;0;4;17;4;0;1;1;0;0;18;0;9
3/16/2020;83;0;0;0;2;1;1;2;0;0;0;3;34;12;2;2;2;1;7;6;0;8
3/17/2020;119;1;3;1;4;3;0;1;0;1;1;6;35;5;5;1;3;1;6;13;16;13
3/18/2020;145;1;2;1;2;2;4;2;1;1;0;8;58;0;17;1;3;1;0;10;3;28
3/19/2020;143;0;2;1;0;2;1;2;1;1;1;2;66;5;5;0;2;0;1;14;9;28
3/20/2020;180;0;5;0;5;5;3;3;1;0;5;5;84;4;1;2;5;0;2;23;5;22
3/21/2020;136;0;0;0;4;3;16;4;1;0;3;5;71;6;2;1;0;0;0;8;0;12
3/22/2020;118;0;5;0;0;1;9;1;1;0;4;3;59;11;5;1;1;0;0;4;0;13
3/23/2020;182;0;9;0;3;4;0;2;3;0;5;7;99;2;8;2;0;2;3;9;6;18
3/24/2020;230;0;9;0;5;0;4;5;1;2;6;5;105;14;11;3;3;2;4;10;11;30
3/25/2020;314;3;13;1;7;7;2;7;2;1;5;13;154;37;15;0;4;2;3;19;8;11
3/26/2020;286;0;8;4;5;9;7;9;6;2;3;7;132;16;12;0;3;3;5;20;6;29
3/27/2020;365;2;15;1;9;3;3;15;5;4;4;9;176;26;20;1;2;2;11;18;6;33
3/28/2020;300;0;6;0;12;6;8;10;1;2;4;2;147;8;7;3;5;2;3;25;8;41
3/29/2020;280;4;10;0;11;2;2;8;1;4;2;3;149;4;11;1;1;9;0;15;3;40
3/30/2020;416;0;9;0;10;5;2;15;3;1;5;5;172;60;21;1;7;6;23;27;17;27
3/31/2020;474;1;23;1;14;7;1;17;2;5;6;7;208;49;15;0;8;13;10;29;11;47
4/1/2020;486;5;19;0;30;4;0;13;5;1;5;8;205;49;25;2;5;2;11;29;5;63
4/2/2020;554;3;6;1;17;9;4;32;5;7;8;8;216;34;28;0;12;1;18;47;28;70
4/3/2020;602;1;20;1;16;13;2;29;2;2;6;24;245;59;38;1;17;3;27;48;20;28
4/4/2020;357;4;18;0;12;2;2;15;1;3;3;12;129;17;11;1;17;6;14;30;3;57
4/5/2020;340;1;7;0;7;3;0;12;3;2;2;6;172;27;9;1;8;2;7;30;0;41
4/6/2020;389;0;16;0;12;10;4;10;6;3;10;6;131;18;31;2;4;4;18;53;12;39
4/7/2020;739;1;28;0;16;13;6;23;4;14;17;24;244;42;37;7;13;10;46;64;73;57
4/8/2020;654;2;28;1;17;9;8;18;2;7;12;15;271;33;29;1;12;5;23;68;37;56
4/9/2020;645;1;30;1;18;12;8;21;1;5;5;11;240;38;29;4;12;4;25;116;10;54
4/10/2020;454;1;17;0;18;4;8;19;1;4;6;23;148;41;4;3;15;8;27;69;7;31
4/11/2020;395;0;9;0;10;2;2;5;3;10;2;6;200;22;15;2;2;0;33;32;13;27
4/12/2020;464;1;31;0;17;3;6;9;2;4;2;14;182;14;13;4;0;5;18;42;75;22
4/13/2020;437;0;12;0;11;3;6;5;6;3;17;9;200;20;13;3;5;6;18;48;21;31
4/14/2020;479;1;12;0;11;6;14;11;5;6;4;12;179;16;39;2;5;5;12;63;53;23
4/15/2020;604;0;28;2;17;6;15;28;2;12;3;19;215;42;32;3;14;5;30;70;30;31
4/16/2020;623;0;25;1;21;15;12;23;4;10;13;17;221;47;37;7;3;3;31;84;30;19
4/17/2020;689;0;26;0;24;9;19;36;5;12;15;21;222;64;44;3;19;5;27;77;32;29
4/18/2020;532;0;27;0;29;7;9;35;2;21;1;17;180;8;18;3;3;2;18;48;52;52
4/19/2020;388;0;8;0;8;6;6;15;4;11;2;5;192;13;17;4;7;8;29;31;6;16
4/20/2020;461;1;10;1;4;10;1;8;6;9;8;9;211;13;32;7;4;2;28;50;23;24
4/21/2020;707;4;35;0;22;17;13;49;11;14;3;7;163;53;32;7;5;12;38;123;64;35
4/22/2020;723;6;33;3;22;19;17;31;11;13;5;20;289;50;32;5;9;4;19;79;27;29
4/23/2020;758;2;41;2;13;18;8;46;11;25;15;22;291;26;41;3;12;17;26;72;38;29
4/24/2020;781;7;29;1;19;17;10;24;1;2;8;38;228;53;55;4;12;16;36;147;41;33
4/25/2020;473;0;45;2;23;2;13;19;1;21;0;12;138;8;12;5;6;5;0;94;37;30
4/26/2020;300;1;5;3;6;5;1;5;2;4;2;23;110;8;8;2;11;11;24;46;17;6
4/27/2020;563;0;8;4;11;18;6;23;7;7;10;34;213;10;35;8;4;11;24;99;18;13
4/28/2020;742;3;35;4;16;10;11;18;5;21;1;33;240;57;52;17;3;4;21;83;74;34
4/29/2020;799;6;52;7;21;10;18;43;11;14;7;37;248;34;22;14;18;11;24;149;34;19
4/30/2020;636;0;14;3;21;8;20;28;7;12;9;31;215;23;43;9;5;19;14;94;44;17
5/1/2020;532;0;2;1;21;2;7;23;7;15;7;12;141;55;13;13;2;9;20;123;34;25
5/2/2020;299;1;1;2;14;8;13;18;2;12;1;28;81;7;12;6;3;7;13;33;20;17
5/3/2020;261;0;3;1;8;2;6;7;1;10;1;6;127;1;11;3;0;6;4;42;14;8
5/4/2020;477;0;64;6;23;10;2;16;14;4;4;38;149;2;21;6;1;4;8;75;17;13
5/5/2020;657;3;28;0;14;21;22;22;5;34;7;20;169;39;52;17;3;4;17;110;49;21
5/6/2020;745;1;22;0;23;23;9;24;3;22;8;41;206;34;37;14;8;17;19;177;35;22
5/7/2020;785;2;19;2;36;15;18;28;8;34;5;13;267;20;42;9;8;25;17;164;37;16
5/8/2020;701;4;16;1;23;15;10;27;5;26;4;52;222;23;43;8;5;10;21;130;35;21
5/9/2020;509;1;11;1;51;5;19;33;4;21;0;17;115;7;41;7;9;7;0;109;29;22
5/10/2020;279;0;4;0;6;4;0;6;4;6;2;19;78;6;12;3;1;10;1;86;16;15
5/11/2020;455;0;3;0;12;10;14;11;6;6;11;21;210;1;19;3;1;4;32;54;27;10
5/12/2020;754;4;18;2;27;13;13;29;6;28;3;34;234;33;30;15;10;19;10;150;46;30
5/13/2020;698;3;21;0;30;7;15;34;1;31;12;30;236;14;27;6;7;15;27;133;30;19
5/14/2020;657;2;15;0;40;13;30;14;5;18;6;39;148;11;37;14;14;14;31;151;24;31
5/15/2020;688;6;10;0;30;22;15;35;7;23;2;42;184;19;37;8;14;25;14;154;26;15
5/16/2020;358;2;1;1;24;8;7;21;3;16;3;21;64;5;24;7;3;18;0;97;20;13
5/17/2020;259;1;17;0;7;4;8;24;2;7;1;11;59;0;6;0;3;3;2;89;3;12
5/18/2020;430;0;9;0;15;19;15;5;7;8;3;23;150;6;31;8;6;7;36;40;11;31
5/19/2020;666;6;2;1;34;14;9;41;2;27;2;63;177;20;35;15;14;38;22;105;22;17
5/20/2020;808;23;31;2;25;42;18;32;3;20;7;44;174;24;53;16;4;27;21;162;54;26
5/21/2020;610;0;17;0;25;10;22;28;1;18;6;23;120;6;17;20;9;16;25;168;38;41
5/22/2020;532;10;5;0;23;8;8;12;11;13;3;44;144;15;27;2;7;21;11;146;10;12
5/23/2020;403;2;13;1;22;6;23;27;0;18;1;27;78;2;19;19;6;24;0;84;8;23
5/24/2020;210;3;7;1;8;2;2;17;0;11;0;9;59;1;13;3;3;10;0;27;29;5
5/25/2020;490;3;3;0;18;8;2;24;16;8;9;29;160;20;30;2;0;3;28;107;11;9
5/26/2020;746;12;18;0;22;21;15;35;17;12;7;51;197;18;48;23;2;41;35;119;28;25
5/27/2020;800;19;16;0;30;34;18;45;14;32;10;37;206;23;35;27;14;33;40;106;31;30
5/28/2020;774;11;16;2;27;27;17;38;18;20;6;49;278;19;39;26;3;23;22;102;31;0
5/29/2020;773;10;10;1;30;17;11;28;4;11;21;46;210;7;41;30;6;29;19;223;18;1
5/30/2020;432;6;15;8;26;11;24;36;1;12;3;34;73;2;38;16;8;2;0;117;0;0
5/31/2020;265;7;5;0;12;7;7;18;3;10;0;8;67;0;14;2;2;4;0;99;0;0
6/1/2020;648;3;7;0;9;22;2;11;10;6;21;27;160;16;31;7;0;30;53;91;50;92
6/2/2020;900;18;23;5;46;31;11;35;5;18;9;71;153;19;62;21;8;16;35;264;18;32
6/3/2020;1046;18;14;1;31;11;11;41;9;12;15;39;234;15;50;14;5;30;33;409;24;30
6/4/2020;1039;10;13;1;44;22;15;26;14;11;20;42;206;26;58;21;5;27;33;400;8;37
6/5/2020;1146;10;20;1;43;23;13;42;14;20;16;37;227;17;37;12;5;24;19;478;46;42
6/6/2020;780;5;16;2;37;19;22;40;1;3;7;23;176;1;57;24;8;7;0;268;19;45
6/7/2020;462;18;6;0;21;8;7;23;3;11;0;12;47;3;14;11;4;20;0;230;15;9
6/8/2020;677;10;9;0;15;17;1;13;13;5;30;33;243;29;15;15;4;24;67;123;7;4
6/9/2020;937;9;17;5;12;28;17;63;11;15;11;45;240;3;59;21;6;20;33;249;25;48
6/10/2020;1437;1;17;4;66;26;15;155;11;11;12;63;263;6;44;26;8;29;62;539;27;52
6/11/2020;1293;26;9;5;52;29;11;131;10;13;13;55;206;8;40;20;5;13;69;491;36;51
6/12/2020;1329;14;13;6;56;24;19;137;14;12;42;59;185;23;46;15;8;28;51;496;12;69
6/13/2020;1032;12;6;1;44;24;5;121;9;15;33;40;163;54;38;14;6;3;0;385;14;45
6/14/2020;418;10;4;0;35;4;6;16;3;2;41;8;75;19;5;4;3;1;0;161;11;10
6/15/2020;685;3;3;5;23;9;20;11;11;1;48;38;116;6;13;10;1;37;80;222;8;20
6/16/2020;1209;7;7;0;38;47;21;143;9;12;56;93;214;3;56;22;8;29;35;306;54;49
6/17/2020;1457;13;6;5;41;25;23;206;14;4;66;98;360;26;62;12;6;28;71;310;19;62
6/18/2020;1494;6;16;2;65;23;12;169;22;8;65;88;379;63;84;12;15;54;34;283;21;73
6/19/2020;1209;5;20;1;30;9;10;224;11;5;19;65;371;5;33;16;10;1;48;245;10;71
6/20/2020;698;4;5;3;31;6;1;7;2;3;2;13;198;0;60;7;11;2;0;323;1;19
6/21/2020;321;0;3;4;12;3;1;7;2;1;0;17;92;0;9;5;0;3;0;139;5;18
6/22/2020;800;0;11;4;9;10;5;9;2;0;51;23;217;59;21;6;5;41;38;262;8;19
6/23/2020;1309;8;29;8;52;86;12;169;14;6;103;73;217;25;99;17;10;14;25;261;19;62
6/24/2020;1696;5;30;3;134;17;8;229;7;2;55;86;284;41;92;27;15;47;81;447;8;78
6/25/2020;1276;6;29;1;84;24;9;159;13;6;62;52;228;8;71;17;12;17;40;354;27;57
6/26/2020;1204;3;34;10;84;70;12;110;19;5;68;54;224;40;52;14;11;29;28;284;16;37
6/27/2020;755;3;31;1;2;32;5;100;7;2;2;17;248;0;50;11;4;9;0;176;6;49
6/28/2020;415;2;3;0;5;1;3;10;1;4;0;5;191;1;15;1;4;0;0;151;4;14
6/29/2020;726;0;3;2;27;54;8;7;6;0;52;28;239;23;6;13;0;49;43;137;3;26
6/30/2020;808;3;33;2;10;52;4;90;20;3;5;25;170;18;68;7;8;17;21;200;14;38
7/1/2020;685;2;32;0;56;3;2;91;22;2;7;17;172;3;44;4;8;30;29;105;8;48
7/2/2020;687;3;46;0;7;36;10;48;26;4;14;27;169;21;22;14;7;7;24;163;19;20
7/3/2020;694;8;25;0;69;17;11;53;9;1;30;27;176;8;26;6;5;36;34;135;6;12
7/4/2020;364;0;14;2;13;1;0;48;2;0;0;2;96;0;18;1;3;17;0;105;16;26
7/5/2020;315;0;25;7;49;0;2;2;0;0;2;2;108;0;0;0;3;6;26;69;0;14
7/6/2020;251;2;2;3;19;0;1;2;8;2;38;28;53;9;2;4;0;26;25;17;7;3
7/7/2020;278;3;9;0;13;28;2;49;5;0;10;9;47;12;11;3;6;6;11;37;7;10
7/8/2020;533;2;23;4;50;6;2;42;9;5;14;27;123;18;16;7;1;26;19;115;11;13
7/9/2020;334;3;13;3;25;4;8;26;4;3;13;27;85;13;7;2;0;5;14;63;6;10
7/10/2020;369;0;6;1;33;14;6;31;5;4;22;29;73;10;15;4;3;27;15;49;11;11
7/11/2020;308;1;5;1;86;3;2;24;2;4;4;3;73;5;9;0;3;9;0;63;3;8
7/12/2020;106;0;0;2;6;1;0;3;1;1;0;1;28;0;1;0;0;19;16;20;2;5
7/13/2020;170;2;12;1;20;4;5;3;1;1;3;31;31;1;2;2;0;1;13;23;7;7
7/14/2020;312;2;11;1;8;5;3;22;1;5;13;15;88;23;19;1;5;21;15;44;2;8
7/15/2020;287;1;1;0;20;8;2;31;3;4;8;35;64;0;13;1;1;9;8;58;9;11
7/16/2020;268;2;9;7;10;5;7;9;5;1;11;30;86;4;16;2;4;6;7;35;5;7
7/17/2020;284;0;5;4;10;12;3;16;2;8;10;36;78;3;8;2;8;12;3;56;2;6
7/18/2020;191;1;9;5;15;0;0;15;1;7;0;5;30;11;2;0;5;4;0;69;3;9
7/19/2020;110;0;5;1;6;1;2;9;1;1;0;2;18;3;0;1;1;17;4;35;0;3
7/20/2020;131;0;1;0;1;8;4;2;5;0;8;35;23;0;0;1;0;14;7;14;2;6
7/21/2020;226;0;11;4;13;7;3;19;6;2;7;26;78;0;5;1;2;2;4;30;2;4
7/22/2020;297;1;4;7;11;5;0;18;2;6;5;34;69;14;7;3;1;9;10;86;3;2
7/23/2020;220;0;4;2;22;4;2;6;0;8;6;19;57;0;4;1;1;14;4;58;7;1
7/24/2020;262;1;8;4;9;5;6;9;2;2;8;24;60;4;2;2;3;15;5;84;4;5
7/25/2020;138;1;2;2;7;1;3;6;2;1;5;2;21;0;2;6;1;5;5;56;4;6
7/26/2020;42;0;0;5;0;1;1;0;0;0;0;1;21;0;2;1;0;0;0;8;0;2
7/27/2020;71;1;1;0;1;7;0;1;1;0;1;28;9;1;1;0;0;0;3;10;3;3
7/28/2020;283;4;3;0;4;6;5;15;1;4;10;8;78;3;6;0;4;11;5;101;10;5
7/29/2020;301;1;3;8;5;15;1;11;5;8;6;44;46;1;10;3;0;3;12;111;0;8
7/30/2020;302;2;4;11;3;16;4;14;4;4;4;32;49;2;8;3;2;13;4;108;7;8
7/31/2020;258;2;11;1;4;14;0;10;4;8;3;38;43;0;13;2;1;8;9;66;17;4
8/1/2020;303;1;4;0;5;1;0;9;1;2;0;1;64;2;0;5;11;2;6;177;3;9
8/2/2020;38;0;1;1;0;1;0;3;0;2;1;4;6;0;2;1;0;0;0;10;0;6
8/3/2020;165;1;0;0;0;14;12;2;2;2;4;40;22;0;5;2;0;2;7;19;6;25
8/4/2020;333;9;8;5;4;7;1;21;0;7;7;10;92;2;14;0;3;7;14;108;8;6
8/5/2020;425;2;15;12;2;30;2;16;3;5;2;54;59;0;8;15;0;11;4;163;7;15
8/6/2020;378;7;9;2;9;19;4;12;1;20;3;26;67;3;5;12;1;7;7;138;15;11
8/7/2020;380;9;4;5;1;25;0;15;4;17;8;46;48;3;20;13;4;4;5;134;7;8
8/8/2020;260;4;6;0;19;2;0;9;2;10;0;7;51;4;1;13;0;9;2;102;8;11
8/9/2020;73;1;6;10;0;2;0;6;2;1;0;1;24;0;0;2;0;0;0;6;0;12
8/10/2020;196;7;4;2;0;21;4;0;2;11;4;46;37;0;4;2;0;1;10;29;3;9
8/11/2020;417;11;5;3;14;33;1;19;1;21;5;34;102;6;6;3;11;2;8;108;14;10
8/12/2020;443;10;6;3;9;11;2;13;9;24;4;68;81;4;13;13;5;6;6;140;10;6
8/13/2020;363;9;11;4;7;12;0;11;7;10;3;46;55;1;12;11;10;8;4;128;5;9
8/14/2020;344;4;8;4;10;12;6;9;3;16;5;40;81;1;7;5;13;0;8;86;8;18
8/15/2020;226;4;2;6;3;1;3;15;2;5;3;11;55;4;9;11;3;4;5;57;4;19
8/16/2020;63;1;1;0;0;1;2;1;2;3;0;3;5;0;0;1;0;0;0;32;1;10
8/17/2020;174;1;5;1;5;12;0;2;3;3;1;75;35;1;4;1;0;1;3;6;8;7
8/18/2020;314;2;8;2;3;39;0;18;12;7;4;46;71;4;10;2;8;1;6;58;5;8
8/19/2020;351;11;7;1;4;4;0;11;2;10;1;53;73;1;15;5;0;14;14;105;12;8
8/20/2020;333;3;5;1;8;10;2;14;8;14;0;55;65;2;5;6;2;2;4;112;4;11
8/21/2020;298;3;9;2;5;29;0;8;9;3;1;63;59;0;7;5;4;7;6;67;3;8
8/22/2020;160;2;4;0;8;2;0;7;5;7;0;5;49;1;22;8;0;2;3;27;0;8
8/23/2020;57;0;4;1;1;3;0;2;2;2;0;2;1;0;1;0;0;0;0;22;0;16
8/24/2020;174;0;5;0;0;21;0;0;2;0;2;90;30;0;0;1;0;0;2;13;3;5
8/25/2020;222;2;10;0;3;20;0;5;2;15;1;48;48;0;10;1;5;1;6;32;5;8
8/26/2020;244;4;8;0;16;16;2;5;8;7;0;53;47;3;6;7;2;5;5;40;2;8
8/27/2020;202;1;11;3;1;10;1;5;1;4;6;49;35;1;6;1;1;1;5;54;3;3
8/28/2020;179;6;7;0;4;1;1;11;3;13;1;40;39;4;7;0;3;2;2;31;0;4
8/29/2020;131;2;11;0;1;4;7;6;8;4;0;4;26;2;6;2;2;0;1;45;0;0
8/30/2020;48;0;4;0;3;4;1;0;0;0;0;3;14;0;0;0;0;1;0;18;0;0
8/31/2020;162;0;6;0;1;28;1;1;1;1;0;66;20;0;2;1;0;0;4;11;0;19
9/1/2020;171;1;13;0;2;19;1;9;0;7;2;7;31;0;7;5;1;0;6;27;30;3
9/2/2020;213;0;13;0;9;6;0;14;2;8;2;41;38;0;5;3;0;0;1;53;14;4
9/3/2020;286;0;11;0;6;27;15;13;2;8;0;34;58;1;11;1;4;3;9;56;16;11
9/4/2020;262;1;6;1;2;8;0;23;2;6;1;43;53;0;4;4;1;2;7;75;14;9
9/5/2020;171;0;5;0;3;3;5;17;2;8;0;6;42;1;5;8;1;1;5;39;9;11
9/6/2020;67;1;3;0;0;2;0;1;0;0;0;1;11;0;0;5;0;0;0;35;3;5
9/7/2020;185;0;4;0;9;16;1;3;1;5;0;62;11;0;5;1;3;1;13;34;9;7
9/8/2020;236;3;11;0;7;16;2;20;2;13;3;17;39;6;14;9;5;1;11;31;10;16
9/9/2020;314;1;16;1;8;18;5;37;1;14;0;48;44;2;12;3;1;4;5;66;15;13
9/10/2020;254;0;15;2;3;9;0;13;1;11;0;45;50;2;5;2;0;3;7;65;9;12
9/11/2020;291;0;9;0;0;14;1;30;2;10;3;44;65;3;22;2;6;2;3;56;8;11
9/12/2020;206;0;16;0;7;1;0;28;0;5;0;0;78;2;15;1;8;0;3;20;15;7
9/13/2020;106;0;8;0;8;5;0;1;1;2;1;2;18;1;2;2;0;5;8;28;9;5
9/14/2020;220;1;18;1;4;13;0;0;0;12;3;86;23;3;3;1;0;3;18;27;2;2
9/15/2020;292;4;27;0;13;8;1;22;4;20;2;41;52;2;9;0;5;1;5;47;16;13
9/16/2020;330;1;24;1;2;15;1;27;3;11;1;38;94;0;12;10;4;1;4;54;19;8
9/17/2020;389;4;18;0;5;11;2;18;2;7;3;51;135;6;19;4;10;5;8;60;9;12
9/18/2020;437;0;33;2;7;36;6;24;1;15;1;68;124;2;9;6;1;1;9;66;19;7
9/19/2020;279;3;18;1;3;1;8;14;0;15;4;5;95;3;14;6;12;3;10;50;9;5
9/20/2020;133;1;26;0;3;0;0;0;1;8;1;2;14;7;3;0;10;4;2;33;11;7
9/21/2020;266;15;6;0;6;32;1;1;2;3;2;73;67;6;0;0;2;1;14;18;9;8
9/22/2020;438;12;20;0;7;3;5;30;2;28;7;39;141;14;22;0;28;2;24;40;9;5
9/23/2020;553;16;15;0;12;20;2;23;0;18;1;40;181;7;14;3;0;5;34;147;7;8
9/24/2020;540;4;13;0;12;33;16;12;1;19;7;43;159;3;23;7;35;4;9;121;6;13
9/25/2020;630;20;17;2;21;16;2;12;3;26;11;63;185;2;19;2;11;7;83;95;10;23
9/26/2020;325;1;11;0;15;2;0;10;3;17;0;1;155;7;10;7;1;6;35;21;8;15
9/27/2020;167;9;6;1;0;1;1;8;0;1;0;1;35;0;17;2;19;0;0;47;10;9
9/28/2020;378;2;4;0;2;51;15;2;1;0;19;113;81;1;6;0;0;2;17;43;9;10
9/29/2020;613;17;4;0;18;22;10;27;4;23;13;44;261;10;34;1;2;5;25;48;18;27
9/30/2020;689;15;23;7;7;32;8;24;2;16;9;95;221;5;23;16;22;2;26;84;26;26
10/1/2020;633;10;21;3;16;30;3;12;3;23;9;81;228;7;36;9;1;4;22;84;19;12
10/2/2020;712;7;24;3;12;18;19;27;1;4;21;77;235;3;62;4;12;13;23;85;35;27
10/3/2020;461;17;14;1;20;2;0;21;3;10;3;1;182;12;54;13;12;1;10;37;28;20
10/4/2020;156;4;11;2;0;1;1;1;0;0;0;2;44;0;11;7;5;3;0;21;23;20
10/5/2020;374;2;1;1;0;31;14;4;0;1;13;102;70;0;39;1;0;2;15;34;25;19
10/6/2020;786;14;7;2;26;40;31;26;3;12;9;31;297;10;104;3;1;3;23;96;37;11
10/7/2020;831;3;32;1;18;30;12;39;7;22;19;74;270;4;67;9;17;12;21;137;28;9
10/8/2020;834;23;16;2;3;26;20;41;0;14;12;86;309;17;51;4;14;8;5;90;61;32
10/9/2020;783;3;13;4;17;22;42;49;4;8;38;62;292;7;8;6;14;2;24;101;33;34
10/10/2020;509;15;15;5;14;2;3;33;5;12;4;9;192;16;8;9;8;11;28;66;38;16
10/11/2020;161;1;0;0;0;4;2;6;2;0;1;1;72;0;8;2;4;0;0;13;36;9
10/12/2020;637;1;30;5;0;36;37;0;1;2;3;121;90;0;173;4;0;2;9;38;39;46
10/13/2020;916;7;10;2;18;17;18;72;4;22;9;75;293;21;61;4;4;12;36;101;45;85
10/14/2020;968;1;37;0;6;44;8;45;8;19;5;132;319;15;30;21;12;2;16;153;53;42
10/15/2020;902;8;24;0;12;6;27;44;5;25;29;115;281;26;64;13;5;7;30;91;41;49
10/16/2020;1179;5;27;6;15;29;10;52;8;18;21;166;340;16;91;12;20;11;19;206;55;52
10/17/2020;697;9;32;1;9;1;6;7;8;33;20;13;270;21;30;22;6;7;10;76;64;52
10/18/2020;321;0;1;0;1;5;0;54;3;2;5;11;63;0;56;4;3;0;0;41;34;38
10/19/2020;771;0;3;0;1;32;15;7;10;8;15;315;127;0;48;3;0;1;7;85;44;50
10/20/2020;1289;5;52;3;21;35;12;62;18;53;11;92;398;34;65;13;6;13;34;217;86;59
10/21/2020;1571;14;22;4;10;35;12;39;19;45;30;309;541;21;50;23;11;9;25;176;71;105
10/22/2020;1666;11;47;2;22;33;12;42;11;39;32;283;521;10;42;20;12;7;43;294;100;83
10/23/2020;1867;8;49;7;27;53;7;54;19;60;27;267;578;47;66;18;26;12;40;321;93;88
10/24/2020;1477;26;37;9;23;5;2;60;13;105;6;23;713;23;45;16;10;9;31;100;130;91
10/25/2020;514;1;3;8;0;2;0;7;12;2;4;29;79;1;33;23;6;5;0;179;84;36
10/26/2020;1069;8;10;0;2;75;14;7;20;4;5;233;174;32;82;4;0;0;19;174;132;74
10/27/2020;2414;25;75;1;55;99;2;200;6;78;23;337;412;68;63;15;35;39;123;458;116;184
10/28/2020;3389;11;74;8;29;34;10;159;31;84;28;508;1202;78;113;35;46;17;84;610;125;103
10/29/2020;3262;18;106;1;53;83;13;51;37;124;103;482;1007;57;126;52;42;6;92;526;131;152
10/30/2020;4056;41;73;15;37;147;12;281;43;86;55;586;1143;85;242;53;59;16;63;596;221;202
10/31/2020;2987;16;62;25;58;23;0;164;39;69;8;31;1536;71;230;17;52;35;71;203;122;155
11/1/2020;1297;22;44;18;6;6;2;30;11;21;3;55;275;4;27;26;16;16;16;416;153;130
11/2/2020;1569;2;21;30;5;116;20;21;4;18;74;501;240;1;70;36;3;0;32;137;161;77
11/3/2020;3608;6;123;4;123;147;17;248;43;46;30;489;841;138;108;45;82;16;173;636;122;171
11/4/2020;4482;36;70;9;64;63;13;201;85;84;93;562;1528;119;202;73;101;78;140;607;152;202
11/5/2020;4744;33;112;43;101;112;22;190;66;222;90;450;1607;103;284;63;150;62;35;598;246;155
11/6/2020;4454;30;130;49;72;89;50;150;54;80;118;403;1126;148;166;62;97;90;200;982;212;146
11/7/2020;4451;27;94;7;63;21;14;257;34;161;127;193;1974;101;51;45;89;57;170;570;185;211
11/8/2020;2097;27;71;44;57;9;2;11;32;95;6;123;379;5;134;35;113;29;81;535;147;162
11/9/2020;3725;8;27;40;8;345;35;69;80;24;103;1425;548;31;165;41;7;89;83;361;84;152
11/10/2020;4497;17;117;36;117;45;34;298;84;21;64;671;1254;116;168;29;157;122;180;600;195;172
11/11/2020;5709;46;92;16;196;42;58;248;66;176;97;592;1965;172;232;87;158;44;209;835;264;114
11/12/2020;5564;47;181;30;134;243;67;284;77;160;133;612;1695;120;268;99;118;126;77;770;247;76
11/13/2020;6730;37;85;34;163;293;8;233;96;154;110;1039;2247;147;239;80;97;125;315;938;222;68
11/14/2020;3513;46;109;46;65;12;70;135;24;151;69;87;1364;61;198;56;145;82;125;372;181;115
11/15/2020;1581;23;80;31;82;6;6;13;35;39;13;148;416;72;87;27;4;1;97;311;28;62
11/16/2020;2544;14;49;17;10;25;27;34;41;47;42;634;644;73;78;46;8;158;156;259;120;62
11/17/2020;4458;5;74;29;158;51;84;336;88;31;138;648;1314;142;263;51;191;19;113;365;254;104
11/18/2020;4961;61;87;21;60;130;17;205;58;139;92;631;1435;211;143;76;127;140;200;915;113;100
11/19/2020;7609;111;206;26;398;162;145;301;88;143;130;1169;1843;130;401;82;164;266;268;1261;232;83
11/20/2020;5458;9;79;13;195;116;79;169;89;112;123;501;1874;136;264;84;126;204;299;706;185;95
11/21/2020;4492;45;104;24;185;39;66;200;48;0;146;380;1681;102;198;15;128;117;127;703;107;77
11/22/2020;2422;6;32;44;11;16;28;52;36;83;65;373;730;2;83;111;18;2;100;369;208;53
11/23/2020;3877;51;111;12;52;172;39;26;53;59;213;959;991;50;146;26;18;248;212;280;102;57
11/24/2020;5674;66;103;17;232;137;24;266;70;72;114;966;1481;131;220;55;257;166;241;722;232;102
11/25/2020;6066;48;166;92;194;222;82;142;138;185;155;977;2038;148;258;109;130;82;205;483;122;90
11/26/2020;6903;70;130;13;250;80;69;249;90;28;229;684;2497;104;275;76;159;277;258;1133;120;112
11/27/2020;6462;15;89;27;237;158;51;130;124;160;110;1375;2190;105;238;79;143;141;153;703;137;97
11/28/2020;3825;62;98;11;68;7;39;112;95;37;72;377;1185;69;209;31;156;151;119;706;115;106
11/29/2020;2753;53;100;60;178;2;52;138;88;82;11;356;744;2;52;91;33;140;148;334;59;30
11/30/2020;3480;2;89;72;30;478;14;20;85;9;141;763;1054;6;102;27;10;72;107;273;60;66
12/1/2020;5819;102;87;50;205;209;91;217;87;132;45;833;1805;177;180;66;214;224;326;493;163;113
12/2/2020;6547;106;208;24;289;43;12;191;85;111;64;1031;2062;88;356;140;166;218;266;869;102;116
12/3/2020;6986;100;147;19;295;199;100;185;123;86;204;1624;1882;102;237;80;135;225;243;791;92;117
12/4/2020;7338;58;153;30;284;121;41;235;100;88;98;2234;1979;107;277;112;118;244;202;572;155;130
12/5/2020;4864;72;114;91;239;6;16;193;94;107;113;557;1236;83;194;60;156;174;159;901;137;162
12/6/2020;1803;18;41;34;58;8;49;20;44;8;13;207;446;1;51;67;9;18;28;569;32;82
12/7/2020;3782;8;28;2;59;257;7;29;61;9;167;1243;843;20;147;68;5;80;69;449;121;110
12/8/2020;7446;162;216;10;368;105;68;264;68;124;57;1446;2011;196;197;51;248;235;291;1080;101;148
12/9/2020;8398;102;224;31;338;234;84;273;150;177;57;1372;2561;157;392;134;202;239;286;1071;129;185
12/10/2020;6693;58;70;62;374;131;17;132;123;92;121;1276;1817;118;249;95;150;50;251;1264;74;169
12/11/2020;7717;83;264;18;355;183;63;225;116;151;230;1385;2031;99;273;141;167;317;236;1059;184;137
12/12/2020;6538;119;170;12;43;265;98;276;150;150;76;1993;1341;54;188;77;179;280;149;670;137;111
12/13/2020;3057;24;47;100;22;19;18;16;61;8;7;446;694;64;66;67;35;7;3;1189;42;122
12/14/2020;3534;15;17;7;54;52;23;33;77;20;79;751;998;23;119;25;8;109;100;789;110;125
12/15/2020;7001;160;285;36;40;277;101;331;110;57;54;1400;1812;177;341;146;310;233;299;602;130;100
12/16/2020;8824;124;271;30;137;290;101;284;150;315;163;2329;2446;134;264;73;142;300;223;676;122;250
12/17/2020;9640;95;217;11;968;216;74;277;178;154;111;1947;1727;158;253;159;148;235;234;2183;98;197
12/18/2020;7917;109;176;75;599;330;48;227;166;182;29;1373;1826;123;327;109;136;278;57;1525;52;170
12/19/2020;5509;87;139;7;352;21;54;258;82;188;120;408;1132;140;280;87;157;143;110;1432;181;131
12/20/2020;3752;31;30;30;356;12;10;18;83;22;4;1134;505;5;47;47;34;2;140;1014;125;103
12/21/2020;5160;16;25;4;33;266;5;36;46;13;69;2271;772;76;135;21;56;123;80;786;107;220
12/22/2020;6595;200;295;34;82;250;99;339;131;244;44;1173;1535;140;144;135;138;204;211;945;122;130
12/23/2020;11376;141;246;19;421;495;78;284;348;246;97;2919;2294;234;475;121;327;232;171;1808;162;258
12/24/2020;5036;145;137;32;439;21;50;111;92;196;16;1242;1160;146;233;89;100;89;249;244;118;127
12/25/2020;2793;16;40;9;196;28;2;127;97;13;38;599;604;10;71;13;2;36;163;553;131;45
12/26/2020;2966;5;20;8;40;27;2;12;16;12;30;426;916;48;80;6;22;35;1;1154;59;47
12/27/2020;3208;177;212;15;49;31;109;258;34;24;136;342;180;89;66;115;1;102;155;939;112;62
12/28/2020;7091;20;43;9;257;855;12;30;63;34;124;2162;937;67;156;21;114;107;126;1569;124;261
12/29/2020;8872;266;307;18;89;535;119;386;276;277;35;1885;1762;214;302;154;294;277;27;932;111;606
12/30/2020;10459;212;209;23;693;501;78;350;204;373;39;2325;1642;220;382;162;134;143;457;1909;192;211
12/31/2020;6999;181;188;29;323;43;88;315;178;267;224;1368;776;158;231;139;144;293;185;1305;194;370
1/1/2021;2618;31;20;20;33;18;3;25;78;13;43;975;239;5;85;12;13;13;68;716;70;138
1/2/2021;2530;20;9;9;27;44;7;23;83;10;20;201;760;40;128;14;36;4;0;948;92;55
1/3/2021;2754;184;211;7;10;30;95;272;38;14;30;279;161;96;78;111;7;163;4;813;84;67
1/4/2021;6982;11;28;23;263;938;9;50;174;52;28;2471;1092;58;83;15;180;40;249;647;152;419
1/5/2021;7546;284;236;36;303;434;119;432;159;232;57;1582;1313;297;314;89;142;238;171;725;116;267
1/6/2021;5028;148;133;24;180;48;98;143;147;319;203;635;820;111;220;99;87;139;187;924;109;254
1/7/2021;7148;18;24;3;85;473;12;211;254;31;44;2115;1071;63;98;22;46;77;68;2054;176;203
1/8/2021;5690;186;154;31;76;281;106;293;183;221;36;1277;828;192;184;130;108;138;15;969;90;192
1/9/2021;4735;128;124;30;208;49;54;237;96;174;149;1220;463;110;168;67;97;103;323;673;166;96
1/10/2021;2317;13;15;5;156;16;6;30;66;8;22;755;215;5;53;11;2;13;68;789;31;38
1/11/2021;4648;20;12;0;24;359;14;33;105;11;119;1861;528;33;49;38;12;29;8;847;119;427
1/12/2021;5334;226;189;25;139;397;104;290;110;195;88;474;1054;139;181;81;155;239;150;770;72;256
1/13/2021;6595;113;102;11;115;266;49;206;155;142;153;2291;716;90;122;60;30;74;111;1329;144;316
1/14/2021;4743;102;110;23;155;226;38;168;157;108;110;991;545;120;136;69;54;106;103;1169;69;184
1/15/2021;4205;69;101;10;86;203;27;162;106;104;57;887;537;77;141;44;75;107;127;982;83;220
1/16/2021;2160;84;87;13;47;41;37;168;27;119;98;308;235;7;39;45;69;62;34;500;82;58
1/17/2021;1250;7;7;1;54;10;0;17;65;4;11;325;140;38;22;8;1;0;39;404;46;51
1/18/2021;2111;6;26;2;15;183;2;27;31;5;92;707;289;21;82;19;8;52;9;151;60;324
1/19/2021;4732;153;157;13;122;300;96;280;86;172;57;995;980;110;69;66;115;151;141;396;90;183
1/20/2021;4946;61;91;9;122;211;49;193;173;81;142;944;697;109;119;41;64;111;121;1277;125;206
1/21/2021;4196;58;93;12;73;208;33;181;115;118;137;1060;586;71;192;45;66;100;17;805;77;149
1/22/2021;3722;52;58;4;92;183;20;138;85;131;82;793;552;55;112;44;60;58;153;756;100;194
1/23/2021;2368;40;72;16;71;52;38;189;56;117;50;417;324;45;84;38;73;44;53;432;101;56
1/24/2021;1147;9;14;1;11;16;10;13;13;4;18;309;117;1;36;13;2;4;46;439;29;42
1/25/2021;1884;1;10;0;6;210;10;13;58;13;56;583;262;59;1;12;12;51;16;278;51;182
1/26/2021;4186;68;118;9;139;226;62;302;19;164;79;547;1088;93;153;90;114;120;79;484;68;164
1/27/2021;4105;37;51;6;6;282;26;225;145;114;116;886;578;59;108;57;59;116;91;939;57;147
1/28/2021;2368;49;53;5;8;114;42;174;47;123;85;310;422;59;100;50;71;77;12;411;45;111
1/29/2021;4252;28;48;0;89;252;30;163;87;102;57;816;707;35;102;49;74;88;52;1180;100;193
1/30/2021;2695;29;56;10;151;21;39;152;37;84;60;615;314;24;58;35;105;44;122;554;60;125
1/31/2021;1164;2;6;0;34;23;6;7;36;3;10;342;134;2;38;14;2;16;45;309;43;92
2/1/2021;1551;4;9;0;15;148;11;9;23;3;33;427;372;46;31;11;5;47;8;240;32;77
2/2/2021;4315;86;91;5;55;320;85;295;77;104;42;593;832;86;129;98;187;152;75;825;45;133
2/3/2021;3737;26;49;3;152;206;30;173;97;118;163;799;497;58;84;39;142;102;100;669;86;144
2/4/2021;3396;32;60;9;125;163;42;134;61;60;85;585;594;51;136;76;131;91;61;725;51;124
2/5/2021;3260;23;30;0;108;173;36;183;49;100;31;487;593;57;94;71;140;91;26;751;70;147
2/6/2021;2332;37;59;1;100;23;40;137;26;76;86;325;178;20;52;40;183;86;65;614;65;119
2/7/2021;1013;3;9;2;37;10;7;10;17;3;18;215;156;3;35;14;8;2;10;322;28;104
2/8/2021;1505;4;4;1;10;191;8;11;12;20;59;282;498;3;57;3;10;14;10;191;31;86
2/9/2021;4069;42;93;1;213;312;58;282;41;124;53;205;804;114;166;104;318;160;93;706;52;128
2/10/2021;4353;33;61;11;101;196;42;211;83;104;105;886;714;73;131;62;172;79;41;1067;58;123
2/11/2021;3804;26;67;7;108;219;37;192;64;119;84;691;795;53;91;42;154;69;28;789;58;111
2/12/2021;3569;20;41;4;138;222;32;177;49;62;84;515;733;76;110;61;190;86;89;714;54;112
2/13/2021;2771;23;62;3;113;12;40;184;33;79;65;355;277;38;112;54;183;61;63;788;73;153
2/14/2021;1211;3;4;0;32;21;5;8;18;1;35;222;177;1;43;16;6;1;17;465;62;74
2/15/2021;1901;3;10;0;40;174;7;3;31;40;17;349;671;62;18;22;30;8;9;309;57;41
2/16/2021;4205;50;96;2;62;274;9;300;114;46;109;477;879;101;134;95;419;103;76;639;74;146
2/17/2021;4965;30;59;3;241;261;103;243;76;168;172;616;1064;79;164;53;207;95;80;1013;77;161
2/18/2021;4134;24;78;2;237;190;39;169;90;68;180;591;1008;64;141;77;220;62;75;618;51;150
2/19/2021;4028;25;76;4;159;244;44;174;76;67;116;601;850;85;117;90;188;70;59;798;65;120
2/20/2021;2781;40;58;4;136;23;63;187;22;62;99;343;326;67;102;42;200;40;54;678;87;148
2/21/2021;1599;1;3;0;33;16;0;3;30;2;47;246;278;0;49;31;5;22;16;708;28;81
2/22/2021;2538;2;11;1;61;253;4;12;47;3;94;260;870;34;42;13;10;0;37;590;92;102
2/23/2021;5404;37;134;3;187;324;105;365;148;70;133;443;1526;131;177;109;399;119;49;740;61;144
2/24/2021;4977;13;78;6;192;331;64;198;103;84;171;635;1035;132;126;64;195;76;102;1121;119;132
2/25/2021;4830;28;97;6;203;245;58;227;88;66;181;485;938;120;133;66;185;61;37;1410;56;140
2/26/2021;4582;20;75;4;341;228;39;191;100;55;127;539;1171;101;110;46;166;52;58;976;13;170
2/27/2021;3107;19;85;13;126;11;59;200;30;63;83;298;533;73;106;56;196;61;68;729;197;101
2/28/2021;1242;2;2;0;61;7;2;3;29;2;36;243;256;5;36;29;2;12;0;376;29;110
3/1/2021;2826;3;17;3;146;229;5;9;54;10;183;325;1054;0;38;30;8;2;54;392;126;138
3/2/2021;6189;47;142;9;408;380;82;287;144;85;211;534;1449;264;168;128;348;99;107;1058;66;173
3/3/2021;4869;26;94;15;248;281;103;234;110;80;207;500;1087;122;143;99;169;73;59;971;124;124
3/4/2021;4883;33;111;11;245;286;45;178;101;50;151;517;1077;87;149;103;189;102;103;1056;135;154
3/5/2021;4069;28;94;3;198;248;75;179;102;37;98;396;920;141;156;113;153;62;81;741;109;135
3/6/2021;3452;33;113;23;228;240;57;238;92;46;111;222;724;64;118;84;192;81;3;576;57;150
3/7/2021;1451;0;9;0;24;22;0;11;22;2;156;374;354;16;20;19;4;3;61;93;120;141
3/8/2021;1982;0;11;3;18;7;7;11;11;6;102;139;917;46;74;14;6;11;7;445;63;84
3/9/2021;5928;53;192;15;310;432;52;387;148;63;112;619;1459;180;166;165;302;156;161;700;120;136
3/10/2021;5326;29;148;15;283;320;120;230;140;47;189;413;1556;100;166;94;101;91;121;904;105;154
3/11/2021;5332;32;125;8;235;240;55;231;101;26;124;438;1265;155;172;128;124;91;91;1411;123;157
3/12/2021;4994;23;123;9;233;330;61;215;125;38;115;415;1237;139;153;97;109;75;85;1157;78;177
3/13/2021;3953;40;171;12;235;256;69;313;79;46;51;363;874;92;130;92;140;47;63;557;161;162
3/14/2021;1040;2;20;1;77;30;6;13;10;0;42;129;332;17;51;48;2;42;22;49;45;102
3/15/2021;2714;1;18;0;75;8;5;8;2;5;31;197;1175;58;73;14;20;11;5;842;60;106
3/16/2021;6786;58;209;4;300;386;96;377;221;68;61;745;1909;220;236;187;300;159;171;747;138;194
3/17/2021;6431;28;170;22;212;377;76;365;141;80;267;463;1650;186;211;129;120;131;85;1440;122;156
3/18/2021;5736;40;186;14;291;309;91;287;173;55;274;498;1198;177;219;138;140;117;94;1029;200;206
3/19/2021;5406;44;133;7;266;374;102;297;143;43;189;462;1284;199;216;124;98;130;131;915;90;159
3/20/2021;4380;40;173;13;223;299;61;291;148;68;68;413;600;103;248;109;111;87;79;923;150;173
3/21/2021;1579;0;36;9;15;23;3;30;24;1;89;181;426;45;44;55;3;8;32;277;126;152
3/22/2021;2687;0;27;1;196;224;3;14;18;12;66;176;741;134;42;18;11;12;8;700;158;126
3/23/2021;7652;102;264;19;304;554;87;344;284;71;91;641;2234;233;339;227;204;107;191;1037;125;194
3/24/2021;7706;50;238;17;256;427;73;507;213;72;104;800;1841;235;221;158;113;233;142;1632;246;128
3/25/2021;6365;48;189;8;227;343;80;275;211;42;96;535;1371;172;307;161;98;167;139;1444;201;251
3/26/2021;6294;42;180;26;224;281;60;284;271;54;126;601;1544;203;247;102;76;120;113;1362;153;225
3/27/2021;5196;60;176;36;197;350;52;304;208;74;63;461;997;102;196;140;120;148;128;1000;186;198
3/28/2021;1980;1;60;0;102;26;3;3;76;2;104;312;289;97;77;53;2;25;43;325;137;243
3/29/2021;2962;6;11;1;87;301;2;13;0;7;70;161;1040;143;126;34;4;16;17;475;243;205
3/30/2021;8468;103;309;17;297;387;66;533;345;122;99;800;2325;387;299;225;185;237;259;1040;212;221
3/31/2021;8290;69;216;37;238;373;147;325;234;105;191;690;2172;230;318;182;89;247;171;1668;358;230
4/1/2021;6976;72;192;12;96;298;89;334;261;92;218;614;1675;228;325;162;99;242;155;1337;230;245
4/2/2021;6836;94;213;28;365;277;63;316;243;118;214;617;1481;185;329;188;82;181;206;1152;247;237
4/3/2021;3403;39;148;1;113;282;34;16;5;4;89;307;694;163;151;103;4;120;26;808;74;222
4/4/2021;1449;1;8;3;4;10;3;10;38;7;64;214;354;8;154;8;4;2;0;167;183;207
4/5/2021;3103;1;10;12;137;25;71;10;5;3;94;156;1253;81;112;15;4;3;6;628;279;198
4/6/2021;6813;86;323;15;276;533;71;477;60;50;90;475;1890;340;276;280;156;213;268;557;177;200
4/7/2021;7824;109;315;23;323;332;98;306;465;185;214;1051;1451;347;315;175;156;294;160;1081;205;219
4/8/2021;7760;91;262;37;335;295;128;299;288;162;182;837;1368;208;421;227;114;324;174;1377;429;202
4/9/2021;7626;87;262;27;227;255;105;268;313;152;109;712;1775;259;303;186;105;291;235;1558;218;179
4/10/2021;5626;79;233;40;293;253;143;254;191;148;150;518;1206;120;200;187;108;297;73;845;69;219
4/11/2021;2390;2;69;0;13;18;2;6;53;5;212;357;430;137;175;89;4;3;7;326;316;166
4/12/2021;3471;2;17;15;57;224;6;10;36;11;187;262;946;136;148;26;30;35;55;885;155;228
4/13/2021;8870;175;319;13;327;334;196;413;388;165;269;898;2385;350;299;295;207;361;200;778;266;232
4/14/2021;7093;123;202;24;200;267;101;237;228;185;157;663;1561;214;297;182;94;281;146;1470;93;368
4/15/2021;7665;107;207;43;203;231;98;212;211;154;180;670;1758;159;398;211;120;358;158;1551;252;384
4/16/2021;6440;97;168;33;185;198;80;232;180;135;72;646;1536;237;269;142;91;263;155;978;395;348
4/17/2021;4983;87;178;53;169;192;101;217;224;153;70;427;856;128;206;136;93;268;125;971;79;250
4/18/2021;2514;1;43;1;69;22;8;4;78;2;151;329;480;51;147;74;29;4;83;303;222;413
4/19/2021;2713;6;15;16;59;213;7;6;24;24;182;255;721;103;107;30;11;35;10;389;175;325
4/20/2021;7538;188;307;12;247;232;159;321;337;206;212;758;1585;198;331;227;101;417;211;926;226;337
4/21/2021;7706;130;241;34;175;174;80;195;223;235;155;707;1556;246;406;140;158;331;147;1778;218;377
4/22/2021;6248;120;196;20;192;174;110;203;183;186;119;723;1464;203;274;195;125;288;152;757;184;380
4/23/2021;5501;94;177;20;144;141;74;185;234;154;88;525;1328;128;206;150;114;215;121;914;182;307
4/24/2021;4568;99;182;27;158;141;80;187;145;176;88;490;895;95;220;116;144;221;121;607;182;194
4/25/2021;1756;21;43;0;35;4;10;10;49;7;74;343;460;66;95;83;1;5;61;77;55;257
4/26/2021;3069;6;15;8;34;150;4;10;16;19;127;285;1075;96;80;26;14;28;27;523;246;280
4/27/2021;7267;183;286;13;206;182;156;345;335;266;99;856;1362;232;290;252;238;372;196;981;193;224
4/28/2021;7144;102;196;7;147;142;67;245;215;224;145;791;1749;187;261;135;102;252;142;1449;197;389
4/29/2021;5931;96;185;13;159;119;90;166;211;180;248;745;1342;192;271;140;104;236;125;779;205;325
4/30/2021;5424;84;145;21;113;141;89;194;240;155;196;684;1202;109;182;126;111;184;173;749;154;372
5/1/2021;4753;73;188;1;112;121;85;205;135;195;121;571;1155;117;133;98;111;175;82;594;157;324
5/2/2021;1718;11;6;16;5;3;3;5;67;7;9;325;458;68;139;7;8;8;0;230;47;296
5/3/2021;3068;1;16;9;43;153;16;4;7;14;155;283;1120;143;127;141;3;12;10;430;152;229
5/4/2021;7035;155;268;14;249;160;123;392;348;282;206;974;1263;177;253;153;213;311;267;736;196;295
5/5/2021;6482;95;147;28;167;66;101;216;228;215;134;742;1414;161;257;94;98;220;231;1383;174;311
5/6/2021;5716;91;159;12;137;180;111;207;199;200;277;708;1199;160;189;109;146;202;137;747;204;342
5/7/2021;5244;44;151;25;140;119;81;202;204;143;128;719;1297;137;120;84;109;176;136;832;135;262
5/8/2021;4476;67;122;17;126;94;83;165;167;225;57;629;958;85;141;75;106;153;140;839;19;208
5/9/2021;1657;2;34;0;44;5;4;18;45;2;90;229;376;30;111;53;6;0;89;123;200;196
5/10/2021;2460;1;10;10;19;119;7;3;5;12;86;250;903;71;118;22;11;24;43;471;122;153
5/11/2021;6311;118;254;16;180;117;115;330;252;285;155;853;1076;222;168;127;200;230;161;881;194;377
5/12/2021;5269;54;147;23;143;116;71;139;166;105;333;699;1214;161;165;85;72;111;134;979;167;185
5/13/2021;3918;46;141;15;114;75;64;150;129;230;247;685;767;67;85;64;114;120;138;293;154;220
5/14/2021;2579;2;81;10;26;64;2;6;49;5;93;353;586;127;73;44;12;27;3;696;80;240
5/15/2021;3969;70;100;22;175;57;109;172;137;140;66;613;755;75;88;42;110;103;167;655;132;181
5/16/2021;1408;1;11;0;34;4;1;1;30;44;39;168;288;20;92;33;3;29;0;441;105;64
5/17/2021;2106;0;14;10;19;114;8;7;17;6;61;186;741;61;91;11;12;12;34;458;61;183
5/18/2021;4642;69;172;7;124;91;102;232;158;149;186;753;644;128;109;88;159;154;118;923;160;116
5/19/2021;3410;48;92;16;94;83;51;115;90;93;244;469;660;72;93;59;59;59;55;678;98;182
5/20/2021;3166;36;75;5;67;91;54;115;97;78;214;407;483;95;111;53;83;79;104;695;100;124
5/21/2021;2317;17;56;15;70;55;35;99;60;52;123;359;402;77;34;53;63;60;54;428;89;116
5/22/2021;1909;38;76;12;34;46;39;108;54;70;132;262;305;15;25;31;64;53;37;345;83;80
5/23/2021;620;0;5;2;40;10;1;3;29;2;47;56;151;1;27;17;1;0;0;114;50;64
5/24/2021;1195;0;3;3;21;63;2;3;10;1;91;152;409;61;135;6;3;11;7;127;24;63
5/25/2021;2739;48;80;8;74;81;8;156;112;86;209;322;366;69;89;61;100;58;72;551;76;113
5/26/2021;1418;22;44;6;38;61;45;33;52;2;103;223;153;39;45;19;37;47;52;321;48;28
5/27/2021;92;0;0;0;0;0;0;0;0;0;92;0;0;0;0;0;0;0;0;0;0;0
5/28/2021;297;0;0;0;0;6;7;8;23;0;89;16;0;0;0;0;0;14;0;1;0;133
5/29/2021;285;0;0;0;0;1;0;50;0;0;31;43;0;0;3;0;7;24;0;0;126;0
5/30/2021;1948;49;134;11;84;19;74;13;18;187;5;16;550;131;2;127;87;91;91;141;26;92
5/31/2021;1898;1;2;2;9;152;1;221;90;1;125;516;143;21;214;31;10;20;4;247;39;49
6/1/2021;2783;31;78;3;43;37;34;102;54;45;104;242;613;57;58;99;65;55;47;971;42;3
6/2/2021;1364;16;33;4;27;50;12;70;30;36;125;145;243;22;24;77;32;27;29;293;23;46
6/3/2021;1080;20;29;4;21;40;9;35;38;31;86;148;144;16;51;76;30;24;30;152;27;69
6/4/2021;989;22;21;6;25;32;8;55;19;29;100;151;143;17;34;65;20;26;16;153;17;30
6/5/2021;758;8;41;1;27;36;11;49;9;44;28;115;85;22;17;77;22;21;25;84;15;21
6/6/2021;222;0;0;2;0;1;0;0;7;1;24;27;52;7;1;31;2;0;2;29;16;20
6/7/2021;490;1;1;5;2;29;0;1;4;5;61;64;136;5;21;32;0;3;4;71;17;28
6/8/2021;1183;30;42;4;31;35;18;75;27;37;92;134;162;17;37;113;47;34;34;164;27;23
6/9/2021;825;21;14;1;12;28;5;42;24;31;70;108;93;20;17;88;13;12;22;150;20;34
6/10/2021;729;6;21;2;9;10;7;35;19;41;60;78;131;18;25;77;25;10;26;89;19;21
6/11/2021;484;7;5;2;4;9;1;24;17;26;64;75;62;2;14;52;12;9;7;62;13;17
6/12/2021;524;17;14;1;10;12;3;34;9;30;7;62;97;8;2;61;16;7;32;70;11;21
6/13/2021;159;1;5;0;0;2;0;0;4;2;1;45;28;2;4;42;0;0;3;6;2;12
6/14/2021;0;0;0;0;0;0;0;0;0;0;0;0;0;0;0;0;0;0;0;0;0;0
6/15/2021;1;0;0;0;0;0;0;0;0;0;0;1;0;0;0;0;0;0;0;0;0;0
6/16/2021;36;0;0;0;0;0;0;0;0;0;35;1;0;0;0;0;0;0;0;0;0;0
6/17/2021;2190;46;44;7;24;29;6;110;27;99;340;217;345;36;90;255;53;26;64;282;33;57
6/18/2021;601;12;11;0;3;29;0;23;69;2;58;123;85;5;5;70;7;5;15;65;9;5
6/19/2021;19;0;0;0;0;0;0;0;0;0;16;2;0;0;0;0;0;0;0;1;0;0
6/20/2021;1;0;0;0;0;0;0;0;0;0;1;0;0;0;0;0;0;0;0;0;0;0
6/21/2021;678;12;14;5;4;24;5;26;16;46;74;98;128;0;17;89;11;5;17;58;16;13
6/22/2021;506;11;15;0;4;8;3;42;13;23;22;57;73;19;14;71;18;3;14;72;12;12
6/23/2021;379;5;7;5;3;10;1;17;8;10;50;54;62;2;4;37;5;5;12;63;8;11
6/24/2021;373;11;5;2;2;12;1;16;10;5;88;38;55;8;1;39;7;8;8;41;5;11
6/25/2021;31;0;0;0;0;0;0;0;0;0;31;0;0;0;0;0;0;0;0;0;0;0
6/26/2021;8;0;0;0;0;0;0;0;0;0;8;0;0;0;0;0;0;0;0;0;0;0
6/27/2021;8;0;0;0;0;0;0;0;0;0;6;1;1;0;0;0;0;0;0;0;0;0
6/28/2021;444;4;5;1;7;17;2;18;3;10;0;72;123;14;4;56;2;4;10;57;12;23
6/29/2021;251;0;2;0;2;10;0;29;7;20;20;21;62;6;14;6;12;2;0;23;11;4
6/30/2021;560;9;16;1;32;13;4;14;2;13;56;56;53;9;8;85;18;11;13;113;22;12
7/1/2021;284;0;8;0;7;21;1;10;7;9;30;26;64;5;13;19;9;3;3;32;9;8
7/2/2021;326;6;7;3;3;16;2;10;3;4;16;28;80;5;16;20;11;10;2;67;5;12
7/3/2021;3;0;0;0;0;0;0;0;0;0;3;0;0;0;0;0;0;0;0;0;0;0
7/4/2021;2;0;0;0;0;0;0;0;0;0;2;0;0;0;0;0;0;0;0;0;0;0
7/5/2021;415;5;6;2;11;19;2;13;5;6;2;56;145;5;18;14;8;9;5;51;12;21
7/6/2021;369;2;11;1;3;22;14;19;11;5;7;41;95;10;13;16;7;7;8;55;11;11
7/7/2021;258;2;3;4;5;8;2;14;0;5;7;30;70;7;14;13;5;2;3;49;5;10
7/8/2021;237;2;2;2;3;8;7;8;2;6;9;26;69;6;10;5;5;0;2;54;3;8
7/9/2021;228;0;0;1;6;6;3;14;4;4;11;22;71;9;5;10;4;1;1;41;5;10
7/10/2021;7;0;0;0;0;0;0;0;0;0;5;2;0;0;0;0;0;0;0;0;0;0
7/11/2021;0;0;0;0;0;0;0;0;0;0;0;0;0;0;0;0;0;0;0;0;0;0
7/12/2021;443;1;5;3;6;20;4;12;7;9;5;58;182;6;14;15;4;2;1;65;8;16
7/13/2021;370;9;8;2;11;17;2;9;4;7;5;47;113;13;7;8;6;3;6;80;6;7
7/14/2021;350;2;2;1;2;14;0;12;8;6;10;63;111;5;15;9;5;1;5;65;2;12
7/15/2021;366;0;8;3;3;13;1;4;1;11;3;47;136;8;8;11;2;3;2;91;3;8
7/16/2021;337;2;5;0;5;12;0;7;3;4;17;67;102;5;8;5;10;3;2;71;4;5
7/17/2021;11;0;0;0;0;0;0;0;0;0;7;4;0;0;0;0;0;0;0;0;0;0
7/18/2021;6;0;0;0;0;0;0;0;0;0;2;2;2;0;0;0;0;0;0;0;0;0
7/19/2021;628;2;1;6;5;35;2;13;5;8;1;100;293;4;13;21;14;6;2;81;4;12
7/20/2021;517;1;1;2;10;25;1;6;13;19;6;95;148;10;18;5;2;4;7;124;6;14
7/21/2021;582;5;8;5;7;19;6;13;11;13;11;63;246;11;11;21;19;7;4;83;11;8
7/22/2021;477;3;1;10;7;19;2;7;7;10;8;61;186;3;10;15;8;8;5;86;10;11
7/23/2021;444;4;2;2;11;20;1;10;8;6;9;81;157;4;18;10;4;2;9;70;10;6
7/24/2021;11;0;0;0;0;0;0;0;0;0;9;2;0;0;0;0;0;0;0;0;0;0
7/25/2021;2;0;0;0;0;0;0;0;0;0;0;2;0;0;0;0;0;0;0;0;0;0
7/26/2021;839;1;7;11;9;51;13;8;11;7;0;108;385;10;22;21;8;13;12;88;22;32
7/27/2021;654;3;13;2;24;27;15;17;16;7;3;105;189;14;22;17;9;13;22;105;13;18
7/28/2021;656;2;5;24;3;29;3;8;7;6;14;89;224;30;15;15;8;7;22;110;9;26
7/29/2021;621;1;5;31;5;26;8;16;7;8;6;75;235;22;12;10;11;10;9;94;12;18
7/30/2021;685;2;6;25;10;27;6;9;6;6;75;86;222;22;15;10;7;7;10;102;10;22
7/31/2021;4;0;0;0;0;0;0;0;0;0;2;1;1;0;0;0;0;0;0;0;0;0
8/1/2021;1;0;0;0;0;0;0;0;0;0;1;0;0;0;0;0;0;0;0;0;0;0
8/2/2021;1151;3;9;44;24;41;3;11;5;8;3;125;588;18;29;21;18;7;20;117;17;40
8/3/2021;960;13;18;13;22;39;28;36;15;16;14;119;258;33;26;28;46;19;40;142;17;18
8/4/2021;852;1;6;51;7;23;0;23;4;5;14;78;313;13;16;37;86;1;23;115;17;19
8/5/2021;819;9;17;2;15;28;7;24;14;12;8;78;276;15;33;43;57;17;38;105;13;8
8/6/2021;818;10;20;24;10;25;1;12;8;14;11;83;314;10;22;27;38;13;35;100;17;24
8/7/2021;6;0;0;0;0;0;0;0;0;0;6;0;0;0;0;0;0;0;0;0;0;0
8/8/2021;3;0;0;0;0;0;0;0;0;0;1;2;0;0;0;0;0;0;0;0;0;0
8/9/2021;1485;6;23;48;47;48;28;17;20;8;3;130;637;31;25;33;73;12;32;160;45;59
8/10/2021;1201;22;29;14;22;43;1;28;23;21;14;137;369;29;40;23;74;19;53;194;26;20
8/11/2021;1057;12;20;7;11;33;22;28;9;6;9;144;340;20;36;41;64;8;45;143;19;40
8/12/2021;1040;10;25;22;20;34;9;23;16;12;13;93;370;19;32;26;44;18;31;167;29;27
8/13/2021;1016;6;16;10;53;32;8;46;11;7;16;131;327;17;24;17;40;12;31;143;28;41
8/14/2021;8;0;0;0;0;1;0;0;0;0;5;2;0;0;0;0;0;0;0;0;0;0
8/15/2021;10;0;0;0;0;0;0;0;0;0;7;3;0;0;0;0;0;0;0;0;0;0
8/16/2021;1781;3;28;25;26;97;7;51;23;10;0;248;757;19;47;31;50;13;42;198;50;56
8/17/2021;1330;16;12;8;28;40;3;71;36;17;10;154;383;34;46;34;76;22;51;200;45;44
8/18/2021;1275;19;36;14;14;37;23;50;33;33;18;192;338;26;28;20;30;12;32;240;33;47
8/19/2021;1028;6;3;3;9;31;30;29;22;10;21;168;337;16;30;19;27;10;38;174;17;28
8/20/2021;1045;7;37;1;14;48;23;31;24;11;10;156;268;21;31;18;19;9;49;204;31;33
8/21/2021;1;0;0;0;0;0;0;0;0;0;1;0;0;0;0;0;0;0;0;0;0;0
8/22/2021;3;0;0;0;0;0;0;0;0;0;1;2;0;0;0;0;0;0;0;0;0;0
8/23/2021;1708;6;42;24;30;82;10;28;23;30;2;266;650;15;37;27;24;10;36;244;45;77
8/24/2021;1270;22;4;5;28;43;18;57;41;33;3;142;276;32;55;40;53;16;65;266;27;44
8/25/2021;1515;8;67;10;17;33;6;32;28;23;3;296;389;18;33;28;23;25;53;328;38;57
8/26/2021;1269;24;5;7;26;35;20;35;24;29;6;192;326;21;26;17;30;17;37;323;35;34
8/27/2021;915;0;52;9;19;31;3;21;12;21;1;98;294;16;18;16;23;2;24;186;35;34
8/28/2021;3;0;0;0;0;0;0;0;0;0;0;3;0;0;0;0;0;0;0;0;0;0
8/29/2021;5;0;0;0;0;0;1;0;0;0;0;3;1;0;0;0;0;0;0;0;0;0
8/30/2021;2353;24;47;7;28;75;31;56;32;13;15;420;837;25;22;33;28;22;43;435;60;100
8/31/2021;1022;8;34;2;30;27;1;58;39;44;1;103;282;30;39;32;13;8;71;118;33;49
9/1/2021;1103;35;23;6;24;35;15;32;35;22;6;216;323;46;4;17;23;9;46;152;10;24
9/2/2021;1425;19;39;3;32;39;11;52;24;36;9;183;348;28;64;24;23;20;46;335;41;49
9/3/2021;1322;14;39;7;26;34;12;25;17;55;10;221;288;42;46;23;27;13;37;303;33;50
9/4/2021;1;0;0;0;0;0;0;0;0;0;0;1;0;0;0;0;0;0;0;0;0;0
9/5/2021;10;0;0;0;0;4;0;0;0;0;5;1;0;0;0;0;0;0;0;0;0;0
9/6/2021;2178;3;22;5;1;54;0;10;41;39;6;320;869;28;60;30;23;6;1;443;113;104
9/7/2021;1399;31;97;5;61;28;18;54;29;47;19;205;272;41;27;29;29;4;82;227;47;47
9/8/2021;1395;9;18;4;24;30;13;63;17;31;17;167;398;34;27;22;77;25;11;325;34;49
9/9/2021;1479;27;67;6;34;49;16;62;19;32;14;160;343;28;38;18;25;13;73;375;29;51
9/10/2021;1515;17;40;11;20;78;10;39;23;26;21;176;310;27;44;14;42;14;43;450;79;31
9/11/2021;2;0;0;0;0;0;0;0;0;0;2;0;0;0;0;0;0;0;0;0;0;0
9/12/2021;0;0;0;0;0;0;0;0;0;0;0;0;0;0;0;0;0;0;0;0;0;0
9/13/2021;2137;7;45;6;27;78;16;54;33;14;10;267;672;30;73;21;63;16;44;499;69;93
9/14/2021;1114;13;70;0;36;37;5;54;30;39;12;120;269;21;33;9;31;12;37;230;39;17
9/15/2021;1184;4;32;4;13;28;17;41;20;13;5;144;362;8;42;8;76;13;31;245;29;49
9/16/2021;994;12;39;0;14;51;15;36;10;15;10;140;220;20;27;10;31;11;27;247;28;31
9/17/2021;829;6;29;2;13;20;9;29;9;9;10;81;237;5;28;6;42;12;56;175;22;29
9/18/2021;1;0;0;0;0;0;0;0;0;0;0;1;0;0;0;0;0;0;0;0;0;0
9/19/2021;0;0;0;0;0;0;0;0;0;0;0;0;0;0;0;0;0;0;0;0;0;0
9/20/2021;1178;8;17;0;11;34;7;33;2;7;17;150;413;16;49;12;76;9;36;213;29;39
9/21/2021;891;9;43;2;15;18;3;35;18;15;10;99;249;14;22;28;58;9;51;105;38;50
9/22/2021;743;6;14;0;11;34;8;19;5;11;26;77;207;15;24;9;81;4;37;124;19;12
9/23/2021;771;5;29;4;12;17;6;29;7;9;18;83;187;18;24;8;40;4;42;177;30;22
9/24/2021;715;5;20;1;8;12;8;25;9;11;25;65;223;7;21;9;32;5;21;156;25;27
9/25/2021;1;0;0;0;0;0;0;0;0;0;1;0;0;0;0;0;0;0;0;0;0;0
9/26/2021;6;0;0;0;0;0;0;0;0;0;6;0;0;0;0;0;0;0;0;0;0;0
9/27/2021;1068;7;32;0;16;24;14;24;12;7;24;115;420;16;29;9;44;7;52;137;46;33
9/28/2021;845;6;29;1;29;26;7;44;14;9;16;86;243;44;33;12;51;7;57;72;35;24
9/29/2021;852;4;23;2;17;21;5;29;17;17;25;68;221;20;40;4;72;5;44;173;32;13
9/30/2021;766;3;16;0;19;10;10;34;19;10;24;71;222;17;32;5;43;1;45;137;27;21
10/1/2021;698;2;8;0;28;10;3;19;13;12;39;62;218;20;22;3;44;9;39;102;31;14
10/2/2021;2;0;0;0;0;0;0;0;0;0;2;0;0;0;0;0;0;0;0;0;0;0
10/3/2021;0;0;0;0;0;0;0;0;0;0;0;0;0;0;0;0;0;0;0;0;0;0
10/4/2021;1192;4;18;2;42;39;6;23;13;10;20;102;457;42;50;11;52;4;61;167;47;22
10/5/2021;738;5;18;0;42;17;1;17;20;12;23;61;214;28;36;9;44;10;41;91;40;9
10/6/2021;842;6;7;1;36;12;8;21;8;10;49;71;234;25;40;7;37;13;34;165;33;25
10/7/2021;741;4;11;1;27;18;8;10;15;7;34;70;192;18;40;6;31;14;35;154;32;14
10/8/2021;599;4;5;0;16;19;2;10;10;9;38;42;212;27;32;5;24;11;41;48;20;24
10/9/2021;16;0;0;0;0;0;0;0;0;0;16;0;0;0;0;0;0;0;0;0;0;0
10/10/2021;9;0;0;0;0;0;0;0;0;0;9;0;0;0;0;0;0;0;0;0;0;0
10/11/2021;1121;1;12;1;34;33;3;18;8;16;2;118;399;27;43;8;46;17;64;197;34;40
10/12/2021;905;14;32;0;37;14;5;32;23;24;38;93;212;53;36;12;62;14;48;95;33;28
10/13/2021;796;4;11;1;16;7;4;25;15;18;51;69;230;25;19;8;36;22;39;123;39;34
10/14/2021;668;6;18;1;24;13;8;19;12;15;17;54;176;36;28;4;25;14;38;111;30;19
10/15/2021;565;3;22;2;21;12;4;18;10;24;30;65;123;27;16;2;32;17;29;66;19;23
10/16/2021;14;0;0;0;0;0;0;0;0;0;14;0;0;0;0;0;0;0;0;0;0;0
10/17/2021;0;0;0;0;0;0;0;0;0;0;0;0;0;0;0;0;0;0;0;0;0;0
10/18/2021;1078;9;14;0;18;24;5;21;24;21;20;141;393;49;30;4;29;14;57;136;39;30
10/19/2021;818;9;23;0;25;19;5;33;22;25;31;103;162;53;33;10;40;18;86;79;19;23
10/20/2021;786;1;20;0;13;15;6;17;37;13;43;106;212;25;28;8;26;11;42;111;22;30
10/21/2021;777;15;18;2;17;8;9;23;21;14;33;80;222;19;19;12;22;11;49;135;20;28
10/22/2021;891;9;21;0;26;13;5;23;16;14;24;84;258;21;48;19;22;17;81;134;14;42
10/23/2021;525;4;20;0;13;12;0;18;18;10;2;40;151;29;7;15;18;9;56;70;17;16
10/24/2021;319;0;6;0;5;0;7;1;6;0;16;47;85;1;15;10;1;2;40;55;12;10
10/25/2021;539;0;0;0;3;17;5;1;6;1;36;70;235;11;20;0;0;9;8;69;19;29
10/26/2021;1262;4;38;0;39;20;14;45;47;13;54;104;269;44;56;22;79;2;109;238;33;32
10/27/2021;891;10;21;1;27;10;12;16;42;11;28;95;146;37;53;19;30;29;91;155;26;32
10/28/2021;1079;7;31;0;46;18;5;23;22;8;31;93;336;32;67;20;40;6;86;153;22;33
10/29/2021;977;9;22;0;41;22;7;25;25;6;22;141;242;34;31;15;20;7;87;151;28;42
10/30/2021;861;2;13;0;34;7;1;14;17;8;39;65;273;19;46;31;28;18;68;131;24;23
10/31/2021;301;5;5;0;10;0;3;1;17;1;10;63;80;1;18;5;0;0;42;7;20;13
11/1/2021;629;0;1;0;3;25;2;1;6;2;26;78;280;13;4;20;5;7;7;85;28;36
11/2/2021;1162;28;21;0;46;18;5;26;43;7;34;137;216;30;36;22;56;29;125;231;39;13
11/3/2021;837;10;9;2;27;12;2;10;22;17;27;91;238;22;47;25;36;8;67;116;37;12
11/4/2021;826;13;11;3;21;6;3;14;56;15;37;94;217;19;33;25;31;13;67;111;20;17
11/5/2021;731;12;11;0;26;27;3;14;37;10;19;125;147;22;26;12;25;12;51;108;30;14
11/6/2021;597;14;21;1;16;14;0;21;25;8;8;80;126;13;23;13;29;8;55;72;34;16
11/7/2021;278;0;3;1;16;1;1;3;12;5;13;39;132;1;6;9;2;0;0;6;24;4
11/8/2021;502;1;1;2;1;38;1;2;4;2;40;103;161;15;19;6;4;2;13;28;44;15
11/9/2021;1321;27;11;2;54;36;10;30;73;20;24;195;268;33;43;38;68;25;92;191;63;18
11/10/2021;1020;23;9;1;25;23;3;31;29;7;29;160;277;27;40;29;24;9;66;129;54;25
11/11/2021;925;15;11;5;43;31;3;23;32;7;16;143;185;32;48;29;27;19;61;116;60;19
11/12/2021;911;11;12;1;29;31;7;18;33;14;20;133;268;19;38;27;29;14;46;109;30;22
11/13/2021;829;17;11;4;35;31;7;24;29;8;10;101;263;10;23;33;26;12;67;74;40;4
11/14/2021;311;1;4;0;8;0;0;1;10;1;23;72;89;0;11;12;2;0;35;2;32;8
11/15/2021;574;0;2;2;6;36;0;4;12;1;9;94;202;10;8;23;5;6;11;89;40;14
11/16/2021;1296;15;29;4;59;44;13;38;56;15;25;213;201;25;63;40;38;28;106;199;65;20
11/17/2021;1205;11;12;15;64;30;5;21;31;15;19;148;349;32;62;36;18;14;95;183;28;17
11/18/2021;1130;16;15;9;30;20;7;19;37;16;12;193;279;15;49;31;24;21;76;185;57;19
11/19/2021;1314;17;23;9;39;69;4;20;46;8;6;177;365;31;49;30;26;19;68;219;62;27
11/20/2021;1092;22;25;19;49;48;10;28;41;20;8;154;216;20;29;33;25;27;80;173;56;9
11/21/2021;482;0;10;4;13;3;1;3;10;0;6;95;178;3;18;16;2;1;49;16;40;14
11/22/2021;953;0;3;14;1;76;2;2;5;1;24;180;328;23;29;29;4;7;19;165;20;21
11/23/2021;2077;54;55;5;78;98;33;35;92;17;21;324;552;69;90;37;73;54;154;115;98;23
11/24/2021;2107;30;33;16;75;84;18;41;67;14;20;317;483;30;68;25;27;50;146;459;72;32
11/25/2021;2114;43;28;15;44;121;7;36;57;21;21;334;511;31;69;39;42;35;123;408;86;43
11/26/2021;2025;42;51;8;68;107;12;45;50;4;14;345;587;32;71;41;29;38;129;195;107;50
11/27/2021;1759;52;24;2;84;66;29;36;37;10;12;281;475;36;39;41;39;55;129;197;95;20
11/28/2021;880;3;8;2;27;16;13;7;15;11;10;111;334;2;51;20;0;3;66;107;34;40
11/29/2021;1347;0;5;9;3;139;0;5;13;0;14;238;513;37;66;27;7;7;12;183;42;27
11/30/2021;2657;64;60;5;110;96;30;93;90;32;36;525;553;82;111;63;71;101;164;214;104;53
12/1/2021;2424;57;45;9;114;93;10;70;50;37;15;402;528;56;103;76;37;89;144;318;127;44
12/2/2021;2208;24;52;9;105;91;17;69;50;5;17;424;415;55;153;47;39;55;159;292;85;45
12/3/2021;2154;25;46;4;102;76;21;58;63;61;17;390;420;68;85;45;37;85;140;273;102;36
12/4/2021;2084;49;10;8;8;62;13;74;58;5;16;400;530;69;107;24;42;14;156;314;89;36
12/5/2021;927;31;4;2;2;21;0;5;11;24;23;145;435;2;48;36;0;1;4;36;64;33
12/6/2021;2254;3;63;1;103;112;25;5;27;1;30;278;912;22;72;29;11;114;79;261;51;55
12/7/2021;3333;54;104;12;188;64;4;184;138;44;27;681;824;81;139;116;93;14;190;151;141;84
12/8/2021;3255;25;103;10;105;123;53;41;77;33;43;543;720;79;179;77;54;136;142;522;106;84
12/9/2021;3072;84;133;7;94;127;32;117;69;22;25;529;634;68;185;82;44;100;150;383;112;75
12/10/2021;2865;62;117;12;103;80;27;112;84;34;24;534;725;89;17;76;37;88;157;283;119;85
12/11/2021;2395;30;110;1;89;67;34;98;84;34;24;472;545;64;2;78;27;155;130;250;69;32
12/12/2021;1475;3;25;3;24;35;39;25;18;4;29;133;657;1;0;50;8;13;98;192;99;19
12/13/2021;2712;3;5;0;7;110;4;0;15;2;18;359;1008;47;417;40;14;17;21;473;64;88
12/14/2021;4063;93;250;2;147;123;7;197;139;36;37;742;1055;101;164;97;81;107;198;249;177;61
12/15/2021;4008;54;129;9;119;137;78;112;88;55;31;732;1136;66;74;109;43;90;181;632;26;107
12/16/2021;4116;85;133;7;101;140;56;114;112;33;36;778;1038;80;246;88;48;69;184;489;171;108
12/17/2021;4179;43;116;5;128;150;73;93;102;5;35;857;1131;79;167;99;62;78;191;532;159;74
12/18/2021;3388;20;114;4;106;79;2;146;104;38;51;702;1052;71;89;94;68;7;219;278;109;35
12/19/2021;2019;60;57;0;28;40;42;4;19;48;48;267;904;1;14;61;5;48;118;144;62;49
12/20/2021;3036;1;3;5;2;157;3;6;21;2;21;521;1225;21;221;46;5;5;33;634;36;68
12/21/2021;4668;79;212;12;152;144;5;38;134;90;46;1055;1128;118;130;177;111;102;260;502;120;53
12/22/2021;5106;32;119;11;133;55;104;171;95;78;58;1016;1726;91;206;174;75;31;207;510;127;87
12/23/2021;5127;95;167;5;146;188;90;131;106;7;82;1043;1642;104;79;102;55;84;173;573;133;122
12/24/2021;5815;84;110;8;127;190;124;215;86;168;46;1024;1850;14;106;238;72;126;178;852;107;90
12/25/2021;2364;30;4;1;29;278;1;7;10;1;55;633;730;0;44;3;0;30;13;413;70;12
12/26/2021;1791;4;175;5;3;54;4;7;12;3;28;236;616;0;24;168;5;24;90;244;76;13
12/27/2021;6125;1;7;57;151;368;117;14;20;7;55;561;1956;192;281;100;6;8;18;1903;149;154
12/28/2021;9231;156;421;56;211;362;10;411;280;216;165;1873;2253;261;281;323;147;155;375;871;292;112
12/29/2021;10926;146;222;50;239;545;365;287;205;229;190;2196;2997;275;271;287;176;176;294;1191;343;242
12/30/2021;11462;167;410;65;209;542;88;76;245;224;125;2187;3340;279;351;335;147;87;249;1733;323;280
12/31/2021;10599;98;328;61;170;591;287;427;212;235;140;2158;3494;5;219;338;123;280;271;580;326;256
1/1/2022;5271;32;8;18;7;226;16;363;24;16;158;995;1832;228;58;6;107;14;6;909;186;62
1/2/2022;5727;58;279;75;54;244;423;23;22;5;23;1142;2006;17;142;286;27;84;109;464;170;74
1/3/2022;9979;6;27;37;115;795;34;24;66;9;40;925;3316;127;293;167;20;30;33;3265;239;411
1/4/2022;17577;58;1101;73;660;222;46;80;528;495;254;2462;4694;569;583;593;284;24;773;3025;727;326
1/5/2022;24084;252;86;140;464;1111;815;1238;338;51;240;3351;6185;730;795;69;508;480;643;5324;669;595
1/6/2022;17706;203;740;107;19;1017;38;425;58;485;456;2562;6612;219;321;539;572;15;41;2225;512;540
1/7/2022;19920;162;159;48;595;191;733;354;351;21;268;3033;5413;683;556;644;238;437;549;4547;336;602
1/8/2022;19499;29;720;136;11;1730;785;729;411;555;180;3216;3867;517;612;508;422;430;53;3944;550;94
1/9/2022;16510;67;1090;2;681;269;22;36;70;537;171;1657;4791;122;266;482;537;10;698;4424;426;152
1/10/2022;15075;197;200;120;21;646;72;198;104;24;304;1763;5189;503;1438;200;30;586;64;2255;196;965
1/11/2022;22923;9;522;60;270;2030;1037;1501;653;31;273;2960;4476;790;854;510;458;117;1607;3792;362;611
1/12/2022;26573;448;1086;89;774;1190;822;996;420;571;422;3704;6683;1040;1039;923;841;742;108;3068;1013;594
1/13/2022;26071;311;753;147;885;1218;150;386;482;513;292;4245;7015;748;801;773;321;599;1023;3561;560;1288
1/14/2022;26187;96;737;86;894;746;835;1216;407;814;380;4036;6388;281;998;857;476;122;1033;3613;1042;1130
1/15/2022;25787;226;703;468;905;968;635;1357;540;71;322;3718;7759;1218;463;251;806;603;1017;2304;1247;206
1/16/2022;22075;345;97;36;17;1399;703;626;141;905;313;1811;5954;845;523;582;328;603;1063;3869;1779;136
1/17/2022;24196;65;652;88;922;545;46;167;198;953;297;2100;8845;482;1258;1040;46;126;111;3176;873;2206
1/18/2022;39299;350;408;29;241;3033;553;1300;1364;93;519;4027;10411;1640;1779;921;600;663;1139;7999;964;1266
1/19/2022;40620;54;1501;349;1465;2361;101;1276;1057;934;269;4082;9994;1613;1072;1633;1864;661;1491;5480;1868;1495
1/20/2022;43714;1028;1029;463;1581;1862;854;1506;941;836;725;5942;9319;570;1423;1368;462;479;1788;7885;1857;1796
1/21/2022;39807;28;640;178;47;2755;768;2099;1012;118;593;4897;9499;2291;1469;352;1121;1134;2023;4660;2221;1902
1/22/2022;37704;854;1333;189;1351;2357;420;1710;677;2620;301;5838;7784;1135;36;1576;835;934;5;6135;1390;224
1/23/2022;30983;147;1146;89;1364;1832;144;103;270;87;605;1669;7161;1207;820;1244;11;29;1427;9432;1935;261
1/24/2022;33908;426;79;77;47;2131;513;937;108;640;696;2199;8123;1473;2043;366;101;1135;238;5397;1769;5410
1/25/2022;46669;445;1580;336;1284;2056;492;1461;1562;301;769;4319;9642;1579;2033;2147;1230;922;2093;8609;2245;1564
1/26/2022;41677;843;1813;156;1481;1514;93;1246;1215;957;566;6122;9007;1392;1812;2363;1142;801;2053;2989;2092;2020
1/27/2022;53881;547;1371;235;1496;2878;1232;2682;1259;1239;470;5516;8169;745;2454;1474;753;1178;2151;14429;1464;2139
1/28/2022;39515;506;1767;255;2286;2242;366;1191;1147;820;522;4717;7120;794;1825;1115;505;940;1806;6478;2160;953
1/29/2022;34327;528;1457;211;1067;707;438;1828;957;1548;392;6002;4432;409;1120;1965;1059;1160;968;6831;1069;179
1/30/2022;15066;569;535;2;166;623;192;91;762;164;529;2170;2414;179;688;421;99;31;588;3300;1437;106
1/31/2022;24795;18;112;15;51;1553;65;54;332;48;278;1984;5513;305;1058;612;74;151;102;7563;1128;3779
2/1/2022;40929;796;1916;441;1637;1348;345;1809;2005;775;578;4816;6146;763;933;1727;1514;967;1730;6697;2651;1335
2/2/2022;35946;583;1106;203;1201;1509;613;1105;1389;1011;540;5553;4927;955;1061;1042;860;759;1120;7891;1004;1514
2/3/2022;28293;444;1264;185;921;1173;261;808;1120;711;380;4332;4692;617;927;985;878;602;1290;3393;2045;1265
2/4/2022;25699;405;825;130;661;856;263;711;997;492;523;3518;3230;382;376;897;786;397;261;7543;1123;1323
2/5/2022;19986;72;908;92;654;734;202;572;753;351;365;2376;1367;331;322;628;490;292;809;7485;1046;137
2/6/2022;10068;294;34;1;7;385;8;44;183;148;301;819;604;73;282;330;36;0;33;5800;590;96
2/7/2022;9653;13;74;40;46;608;30;30;239;15;329;1559;2158;99;637;359;134;68;106;865;613;1631
2/8/2022;19604;407;1173;186;1084;559;454;769;1413;347;270;3340;1818;616;936;925;885;721;933;1118;1254;396
2/9/2022;15839;300;629;93;457;555;186;384;767;574;322;2139;2170;402;543;592;509;280;497;2545;879;1016
2/10/2022;7421;125;192;23;253;389;120;187;463;118;353;663;605;214;228;357;211;203;294;1503;443;477
2/11/2022;5829;96;148;26;159;219;80;139;179;77;61;613;751;144;208;232;196;136;234;1565;337;229
2/12/2022;2817;15;128;25;102;129;69;105;182;104;71;231;298;102;153;193;161;79;136;194;237;103
2/13/2022;1175;60;44;3;21;83;7;27;18;26;16;37;217;15;74;122;23;1;57;87;165;72
2/14/2022;2546;13;54;6;44;71;17;25;111;19;57;414;406;94;58;192;65;54;77;454;196;119
2/15/2022;4884;115;258;31;242;227;93;153;167;151;132;608;419;239;188;282;324;173;204;396;296;186
2/16/2022;4044;67;186;22;158;71;55;112;147;114;123;384;690;167;144;216;270;127;167;360;294;170
2/17/2022;4215;49;154;20;147;186;47;118;198;100;91;378;687;134;120;195;196;68;180;747;258;142
2/18/2022;3419;41;148;20;112;105;62;113;126;99;74;304;789;138;119;183;186;82;135;270;172;141
2/19/2022;1968;45;100;7;90;55;46;84;83;51;56;184;325;58;7;122;194;61;77;97;139;87
2/20/2022;1084;3;37;19;24;135;3;20;19;8;21;17;221;36;102;66;26;1;48;85;138;55
2/21/2022;2293;8;39;7;32;67;29;18;40;28;48;273;405;90;76;126;58;71;57;610;87;124
2/22/2022;3438;74;131;18;165;182;71;127;144;94;164;155;445;151;89;168;282;152;171;332;177;146
2/23/2022;3095;49;183;29;120;128;52;99;149;65;128;101;574;80;102;174;291;51;134;322;175;89
2/24/2022;3526;36;100;19;110;116;62;73;100;53;57;811;493;79;61;132;155;94;103;600;166;106
2/25/2022;2752;46;105;11;89;91;44;63;89;67;82;220;597;85;95;138;179;63;106;265;207;110
2/26/2022;1483;47;96;11;70;54;7;46;80;48;60;118;197;30;33;74;144;37;61;118;82;70
2/27/2022;1089;2;38;2;8;46;12;14;24;10;23;38;137;40;75;58;30;1;24;331;125;51
2/28/2022;1456;6;42;14;31;75;32;18;31;12;44;227;396;58;54;60;62;5;42;145;54;48
3/1/2022;3075;42;185;29;150;94;87;36;151;111;82;260;409;110;72;136;319;88;137;205;227;145
3/2/2022;2446;46;122;10;115;95;33;110;103;74;60;182;200;72;73;97;159;174;97;396;138;90
3/3/2022;2086;40;128;14;93;65;37;68;80;61;54;208;357;61;120;89;132;23;69;170;131;86
3/4/2022;1915;28;62;10;89;69;32;47;75;53;95;99;424;69;47;69;153;77;70;173;97;77
3/5/2022;1267;26;35;8;54;55;14;45;41;26;30;110;119;53;6;37;113;59;45;261;80;50
3/6/2022;326;11;14;0;0;25;7;19;5;9;10;13;23;4;1;18;16;1;26;26;69;29
3/7/2022;1430;10;56;7;65;29;25;22;34;22;27;199;260;61;84;154;48;47;41;137;54;48
3/8/2022;2219;42;187;12;124;94;34;77;121;73;58;204;265;92;74;118;195;61;100;172;31;85
3/9/2022;2102;26;95;16;87;66;27;55;68;46;70;171;258;62;43;86;141;93;62;391;168;71
3/10/2022;1623;17;78;6;48;68;25;48;89;46;39;160;306;66;60;81;90;32;70;142;92;60
3/11/2022;1513;20;61;6;48;51;34;40;72;53;49;134;162;51;61;65;101;83;42;252;61;67
3/12/2022;818;16;56;2;38;29;19;32;47;43;32;57;105;10;5;51;82;12;16;73;64;29
3/13/2022;405;6;11;1;4;33;2;13;5;12;15;5;59;48;44;25;12;0;18;33;29;30
3/14/2022;880;7;16;0;24;54;18;11;11;11;29;160;123;41;24;74;28;41;23;81;59;45
3/15/2022;1711;27;91;2;106;58;26;60;101;72;54;213;154;72;47;35;104;81;85;161;87;75
3/16/2022;1785;47;73;7;53;72;25;42;63;69;30;163;271;61;44;98;75;72;70;309;82;59
3/17/2022;1863;19;75;4;59;63;21;41;32;27;53;120;656;74;68;60;63;40;61;134;100;93
3/18/2022;1301;15;66;2;36;43;19;27;39;64;38;114;317;56;59;59;55;20;50;103;65;54
3/19/2022;620;22;47;5;33;27;4;24;31;40;22;51;69;24;4;50;39;6;22;50;3;47
3/20/2022;342;4;12;2;4;21;6;9;7;3;9;4;68;20;42;18;2;22;17;21;44;7
3/21/2022;922;5;26;1;12;27;14;14;27;14;37;141;196;38;26;59;21;63;16;75;81;29
3/22/2022;1613;25;86;9;78;66;26;52;62;32;45;149;225;64;59;79;74;38;66;287;61;30
3/23/2022;1262;18;53;3;34;45;17;37;24;62;31;100;301;50;32;63;45;68;33;88;56;102
3/24/2022;1335;16;43;3;46;34;21;21;40;35;44;93;452;41;80;55;31;50;31;97;68;34
3/25/2022;1151;16;37;2;33;39;13;39;10;29;26;85;389;40;36;49;29;54;27;131;32;35
3/26/2022;508;9;41;7;33;22;2;19;18;23;16;37;60;17;6;39;24;5;15;37;46;32
3/27/2022;249;1;12;2;6;9;3;7;4;1;3;3;57;7;11;24;10;10;13;10;45;11
3/28/2022;715;5;20;1;11;35;8;6;16;1;32;93;228;33;45;31;19;9;11;54;33;24
3/29/2022;1103;14;56;6;51;58;14;42;31;36;21;99;188;8;8;59;33;70;56;146;72;35
3/30/2022;1071;5;44;4;42;40;15;26;53;30;38;79;165;97;83;45;27;33;36;120;45;44
3/31/2022;796;7;36;7;32;38;10;16;14;22;27;62;174;36;55;42;24;28;21;70;29;46
4/1/2022;756;5;31;2;24;19;11;37;22;15;26;60;161;26;39;38;23;26;20;136;0;35
4/2/2022;327;3;26;0;5;13;0;14;12;12;13;19;65;23;1;23;13;0;13;55;1;16
4/3/2022;184;1;10;0;4;13;0;10;6;6;5;1;53;10;36;10;5;1;0;6;1;6
4/4/2022;206;0;2;0;1;6;0;3;9;2;3;4;56;3;1;2;1;1;0;8;89;15
4/5/2022;1035;7;57;4;22;18;19;40;13;30;27;113;118;64;39;83;66;2;58;124;98;33
4/6/2022;815;7;34;0;19;47;4;34;21;12;27;57;236;36;58;26;38;2;30;77;17;33
4/7/2022;862;9;38;4;9;31;13;22;12;12;30;107;149;29;52;32;19;96;31;65;65;37
4/8/2022;627;8;38;4;7;33;10;24;15;19;12;49;129;27;28;18;23;4;27;90;32;30
4/9/2022;354;7;28;0;3;12;4;20;9;21;5;23;79;13;13;15;13;0;9;42;19;19
4/10/2022;192;1;16;0;3;21;1;8;3;4;7;1;46;9;23;7;2;1;0;15;22;2
4/11/2022;553;2;11;0;9;36;2;2;12;5;10;77;150;20;29;24;14;41;9;49;33;18
4/12/2022;740;11;58;2;11;24;7;20;13;16;13;91;114;33;31;26;35;12;52;74;65;32
4/13/2022;683;1;29;3;12;29;13;13;12;18;22;41;98;31;37;29;21;17;27;175;28;27
4/14/2022;528;7;34;15;8;16;10;7;7;8;10;44;93;17;38;40;22;17;23;47;44;21
4/15/2022;311;5;15;0;3;13;2;18;10;16;15;18;42;11;13;14;16;0;15;41;33;11
4/16/2022;138;2;13;1;3;8;0;3;3;1;6;2;43;2;1;20;3;0;0;14;10;3
4/17/2022;118;0;7;0;2;9;1;4;1;4;1;16;23;2;6;9;1;0;0;14;10;8
4/18/2022;145;0;5;0;5;6;3;3;1;8;5;23;36;14;3;7;0;2;4;6;10;4
4/19/2022;465;4;11;0;8;25;5;9;8;2;11;61;77;14;14;35;11;49;2;57;51;11
4/20/2022;667;17;36;7;17;15;8;20;20;9;14;48;146;34;19;31;21;24;24;81;39;37
4/21/2022;545;11;28;2;6;31;4;18;14;13;16;47;130;16;29;22;10;22;20;58;28;20
4/22/2022;412;5;20;2;5;22;7;8;10;10;8;22;85;21;23;32;10;19;9;54;23;17
4/23/2022;213;3;23;2;1;10;0;15;6;5;5;3;39;16;7;15;7;0;8;32;5;11
4/24/2022;78;1;1;0;0;3;0;1;1;2;3;1;38;4;1;1;0;0;0;10;7;4
4/25/2022;387;0;1;2;5;18;11;3;4;2;10;52;100;16;18;28;8;25;15;36;21;12
4/26/2022;453;3;40;1;8;27;10;18;17;9;14;34;90;29;15;1;13;12;23;42;29;18
4/27/2022;428;2;14;5;9;19;9;16;7;9;10;30;101;12;14;35;11;26;12;45;22;20
4/28/2022;372;0;27;3;10;11;8;7;10;1;12;33;113;12;28;8;7;16;4;37;11;14
4/29/2022;401;7;11;1;7;19;8;10;12;7;12;28;140;14;16;12;9;15;7;39;14;13
4/30/2022;177;7;17;1;5;11;1;9;1;1;4;4;35;12;3;9;8;0;5;22;17;5
5/1/2022;101;4;3;0;2;10;0;3;1;7;5;0;23;4;11;4;3;0;0;6;12;3
5/2/2022;264;1;6;0;1;15;2;2;6;2;8;50;71;6;6;11;3;16;5;31;7;15
5/3/2022;455;0;22;6;5;9;12;10;14;1;5;29;98;20;5;16;10;3;16;125;29;20
5/4/2022;382;0;13;0;2;18;6;16;19;6;5;30;132;11;13;15;11;18;3;19;32;13
5/5/2022;315;4;11;4;13;13;8;4;5;4;8;21;61;13;35;19;6;1;5;54;20;6
5/6/2022;281;1;13;1;4;14;0;4;9;2;3;23;77;14;11;11;12;25;2;22;18;15
5/7/2022;173;0;15;0;1;11;6;4;6;2;4;8;30;18;2;6;10;0;5;20;18;7
5/8/2022;70;2;0;1;2;7;2;1;0;2;1;0;19;0;12;5;2;0;0;1;10;3
5/9/2022;200;0;9;1;2;6;4;1;0;0;0;34;79;8;4;10;3;11;5;17;3;3
5/10/2022;366;6;14;0;10;13;12;6;19;6;8;44;54;21;17;10;14;9;14;54;16;19
5/11/2022;369;2;25;1;4;12;4;7;5;3;7;24;170;6;8;16;7;3;6;29;19;11
5/12/2022;307;4;17;1;5;9;1;6;11;3;7;28;99;13;16;9;7;18;5;18;16;14
5/13/2022;227;4;17;0;7;9;3;3;3;7;9;14;58;10;4;11;10;0;3;33;13;9
5/14/2022;100;5;14;4;4;3;3;5;0;2;3;4;10;0;2;1;9;0;4;11;12;4
5/15/2022;87;1;5;0;1;2;2;0;0;2;3;0;21;9;13;6;2;0;0;15;5;0
5/16/2022;215;2;8;0;2;9;2;7;3;1;7;42;43;6;10;5;10;16;7;23;9;3
5/17/2022;296;6;19;0;2;11;3;6;5;14;7;22;76;7;5;16;22;11;5;34;12;13
5/18/2022;476;3;11;0;4;9;2;7;3;6;11;22;287;11;27;9;10;1;5;31;9;8
5/19/2022;412;1;12;0;4;8;8;4;6;2;3;22;214;7;14;14;14;12;7;33;21;6
5/20/2022;231;3;8;1;2;4;5;2;6;8;9;14;69;7;10;11;8;4;6;35;14;5
5/21/2022;113;0;7;0;1;4;1;11;0;4;5;2;17;3;3;4;6;0;2;23;17;3
5/22/2022;74;4;5;0;0;5;0;2;1;0;2;0;26;3;9;6;0;0;0;9;1;1
5/23/2022;230;0;10;1;2;7;2;0;6;3;6;31;77;3;15;5;5;10;2;16;20;9
5/24/2022;308;2;22;1;0;7;10;7;12;3;11;22;66;9;30;14;6;0;15;39;27;5
5/25/2022;308;2;14;0;1;4;7;2;19;3;7;17;117;8;11;8;6;23;6;27;15;11
5/26/2022;143;0;16;1;1;6;1;4;0;2;6;6;39;4;2;3;5;0;6;24;11;6
5/27/2022;144;0;9;2;0;8;2;2;12;3;4;9;46;5;10;7;2;4;0;8;9;2
5/28/2022;119;5;9;0;0;5;3;3;0;1;10;4;34;9;0;6;6;0;2;12;7;3
5/29/2022;64;0;9;0;0;8;0;3;0;2;5;0;13;5;7;2;0;0;0;2;8;0
5/30/2022;178;2;13;1;4;3;0;2;15;2;11;21;37;8;5;4;2;9;3;20;7;9
5/31/2022;216;1;19;1;2;11;3;9;10;6;5;10;40;16;9;10;13;0;5;24;15;7
6/1/2022;251;0;21;0;2;7;2;8;5;6;8;21;80;9;10;5;6;6;2;38;8;7
6/2/2022;231;3;17;0;4;19;5;11;2;2;4;11;56;18;14;13;10;3;4;20;9;6
6/3/2022;167;4;11;1;0;4;1;3;2;3;1;13;36;13;6;9;8;5;6;25;7;9
6/4/2022;146;0;8;0;5;13;6;9;0;2;3;0;44;3;4;4;2;0;7;22;10;4
6/5/2022;66;0;1;1;1;5;1;1;1;1;5;5;15;1;11;7;2;0;0;1;6;1
6/6/2022;102;1;7;0;0;6;1;3;0;0;1;12;34;2;4;7;3;0;1;7;8;5
6/7/2022;359;2;96;1;1;10;2;1;5;0;6;30;117;4;13;11;6;18;2;19;9;6
6/8/2022;471;5;21;1;3;22;2;12;6;9;7;31;206;15;25;8;19;1;16;36;19;7
6/9/2022;372;3;16;0;4;12;4;8;1;8;5;24;175;7;21;9;6;4;8;26;20;11
6/10/2022;369;1;17;1;0;16;1;10;2;4;5;22;132;47;20;7;13;6;4;33;17;11
6/11/2022;122;1;11;0;2;13;4;4;0;3;5;7;26;1;3;5;5;0;3;9;13;7
6/12/2022;101;0;8;0;0;4;1;4;0;0;1;0;43;4;15;3;4;0;0;7;4;3
6/13/2022;237;0;7;2;2;4;2;3;0;2;6;43;73;18;31;3;3;7;2;15;10;4
6/14/2022;382;6;23;0;4;22;6;11;9;10;20;32;65;15;43;9;10;8;16;35;25;13
6/15/2022;376;5;22;0;3;18;3;8;9;7;20;38;80;8;36;12;13;4;6;44;29;11
6/16/2022;428;5;20;1;1;13;2;7;2;8;9;43;160;12;21;8;8;31;12;25;21;19
6/17/2022;352;11;14;0;2;21;2;4;11;8;9;31;121;12;25;10;7;9;5;31;10;9
6/18/2022;222;5;11;1;2;5;3;3;1;4;8;14;63;3;5;4;13;3;10;28;23;13
6/19/2022;168;0;7;0;0;13;4;3;1;1;0;1;79;3;19;10;1;0;1;5;19;1
6/20/2022;379;1;3;4;1;22;3;4;8;1;2;74;127;22;5;19;5;3;10;24;25;16
6/21/2022;742;24;37;2;6;26;10;22;5;17;9;75;231;25;41;23;24;9;28;64;36;28
6/22/2022;633;24;30;4;2;34;19;24;12;9;11;62;175;22;28;20;11;22;17;51;31;25
6/23/2022;600;19;29;0;4;42;13;26;9;5;11;64;166;21;23;23;11;11;25;53;28;17
6/24/2022;351;20;24;4;1;15;8;18;1;8;7;7;86;4;36;13;8;0;11;26;36;18
6/25/2022;210;0;5;2;0;25;4;5;1;0;5;26;77;9;9;3;4;0;0;18;11;6
6/26/2022;175;3;11;1;1;20;2;6;1;2;2;20;60;4;15;3;7;0;0;6;8;3
6/27/2022;583;3;10;4;3;23;4;3;16;4;7;94;189;24;22;22;11;29;10;61;34;10
6/28/2022;806;23;54;3;7;35;5;31;18;11;9;95;203;42;35;29;33;21;30;66;26;30
6/29/2022;722;11;29;0;3;28;16;27;18;7;17;81;147;43;58;26;19;11;36;86;39;20
6/30/2022;724;11;36;9;2;31;14;19;15;6;9;57;236;27;38;25;14;12;26;79;37;21
7/1/2022;726;8;16;3;9;23;9;22;9;11;9;57;273;28;39;26;21;23;23;79;20;18
7/2/2022;334;6;16;4;0;19;6;19;0;11;6;22;88;12;5;8;15;2;11;52;24;8
7/3/2022;223;2;12;3;2;16;0;6;0;0;8;15;59;3;44;6;3;2;0;21;15;6
7/4/2022;562;2;12;2;2;28;4;7;24;2;6;94;177;28;28;23;6;19;15;50;17;16
7/5/2022;737;6;45;9;5;14;5;26;20;15;8;112;168;34;42;31;16;11;50;74;27;19
7/6/2022;874;7;25;7;2;43;18;37;15;19;12;100;251;28;31;18;11;18;27;141;37;27
7/7/2022;758;4;58;4;6;34;10;20;17;11;15;72;182;24;35;29;18;24;30;107;33;25
7/8/2022;665;6;46;1;6;24;7;31;22;16;9;81;115;25;36;27;21;18;17;99;27;31
7/9/2022;359;5;27;1;4;24;3;19;0;20;14;9;68;9;1;22;11;0;12;61;39;10
7/10/2022;281;5;15;0;1;16;0;6;0;2;12;20;89;8;39;6;7;0;0;15;31;9
7/11/2022;679;1;32;0;4;26;2;6;17;0;5;125;222;40;14;26;16;3;24;83;18;15
7/12/2022;975;4;65;3;11;34;12;26;41;25;35;79;210;45;44;30;32;7;73;125;45;29
7/13/2022;1007;7;46;12;9;31;18;27;33;18;25;97;331;36;30;34;26;1;30;109;59;28
7/14/2022;955;4;34;11;8;33;18;36;38;17;18;82;269;24;50;28;24;16;39;133;54;19
7/15/2022;1043;4;29;6;4;49;11;16;29;12;18;74;338;30;19;25;26;136;22;110;60;25
7/16/2022;475;9;32;7;4;26;7;29;2;12;16;9;88;23;5;23;23;0;17;84;44;15
7/17/2022;308;4;12;0;4;21;2;10;4;1;6;0;79;8;47;15;6;31;0;17;28;13
7/18/2022;703;5;6;2;12;26;15;11;28;5;4;94;245;23;20;35;7;33;22;59;27;24
7/19/2022;1274;14;67;2;13;63;14;36;31;20;11;145;328;54;14;48;40;34;44;177;81;38
7/20/2022;1094;20;74;13;9;43;18;34;25;13;15;100;222;42;80;38;35;15;31;151;77;39
7/21/2022;976;17;62;4;13;54;18;29;23;15;16;83;236;54;42;30;50;0;18;110;67;35
7/22/2022;1108;8;72;5;12;44;9;29;34;22;20;94;289;49;35;24;34;96;24;127;52;29
7/23/2022;505;11;29;4;8;30;9;27;4;23;13;28;98;14;5;16;33;0;15;70;46;22
7/24/2022;291;5;19;2;0;26;3;11;4;5;14;0;87;12;23;9;4;0;0;29;32;6
7/25/2022;681;1;13;2;6;28;9;18;17;5;14;130;158;38;8;25;15;49;26;64;43;12
7/26/2022;1034;14;72;6;18;56;23;42;25;27;20;95;171;60;46;33;76;25;46;109;39;31
7/27/2022;1135;18;52;4;17;44;27;34;24;15;26;87;272;49;40;43;40;83;32;123;79;26
7/28/2022;1042;2;53;9;19;53;28;31;24;7;15;66;305;40;37;49;68;20;27;85;66;38
7/29/2022;999;21;45;1;12;31;32;25;24;41;22;77;225;53;35;35;42;55;19;109;68;27
7/30/2022;522;11;48;2;1;12;11;20;17;28;5;21;87;38;5;43;29;0;12;79;43;10
7/31/2022;292;3;16;2;0;36;7;6;7;2;6;0;94;12;29;11;7;0;0;15;31;8
8/1/2022;740;7;19;0;12;33;31;6;17;8;5;122;163;48;17;37;19;57;21;74;36;8
8/2/2022;1158;21;93;5;15;69;53;39;29;31;30;124;160;65;44;46;69;15;39;98;81;32
8/3/2022;1207;17;57;9;7;39;44;39;31;17;24;118;243;54;52;37;57;72;36;134;88;32
8/4/2022;1179;22;64;20;16;50;66;39;28;36;24;92;240;44;34;38;57;41;37;120;83;28
8/5/2022;1065;13;54;6;18;51;43;36;24;27;24;86;228;59;25;48;54;29;31;112;64;33
8/6/2022;573;10;48;6;1;41;24;29;1;20;18;37;91;26;7;39;38;0;16;58;42;21
8/7/2022;313;6;19;3;2;27;2;10;2;2;7;5;101;11;42;15;8;0;0;17;28;6
8/8/2022;683;3;17;6;20;23;22;15;22;4;9;143;115;35;24;33;10;44;19;57;38;24
8/9/2022;1206;2;88;7;26;55;35;55;25;14;21;148;159;88;55;58;70;40;44;110;69;37
8/10/2022;1323;28;97;3;19;53;42;31;23;37;39;87;349;52;65;49;44;17;38;140;66;44
8/11/2022;1270;17;58;8;4;49;28;37;21;22;21;101;407;58;42;27;51;56;52;117;70;24
8/12/2022;1245;14;59;5;19;53;17;46;20;15;27;80;441;59;38;51;29;31;39;116;57;29
8/13/2022;598;9;50;4;0;29;7;38;0;17;18;39;76;22;29;38;38;0;17;75;54;38
8/14/2022;313;2;12;1;3;31;2;11;2;5;10;0;67;18;43;18;8;0;0;27;38;15
8/15/2022;816;5;13;0;18;11;16;13;29;4;14;129;254;49;15;27;23;37;18;83;43;15
8/16/2022;1259;14;81;6;16;21;31;51;25;36;32;129;257;60;52;45;63;17;48;132;96;47
8/17/2022;1384;6;77;3;13;96;13;58;15;36;36;89;338;64;33;34;42;45;22;142;46;176
8/18/2022;1140;12;96;6;9;39;18;22;17;20;17;82;362;43;32;32;44;20;22;168;46;33
8/19/2022;1116;7;63;6;9;33;11;25;20;14;26;67;475;39;46;42;29;15;16;89;46;38
8/20/2022;402;11;38;1;0;24;12;19;1;23;11;18;52;27;2;21;20;0;14;51;36;21
8/21/2022;203;4;18;0;2;23;3;5;0;3;2;0;53;3;17;14;3;0;0;19;30;4
8/22/2022;754;1;18;0;9;17;5;9;22;4;9;121;318;15;9;24;7;19;7;70;49;21
8/23/2022;1116;13;46;1;12;26;11;30;27;24;27;96;402;46;34;41;39;17;20;100;52;52
8/24/2022;814;8;50;4;10;35;11;32;24;18;12;78;227;22;47;27;23;14;15;90;28;39
8/25/2022;824;8;88;0;6;45;12;23;10;15;11;62;260;41;35;26;24;12;12;62;43;29
8/26/2022;872;13;64;0;3;32;15;28;20;20;9;74;315;17;24;16;10;14;47;96;30;25
8/27/2022;306;3;4;2;2;17;9;23;0;17;7;16;58;19;2;17;15;0;15;42;21;17
8/28/2022;181;0;5;0;1;16;3;6;2;3;2;0;56;4;26;18;1;1;0;15;18;4
8/29/2022;660;0;46;0;6;28;3;8;15;7;7;107;206;25;15;33;4;17;15;48;51;19
8/30/2022;1004;8;67;2;9;33;11;49;24;31;14;83;278;38;37;34;39;23;53;84;51;36
8/31/2022;870;4;55;2;8;35;8;26;22;23;13;79;291;22;14;50;30;4;27;87;41;29
9/1/2022;742;7;68;5;6;19;5;26;22;23;6;86;206;25;45;14;19;20;20;43;44;33
9/2/2022;658;7;47;2;9;19;5;27;20;18;13;54;142;16;30;30;22;0;26;85;37;49
9/3/2022;299;4;17;2;3;17;2;24;1;16;13;5;70;2;2;25;23;0;7;15;26;25
9/4/2022;252;2;3;0;1;21;2;6;1;0;6;2;60;17;53;13;0;0;0;30;14;21
9/5/2022;683;2;89;0;11;15;13;9;21;2;5;83;174;44;16;23;15;22;20;65;34;20
9/6/2022;803;16;96;1;7;34;10;15;37;32;10;30;115;56;40;46;31;1;27;79;69;51
9/7/2022;931;20;51;2;12;22;6;88;10;29;9;132;210;47;33;29;38;0;20;84;38;51
