"Uge";"Aldersgruppe";"Testede pr. 100.000 borgere";"Positive pr. 100.000 borgere";"Nyindlagte pr. 100.000 borgere";"Antal testede";"Antal positive"
2020-U04;00-02;0;0;0,0;0;0
2020-U04;03-05;0;0;0,0;0;0
2020-U04;06-11;0;0;0,0;0;0
2020-U04;12-15;0;0;0,0;0;0
2020-U04;16-19;0;0;0,0;0;0
2020-U04;20-39;0;0;0,0;0;0
2020-U04;40-64;0;0;0,0;0;0
2020-U04;65-79;0;0;0,0;0;0
2020-U04;80+;0;0;0,0;0;0
2020-U05;65-79;0;0;0,0;1;0
2020-U07;40-64;0;0;0,0;1;0
2020-U08;20-39;0;0;0,0;5;0
2020-U08;40-64;0;0;0,0;1;0
2020-U09;00-02;3;0;0,0;6;0
2020-U09;03-05;4;0;0,0;7;0
2020-U09;06-11;12;0;0,0;45;0
2020-U09;12-15;16;0;0,4;44;1
2020-U09;16-19;13;0;0,0;36;0
2020-U09;20-39;5;0;0,0;73;0
2020-U09;40-64;6;0;0,0;110;3
2020-U09;65-79;1;0;0,0;6;0
2020-U09;80+;1;0;0,0;2;0
2020-U10;00-02;12;0;0,0;22;0
2020-U10;03-05;14;0;0,0;26;0
2020-U10;06-11;16;0;0,0;61;0
2020-U10;12-15;14;0;0,0;38;1
2020-U10;16-19;18;1;0,0;50;2
2020-U10;20-39;15;2;0,1;219;25
2020-U10;40-64;17;2;0,3;330;44
2020-U10;65-79;3;0;0,0;28;4
2020-U10;80+;5;1;1,1;13;4
2020-U11;00-02;92;2;1,1;172;4
2020-U11;03-05;39;0;0,0;71;0
2020-U11;06-11;36;2;0,3;140;7
2020-U11;12-15;37;3;0,4;100;8
2020-U11;16-19;69;8;0,4;191;21
2020-U11;20-39;90;17;0,8;1335;258
2020-U11;40-64;95;24;3,2;1823;458
2020-U11;65-79;77;6;4,0;683;49
2020-U11;80+;143;8;7,6;395;22
2020-U12;00-02;159;1;0,0;298;2
2020-U12;03-05;38;0;0,0;69;0
2020-U12;06-11;12;0;0,0;48;1
2020-U12;12-15;15;0;0,0;40;0
2020-U12;16-19;31;0;0,0;87;1
2020-U12;20-39;108;5;1,5;1605;75
2020-U12;40-64;148;12;5,4;2825;230
2020-U12;65-79;163;17;13,5;1452;153
2020-U12;80+;314;32;30,2;863;89
2020-U13;00-02;133;3;1,1;249;5
2020-U13;03-05;21;0;0,0;38;0
2020-U13;06-11;18;0;0,0;68;0
2020-U13;12-15;26;1;0,7;70;3
2020-U13;16-19;51;3;1,4;143;9
2020-U13;20-39;149;12;1,8;2207;174
2020-U13;40-64;214;26;9,0;4089;493
2020-U13;65-79;215;34;26,8;1918;307
2020-U13;80+;418;51;39,2;1152;141
2020-U14;00-02;235;4;1,1;440;7
2020-U14;03-05;96;1;0,5;175;2
2020-U14;06-11;89;3;0,0;343;13
2020-U14;12-15;106;4;0,0;289;12
2020-U14;16-19;185;12;0,7;513;32
2020-U14;20-39;476;37;2,0;7066;549
2020-U14;40-64;685;54;7,3;13107;1037
2020-U14;65-79;441;32;14,4;3930;281
2020-U14;80+;777;76;36,0;2140;210
2020-U15;00-02;289;6;1,1;541;11
2020-U15;03-05;175;3;0,0;320;5
2020-U15;06-11;139;5;0,0;533;21
2020-U15;12-15;139;7;0,4;381;18
2020-U15;16-19;255;17;0,0;709;48
2020-U15;20-39;495;34;1,4;7346;509
2020-U15;40-64;624;37;5,0;11941;708
2020-U15;65-79;435;21;7,9;3881;185
2020-U15;80+;636;46;25,3;1757;128
2020-U16;00-02;330;4;0,5;617;8
2020-U16;03-05;205;1;0,0;375;2
2020-U16;06-11;229;5;0,0;879;18
2020-U16;12-15;149;5;0,4;407;15
2020-U16;16-19;285;10;0,4;793;28
2020-U16;20-39;476;24;1,1;7072;352
2020-U16;40-64;615;27;3,9;11766;507
2020-U16;65-79;446;13;7,1;3980;117
2020-U16;80+;748;46;23,9;2068;126
2020-U17;00-02;840;2;1,1;1572;3
2020-U17;03-05;634;5;0,0;1162;10
2020-U17;06-11;724;8;0,0;2777;31
2020-U17;12-15;489;8;0,4;1338;23
2020-U17;16-19;711;17;0,7;1975;48
2020-U17;20-39;1383;27;0,9;20532;396
2020-U17;40-64;1778;26;2,9;34008;488
2020-U17;65-79;1115;17;6,8;9939;150
2020-U17;80+;1664;50;26,4;4598;138
2020-U18;00-02;960;9;0,5;1797;16
2020-U18;03-05;720;9;0,0;1321;16
2020-U18;06-11;1035;10;0,0;3971;39
2020-U18;12-15;656;12;0,4;1796;32
2020-U18;16-19;928;12;0,4;2578;33
2020-U18;20-39;1791;21;1,2;26601;314
2020-U18;40-64;2278;19;1,5;43569;368
2020-U18;65-79;1468;9;3,6;13087;84
2020-U18;80+;2008;28;15,2;5549;77
2020-U19;00-02;791;8;0,5;1482;15
2020-U19;03-05;534;3;0,0;980;5
2020-U19;06-11;686;7;0,0;2625;28
2020-U19;12-15;535;9;0,4;1462;25
2020-U19;16-19;885;8;0,4;2456;21
2020-U19;20-39;1568;14;0,5;23288;203
2020-U19;40-64;1882;14;1,2;35995;263
2020-U19;65-79;1352;7;2,8;12077;61
2020-U19;80+;2058;14;7,9;5705;38
2020-U20;00-02;900;5;0,0;1686;9
2020-U20;03-05;608;5;0,0;1116;9
2020-U20;06-11;713;4;0,0;2728;17
2020-U20;12-15;661;5;0,0;1808;13
2020-U20;16-19;944;9;0,0;2619;24
2020-U20;20-39;1558;10;0,3;23144;151
2020-U20;40-64;1810;8;1,3;34608;147
2020-U20;65-79;1418;4;1,5;12664;39
2020-U20;80+;2068;9;6,9;5734;24
2020-U21;00-02;889;5;0,0;1666;9
2020-U21;03-05;597;4;0,0;1097;8
2020-U21;06-11;531;4;0,0;2031;17
2020-U21;12-15;582;3;0,0;1591;8
2020-U21;16-19;1258;4;0,0;3489;12
2020-U21;20-39;1874;9;0,5;27844;136
2020-U21;40-64;1503;7;1,0;28737;139
2020-U21;65-79;1291;4;2,7;11528;34
2020-U21;80+;1696;8;4,0;4702;21
2020-U22;00-02;1018;3;1,1;1907;6
2020-U22;03-05;680;2;0,0;1248;4
2020-U22;06-11;594;3;0,0;2273;11
2020-U22;12-15;799;2;0,0;2185;5
2020-U22;16-19;1078;7;0,4;2992;20
2020-U22;20-39;1692;6;0,5;25131;96
2020-U22;40-64;1648;5;0,5;31522;95
2020-U22;65-79;1782;4;1,6;15922;40
2020-U22;80+;1875;8;5,0;5198;23
2020-U23;00-02;1094;3;0,5;2035;6
2020-U23;03-05;738;3;0,0;1349;5
2020-U23;06-11;541;3;0,0;2058;12
2020-U23;12-15;626;4;0,0;1708;10
2020-U23;16-19;1004;3;0,0;2765;8
2020-U23;20-39;1445;5;0,2;21254;80
2020-U23;40-64;1348;4;0,7;25711;85
2020-U23;65-79;1480;3;0,9;13204;30
2020-U23;80+;1698;4;3,2;4719;12
2020-U24;00-02;1879;2;0,0;3495;3
2020-U24;03-05;1510;3;0,0;2761;5
2020-U24;06-11;1102;5;0,3;4194;19
2020-U24;12-15;999;1;0,0;2724;4
2020-U24;16-19;1199;4;0,0;3303;12
2020-U24;20-39;2079;6;0,1;30575;86
2020-U24;40-64;1558;5;0,3;29698;87
2020-U24;65-79;1564;4;0,7;13956;38
2020-U24;80+;1768;6;1,8;4913;17
2020-U25;00-02;2205;1;0,0;4101;2
2020-U25;03-05;2004;2;0,0;3664;4
2020-U25;06-11;1624;4;0,0;6185;15
2020-U25;12-15;1333;5;0,0;3635;13
2020-U25;16-19;1480;6;0,0;4077;17
2020-U25;20-39;2437;7;0,5;35853;103
2020-U25;40-64;1836;7;0,5;35007;126
2020-U25;65-79;1637;4;1,5;14606;32
2020-U25;80+;2036;4;1,4;5659;10
2020-U26;00-02;2009;4;0,5;3736;8
2020-U26;03-05;1670;2;0,0;3054;4
2020-U26;06-11;1586;2;0,3;6039;9
2020-U26;12-15;1346;3;0,0;3672;7
2020-U26;16-19;1337;1;0,0;3682;4
2020-U26;20-39;2326;4;0,3;34207;55
2020-U26;40-64;1860;3;0,3;35463;49
2020-U26;65-79;1875;4;1,6;16728;40
2020-U26;80+;2449;6;2,2;6806;16
2020-U27;00-02;1422;1;0,0;2645;2
2020-U27;03-05;1005;1;0,0;1838;1
2020-U27;06-11;875;1;0,0;3333;5
2020-U27;12-15;934;1;0,0;2547;4
2020-U27;16-19;1575;2;0,0;4338;6
2020-U27;20-39;2138;3;0,0;31447;43
2020-U27;40-64;1757;2;0,2;33497;41
2020-U27;65-79;1797;1;0,4;16037;13
2020-U27;80+;2484;3;2,5;6903;8
2020-U28;00-02;1104;2;0,5;2046;3
2020-U28;03-05;740;0;0,0;1358;0
2020-U28;06-11;604;2;0,0;2296;6
2020-U28;12-15;873;2;0,0;2383;6
2020-U28;16-19;1630;5;0,0;4480;13
2020-U28;20-39;2113;5;0,2;31064;69
2020-U28;40-64;1698;3;0,3;32360;59
2020-U28;65-79;1722;1;0,6;15377;11
2020-U28;80+;2153;2;1,4;6007;5
2020-U29;00-02;1012;2;0,0;1875;3
2020-U29;03-05;650;1;0,0;1193;2
2020-U29;06-11;656;3;0,0;2493;12
2020-U29;12-15;1152;5;0,0;3146;14
2020-U29;16-19;1959;7;0,0;5383;20
2020-U29;20-39;2292;6;0,0;33695;84
2020-U29;40-64;1797;5;0,4;34242;98
2020-U29;65-79;1681;3;0,6;15014;23
2020-U29;80+;1976;4;1,8;5513;12
2020-U30;00-02;816;1;0,0;1513;2
2020-U30;03-05;528;3;0,0;969;5
2020-U30;06-11;564;2;0,0;2144;8
2020-U30;12-15;1349;5;0,0;3684;14
2020-U30;16-19;2129;6;0,0;5851;17
2020-U30;20-39;2386;5;0,1;35079;68
2020-U30;40-64;1959;5;0,5;37329;101
2020-U30;65-79;1743;2;0,8;15568;22
2020-U30;80+;1958;2;1,4;5463;6
2020-U31;00-02;874;2;0,0;1619;4
2020-U31;03-05;653;3;0,0;1199;5
2020-U31;06-11;706;2;0,0;2682;8
2020-U31;12-15;1620;7;0,0;4425;18
2020-U31;16-19;2536;8;0,0;6968;23
2020-U31;20-39;2816;14;0,4;41398;210
2020-U31;40-64;2516;10;0,6;47953;182
2020-U31;65-79;2160;3;0,3;19292;29
2020-U31;80+;2322;2;1,8;6477;6
2020-U32;00-02;1425;4;0,5;2648;7
2020-U32;03-05;1114;9;0,0;2046;16
2020-U32;06-11;1047;12;0,0;3974;47
2020-U32;12-15;2479;18;0,0;6770;50
2020-U32;16-19;3935;28;0,0;10806;76
2020-U32;20-39;3728;23;0,5;54783;339
2020-U32;40-64;3146;15;0,7;59961;292
2020-U32;65-79;2443;6;0,9;21863;52
2020-U32;80+;2380;3;1,1;6657;7
2020-U33;00-02;2136;6;0,0;3971;11
2020-U33;03-05;1935;8;0,0;3555;14
2020-U33;06-11;1962;14;0,0;7451;52
2020-U33;12-15;3062;21;0,0;8361;58
2020-U33;16-19;4559;39;0,0;12519;107
2020-U33;20-39;4907;24;0,1;72117;358
2020-U33;40-64;3882;13;0,7;74004;248
2020-U33;65-79;2964;4;0,8;26523;39
2020-U33;80+;2691;3;1,1;7527;9
2020-U34;00-02;2653;6;0,0;4932;11
2020-U34;03-05;2948;8;0,0;5416;15
2020-U34;06-11;4209;13;0,0;15983;49
2020-U34;12-15;5574;14;0,4;15220;39
2020-U34;16-19;6115;27;0,7;16793;73
2020-U34;20-39;5178;17;0,7;76102;256
2020-U34;40-64;4052;8;0,5;77246;146
2020-U34;65-79;2670;3;0,6;23897;23
2020-U34;80+;2416;3;1,8;6758;9
2020-U35;00-02;2702;3;0,5;5023;5
2020-U35;03-05;2893;3;0,0;5314;6
2020-U35;06-11;4628;5;0,3;17572;20
2020-U35;12-15;6016;12;0,0;16427;32
2020-U35;16-19;6277;19;0,0;17238;53
2020-U35;20-39;5080;17;0,1;74660;250
2020-U35;40-64;4045;10;0,5;77099;182
2020-U35;65-79;2606;5;1,0;23324;42
2020-U35;80+;2406;3;1,1;6732;8
2020-U36;00-02;2500;8;0,5;4652;14
2020-U36;03-05;2264;9;0,0;4163;17
2020-U36;06-11;4328;13;0,3;16393;50
2020-U36;12-15;6902;27;0,0;18897;75
2020-U36;16-19;6355;27;0,4;17434;73
2020-U36;20-39;5631;38;0,7;82713;559
2020-U36;40-64;4318;21;0,9;82290;397
2020-U36;65-79;2573;9;1,3;23029;84
2020-U36;80+;2371;6;0,7;6655;17
2020-U37;00-02;2843;17;0,0;5289;31
2020-U37;03-05;2793;14;0,0;5136;25
2020-U37;06-11;5157;36;0,3;19536;137
2020-U37;12-15;8727;62;0,0;23895;171
2020-U37;16-19;9150;57;1,5;25101;156
2020-U37;20-39;7074;49;0,7;103915;714
2020-U37;40-64;5880;40;1,5;112044;766
2020-U37;65-79;3274;21;2,7;29309;184
2020-U37;80+;2910;15;3,9;8168;43
2020-U38;00-02;2947;11;0,5;5483;21
2020-U38;03-05;2819;18;0,0;5183;33
2020-U38;06-11;4732;35;0,0;17924;131
2020-U38;12-15;8687;52;0,7;23784;142
2020-U38;16-19;10742;113;0,4;29470;309
2020-U38;20-39;7604;81;1,1;111700;1196
2020-U38;40-64;6262;55;2,0;119332;1054
2020-U38;65-79;3617;25;3,6;32377;225
2020-U38;80+;3279;25;8,2;9204;71
2020-U39;00-02;2814;18;0,5;5235;33
2020-U39;03-05;3085;30;0,0;5673;56
2020-U39;06-11;4538;57;0,0;17189;215
2020-U39;12-15;7408;74;0,7;20283;203
2020-U39;16-19;10366;139;0,4;28437;382
2020-U39;20-39;7727;88;1,3;113500;1299
2020-U39;40-64;6315;59;2,2;120345;1124
2020-U39;65-79;3621;26;4,6;32417;230
2020-U39;80+;3371;26;10,0;9461;74
2020-U40;00-02;2438;20;0,5;4536;38
2020-U40;03-05;2670;30;0,0;4910;56
2020-U40;06-11;3721;43;0,0;14095;162
2020-U40;12-15;6454;66;0,4;17672;180
2020-U40;16-19;8081;104;0,4;22169;284
2020-U40;20-39;6736;62;0,7;98956;911
2020-U40;40-64;5671;49;2,8;108063;926
2020-U40;65-79;3403;23;4,1;30461;202
2020-U40;80+;3218;15;8,6;9032;43
2020-U41;00-02;2255;15;0,5;4226;28
2020-U41;03-05;2842;16;0,0;5258;29
2020-U41;06-11;3946;34;0,3;14963;129
2020-U41;12-15;5954;72;0,4;16362;197
2020-U41;16-19;7386;85;0,4;20396;235
2020-U41;20-39;6380;57;1,1;94641;850
2020-U41;40-64;5645;49;2,1;107808;928
2020-U41;65-79;3148;24;2,8;28241;213
2020-U41;80+;2985;25;7,8;8414;70
2020-U42;00-02;1873;19;0,0;3510;35
2020-U42;03-05;2004;22;0,0;3709;41
2020-U42;06-11;2578;37;0,0;9775;142
2020-U42;12-15;3763;62;0,0;10341;170
2020-U42;16-19;5604;95;0,4;15475;262
2020-U42;20-39;5395;74;1,1;80029;1095
2020-U42;40-64;4489;54;2,5;85736;1039
2020-U42;65-79;2774;32;4,9;24882;287
2020-U42;80+;2953;27;11,0;8324;77
2020-U43;00-02;2365;40;1,1;4432;75
2020-U43;03-05;2809;43;0,0;5198;80
2020-U43;06-11;3748;78;0,3;14212;295
2020-U43;12-15;5900;111;0,0;16215;304
2020-U43;16-19;9269;226;0,7;25595;625
2020-U43;20-39;7335;137;1,6;108809;2035
2020-U43;40-64;6467;98;2,6;123505;1878
2020-U43;65-79;3686;44;5,4;33061;394
2020-U43;80+;3516;33;11,7;9910;92
2020-U44;00-02;3599;45;0,5;6746;85
2020-U44;03-05;5020;59;0,0;9289;109
2020-U44;06-11;7490;125;0,5;28400;474
2020-U44;12-15;11455;211;1,1;31481;581
2020-U44;16-19;12599;244;1,1;34790;673
2020-U44;20-39;9157;168;2,0;135836;2491
2020-U44;40-64;8061;129;4,9;153945;2463
2020-U44;65-79;4305;54;7,5;38616;488
2020-U44;80+;4130;41;14,5;11641;116
2020-U45;00-02;4101;64;1,6;7634;120
2020-U45;03-05;5565;87;0,0;10272;161
2020-U45;06-11;8432;132;0,3;31816;497
2020-U45;12-15;12576;209;0,7;34518;573
2020-U45;16-19;11319;196;1,1;31162;540
2020-U45;20-39;9308;160;2,8;137180;2363
2020-U45;40-64;8941;130;5,1;170412;2472
2020-U45;65-79;4761;56;10,1;42693;500
2020-U45;80+;4441;41;13,1;12550;115
2020-U46;00-02;3770;58;0,5;7017;108
2020-U46;03-05;5620;64;0,0;10373;118
2020-U46;06-11;9337;136;0,0;35231;512
2020-U46;12-15;12602;180;0,7;34590;493
2020-U46;16-19;10968;224;1,5;30196;618
2020-U46;20-39;9529;163;2,1;140428;2403
2020-U46;40-64;9463;133;5,4;180361;2535
2020-U46;65-79;5888;55;9,4;52801;493
2020-U46;80+;5456;50;18,0;15416;140
2020-U47;00-02;3807;53;2,7;7086;99
2020-U47;03-05;5789;72;0,0;10685;133
2020-U47;06-11;9664;146;0,3;36467;551
2020-U47;12-15;13303;246;0,0;36515;674
2020-U47;16-19;12174;250;0,4;33514;687
2020-U47;20-39;9494;180;2,4;139918;2652
2020-U47;40-64;9526;146;4,9;181564;2783
2020-U47;65-79;5667;64;9,6;50814;576
2020-U47;80+;5729;76;30,8;16189;215
2020-U48;00-02;3443;46;4,3;6409;86
2020-U48;03-05;5928;75;0,0;10941;139
2020-U48;06-11;9797;149;0,0;36969;561
2020-U48;12-15;12951;236;0,0;35548;648
2020-U48;16-19;12869;304;0,4;35428;838
2020-U48;20-39;9565;188;1,6;140957;2773
2020-U48;40-64;9407;151;5,1;179305;2869
2020-U48;65-79;5423;67;8,0;48630;602
2020-U48;80+;5713;74;25,5;16143;209
2020-U49;00-02;1882;31;0,8;6968;114
2020-U49;03-05;2882;54;0,0;10634;200
2020-U49;06-11;5154;106;0,3;38714;799
2020-U49;12-15;7360;187;0,0;40306;1024
2020-U49;16-19;8076;243;0,9;44290;1333
2020-U49;20-39;5441;140;1,4;160093;4132
2020-U49;40-64;5068;109;2,9;192545;4127
2020-U49;65-79;2553;43;7,2;45693;765
2020-U49;80+;2657;44;17,9;15025;250
2020-U50;00-02;2565;68;1,1;9497;252
2020-U50;03-05;3851;80;0,5;14211;295
2020-U50;06-11;6534;177;0,4;49075;1331
2020-U50;12-15;8339;278;0,7;45666;1521
2020-U50;16-19;9843;333;1,8;53980;1829
2020-U50;20-39;7692;262;2,4;226335;7715
2020-U50;40-64;6321;188;5,3;240150;7147
2020-U50;65-79;2868;76;9,8;51346;1360
2020-U50;80+;2716;81;23,7;15357;457
2020-U51;00-02;3565;93;4,1;13199;344
2020-U51;03-05;6050;126;1,1;22326;466
2020-U51;06-11;8009;222;0,7;60157;1665
2020-U51;12-15;7926;241;0,9;43402;1319
2020-U51;16-19;9913;362;2,0;54366;1986
2020-U51;20-39;10320;272;3,6;303632;8005
2020-U51;40-64;8235;216;8,3;312855;8196
2020-U51;65-79;4060;112;16,8;72669;1998
2020-U51;80+;3489;117;39,8;19731;661
2020-U52;00-02;2578;86;3,2;9545;319
2020-U52;03-05;4659;113;0,0;17192;418
2020-U52;06-11;5411;166;0,5;40643;1246
2020-U52;12-15;5182;143;0,4;28380;781
2020-U52;16-19;7189;193;1,5;39427;1060
2020-U52;20-39;7106;175;3,5;209089;5162
2020-U52;40-64;6561;154;8,6;249259;5857
2020-U52;65-79;3052;82;19,0;54636;1465
2020-U52;80+;2964;121;45,8;16764;686
2020-U53;00-02;1204;53;1,4;4456;196
2020-U53;03-05;2197;81;0,0;8106;298
2020-U53;06-11;2654;103;0,1;19932;771
2020-U53;12-15;3592;116;0,0;19669;636
2020-U53;16-19;6915;155;2,2;37926;850
2020-U53;20-39;6439;153;3,0;189452;4489
2020-U53;40-64;5244;128;7,2;199220;4870
2020-U53;65-79;2817;85;18,0;50428;1518
2020-U53;80+;3150;149;52,3;17812;842
2021-U01;00-02;2318;108;6,0;4281;200
2021-U01;03-05;3966;126;0,5;7311;232
2021-U01;06-11;4006;151;0,5;14973;566
2021-U01;12-15;6350;168;0,7;17350;458
2021-U01;16-19;13635;273;1,8;37295;746
2021-U01;20-39;12562;239;5,2;184507;3504
2021-U01;40-64;12236;202;12,7;231806;3830
2021-U01;65-79;6487;117;28,2;57955;1042
2021-U01;80+;6910;244;100,6;19511;690
2021-U02;00-02;2646;74;5,4;4887;137
2021-U02;03-05;4683;98;0,0;8633;181
2021-U02;06-11;3945;90;0,3;14744;338
2021-U02;12-15;5484;92;0,4;14982;250
2021-U02;16-19;9541;131;1,5;26098;359
2021-U02;20-39;11738;136;3,1;172405;2004
2021-U02;40-64;14981;134;10,2;283814;2543
2021-U02;65-79;6914;73;25,0;61772;652
2021-U02;80+;7002;186;69,4;19771;524
2021-U03;00-02;2873;56;2,2;5306;103
2021-U03;03-05;5049;80;0,5;9307;148
2021-U03;06-11;4370;69;0,0;16334;259
2021-U03;12-15;6096;74;0,4;16655;203
2021-U03;16-19;10612;82;1,5;29028;225
2021-U03;20-39;14851;110;3,3;218132;1609
2021-U03;40-64;19646;101;8,5;372180;1908
2021-U03;65-79;7631;57;19,6;68173;508
2021-U03;80+;6747;119;69,4;19052;335
2021-U04;00-02;2679;50;1,6;4948;93
2021-U04;03-05;4622;67;0,0;8520;123
2021-U04;06-11;4287;52;0,0;16023;193
2021-U04;12-15;6332;60;0,0;17299;163
2021-U04;16-19;11274;63;1,5;30839;171
2021-U04;20-39;15586;72;2,7;228930;1053
2021-U04;40-64;20771;66;5,2;393487;1251
2021-U04;65-79;7608;39;11,4;67975;344
2021-U04;80+;6185;72;36,5;17465;204
2021-U05;00-02;2297;40;2,2;4236;73
2021-U05;03-05;4178;42;0,5;7714;78
2021-U05;06-11;5735;47;0,5;21396;176
2021-U05;12-15;6592;48;0,0;18006;131
2021-U05;16-19;11943;54;0,7;32633;147
2021-U05;20-39;16131;67;1,6;236888;987
2021-U05;40-64;21632;55;3,3;409653;1049
2021-U05;65-79;7307;35;10,0;65344;309
2021-U05;80+;5520;50;20,2;15586;141
2021-U06;00-02;2281;24;2,7;4207;44
2021-U06;03-05;4557;41;0,0;8414;76
2021-U06;06-11;6810;60;0,3;25405;224
2021-U06;12-15;8538;49;0,7;23321;135
2021-U06;16-19;13451;53;0,7;36755;145
2021-U06;20-39;16242;58;2,0;238510;856
2021-U06;40-64;21688;49;3,6;410707;935
2021-U06;65-79;7311;25;7,5;65378;224
2021-U06;80+;4928;26;13,8;13914;73
2021-U07;00-02;2479;47;1,1;4572;87
2021-U07;03-05;5212;80;1,6;9622;148
2021-U07;06-11;8157;81;0,3;30430;303
2021-U07;12-15;9047;56;0,4;24711;152
2021-U07;16-19;14221;77;0,4;38858;210
2021-U07;20-39;16480;75;1,6;242005;1100
2021-U07;40-64;21859;57;3,5;413954;1075
2021-U07;65-79;8366;25;4,9;74817;227
2021-U07;80+;4906;22;15,2;13853;61
2021-U08;00-02;2956;53;1,6;5451;97
2021-U08;03-05;6038;69;0,5;11148;127
2021-U08;06-11;9916;89;0,3;36995;331
2021-U08;12-15;12377;70;0,4;33808;190
2021-U08;16-19;18526;83;1,1;50621;226
2021-U08;20-39;18509;83;2,2;271799;1224
2021-U08;40-64;24512;61;4,3;464199;1155
2021-U08;65-79;10344;28;5,3;92502;253
2021-U08;80+;5503;31;11,7;15540;88
2021-U09;00-02;3219;46;0,0;5939;84
2021-U09;03-05;7050;70;0,0;13042;129
2021-U09;06-11;12433;106;0,8;46292;393
2021-U09;12-15;13229;70;0,4;36115;190
2021-U09;16-19;18477;88;1,5;50440;240
2021-U09;20-39;20146;79;2,3;295850;1156
2021-U09;40-64;26524;60;4,4;502125;1143
2021-U09;65-79;10996;25;6,6;98411;223
2021-U09;80+;5491;24;11,7;15513;68
2021-U10;00-02;3331;43;0,5;6146;79
2021-U10;03-05;7394;79;0,5;13678;147
2021-U10;06-11;14718;110;0,0;54799;411
2021-U10;12-15;20448;77;0,4;55825;210
2021-U10;16-19;26577;99;0,7;72552;269
2021-U10;20-39;19958;86;2,1;293076;1256
2021-U10;40-64;25984;64;4,5;491899;1209
2021-U10;65-79;10068;21;6,3;90109;187
2021-U10;80+;4874;19;9,2;13769;53
2021-U11;00-02;3491;48;1,1;6441;88
2021-U11;03-05;7699;84;0,0;14242;156
2021-U11;06-11;18020;141;0,3;67094;524
2021-U11;12-15;30210;99;0,4;82475;269
2021-U11;16-19;29526;121;1,1;80602;331
2021-U11;20-39;20238;99;1,6;297190;1459
2021-U11;40-64;26762;74;4,9;506639;1401
2021-U11;65-79;10334;27;5,6;92483;246
2021-U11;80+;4775;17;9,9;13489;48
2021-U12;00-02;3562;55;2,2;6572;102
2021-U12;03-05;8479;69;0,0;15685;127
2021-U12;06-11;18402;138;0,0;68517;514
2021-U12;12-15;23329;100;0,0;63690;274
2021-U12;16-19;21730;130;1,1;59320;354
2021-U12;20-39;21363;116;3,3;313711;1708
2021-U12;40-64;26971;85;6,1;510582;1608
2021-U12;65-79;11098;31;7,4;99322;281
2021-U12;80+;4577;21;5,0;12930;60
2021-U13;00-02;2942;40;1,1;5427;73
2021-U13;03-05;8187;74;1,1;15145;136
2021-U13;06-11;17028;101;0,5;63401;375
2021-U13;12-15;23450;87;0,4;64020;238
2021-U13;16-19;25168;134;0,4;68705;365
2021-U13;20-39;20962;100;3,1;307827;1467
2021-U13;40-64;25157;74;5,9;476243;1409
2021-U13;65-79;12396;30;7,8;110944;267
2021-U13;80+;4545;20;9,9;12840;57
2021-U14;00-02;2018;38;0,5;3726;70
2021-U14;03-05;4876;58;0,0;9035;107
2021-U14;06-11;13818;83;0,3;51377;310
2021-U14;12-15;24771;101;0,0;67592;275
2021-U14;16-19;22076;174;1,8;60232;475
2021-U14;20-39;22152;106;3,3;325457;1558
2021-U14;40-64;29940;73;5,1;566524;1377
2021-U14;65-79;15229;30;5,8;136504;267
2021-U14;80+;5373;18;5,6;15231;51
2021-U15;00-02;3366;50;3,8;6216;92
2021-U15;03-05;7107;85;0,0;13169;157
2021-U15;06-11;14101;125;0,5;52429;466
2021-U15;12-15;20138;111;0,0;54950;302
2021-U15;16-19;19588;180;0,7;53444;492
2021-U15;20-39;24421;117;3,3;358806;1716
2021-U15;40-64;30111;80;5,1;569762;1518
2021-U15;65-79;12931;24;6,2;115905;219
2021-U15;80+;4736;13;4,9;13425;37
2021-U16;00-02;3878;35;2,2;7161;64
2021-U16;03-05;7874;80;0,0;14590;149
2021-U16;06-11;14727;128;0,0;54759;477
2021-U16;12-15;19812;130;0,0;54060;354
2021-U16;16-19;18354;138;1,5;50077;376
2021-U16;20-39;25834;106;3,5;379566;1552
2021-U16;40-64;31036;82;4,9;587261;1550
2021-U16;65-79;12538;24;4,9;112385;217
2021-U16;80+;4067;14;6,0;11531;39
2021-U17;00-02;3466;44;1,1;6400;81
2021-U17;03-05;7438;68;0,0;13782;126
2021-U17;06-11;14574;114;0,0;54187;424
2021-U17;12-15;19246;118;0,4;52515;322
2021-U17;16-19;17935;177;1,5;48934;483
2021-U17;20-39;24511;135;3,3;360126;1987
2021-U17;40-64;29477;92;5,5;557769;1742
2021-U17;65-79;10967;27;4,8;98297;244
2021-U17;80+;3457;7;3,5;9799;21
2021-U18;00-02;3909;54;0,5;7223;100
2021-U18;03-05;7715;72;0,0;14326;133
2021-U18;06-11;14693;118;0,3;54496;436
2021-U18;12-15;20119;136;0,0;54906;370
2021-U18;16-19;18671;298;0,4;50896;813
2021-U18;20-39;26220;161;3,2;385442;2365
2021-U18;40-64;32668;104;6,0;617900;1969
2021-U18;65-79;12446;30;3,9;111707;273
2021-U18;80+;3581;9;2,8;10200;27
2021-U19;00-02;3830;61;2,2;7078;112
2021-U19;03-05;8821;82;0,5;16378;152
2021-U19;06-11;16100;150;0,3;59714;558
2021-U19;12-15;21871;171;0,4;59686;468
2021-U19;16-19;22684;364;3,3;61835;992
2021-U19;20-39;25245;183;3,7;371109;2691
2021-U19;40-64;31526;105;6,3;596300;1994
2021-U19;65-79;11231;26;6,0;100805;230
2021-U19;80+;2781;9;2,8;7923;27
2021-U20;00-02;3244;54;4,3;5995;99
2021-U20;03-05;6991;72;0,0;12981;133
2021-U20;06-11;13033;101;0,5;48339;373
2021-U20;12-15;18106;150;0,4;49412;409
2021-U20;16-19;21618;357;0,7;58928;973
2021-U20;20-39;24861;186;3,5;365460;2732
2021-U20;40-64;30252;103;6,3;572208;1950
2021-U20;65-79;9258;22;1,9;83092;196
2021-U20;80+;2413;3;0,7;6875;9
2021-U21;00-02;3116;42;2,2;5759;78
2021-U21;03-05;6733;74;0,5;12501;137
2021-U21;06-11;12674;100;0,5;47006;371
2021-U21;12-15;18592;154;0,4;50739;420
2021-U21;16-19;18871;315;1,8;51442;859
2021-U21;20-39;22052;190;3,3;324164;2791
2021-U21;40-64;26173;102;5,8;495057;1934
2021-U21;65-79;5110;12;2,5;45869;106
2021-U21;80+;1910;7;2,1;5442;21
2021-U22;00-02;1496;22;1,1;5527;80
2021-U22;03-05;3435;23;0,3;12792;87
2021-U22;06-11;5814;55;0,0;43031;409
2021-U22;12-15;8483;75;0,4;46276;407
2021-U22;16-19;9290;154;0,6;50641;839
2021-U22;20-39;10282;80;1,6;302467;2339
2021-U22;40-64;11368;37;2,3;429978;1412
2021-U22;65-79;2115;5;0,8;38008;81
2021-U22;80+;938;4;1,6;5370;21
2021-U23;00-02;1070;11;1,1;3953;42
2021-U23;03-05;2420;12;0,0;9014;46
2021-U23;06-11;4394;25;0,1;32523;183
2021-U23;12-15;6812;34;0,7;37160;184
2021-U23;16-19;6870;58;0,7;37447;317
2021-U23;20-39;8723;44;1,0;256582;1288
2021-U23;40-64;8731;19;2,0;330232;711
2021-U23;65-79;1510;3;0,4;27142;45
2021-U23;80+;727;2;0,7;4159;12
2021-U24;00-02;769;8;0,3;2842;28
2021-U24;03-05;1860;9;0,0;6929;35
2021-U24;06-11;3439;16;0,1;25453;115
2021-U24;12-15;5464;18;0,2;29808;97
2021-U24;16-19;5332;33;0,6;29066;182
2021-U24;20-39;7562;26;0,9;222443;762
2021-U24;40-64;6570;11;1,0;248482;398
2021-U24;65-79;1129;1;0,4;20295;26
2021-U24;80+;581;2;1,2;3327;13
2021-U25;00-02;765;4;0,3;2828;15
2021-U25;03-05;1903;7;0,0;7088;25
2021-U25;06-11;3734;9;0,0;27635;70
2021-U25;12-15;5439;13;0,2;29671;69
2021-U25;16-19;4399;19;0,0;23979;103
2021-U25;20-39;7440;24;0,6;218862;716
2021-U25;40-64;5542;7;0,5;209599;282
2021-U25;65-79;1060;1;0,4;19047;18
2021-U25;80+;514;1;0,2;2940;4
2021-U26;00-02;1155;9;0,8;4268;34
2021-U26;03-05;3148;9;0,0;11723;32
2021-U26;06-11;4817;10;0,0;35653;74
2021-U26;12-15;7129;20;0,2;38890;109
2021-U26;16-19;7179;79;0,6;39130;433
2021-U26;20-39;8814;53;0,6;259271;1548
2021-U26;40-64;5829;11;0,2;220454;423
2021-U26;65-79;1134;2;0,1;20383;30
2021-U26;80+;588;1;0,5;3366;4
2021-U27;00-02;2297;21;1,1;4245;39
2021-U27;03-05;6099;31;0,0;11379;58
2021-U27;06-11;9639;37;0,3;35625;137
2021-U27;12-15;14859;80;0,4;40527;217
2021-U27;16-19;17464;225;0,7;47540;612
2021-U27;20-39;18479;191;2,2;271967;2812
2021-U27;40-64;11338;37;0,8;214406;699
2021-U27;65-79;2419;6;0,9;21756;58
2021-U27;80+;1317;4;1,0;3783;11
2021-U28;00-02;2072;38;2,7;3829;71
2021-U28;03-05;5550;56;1,1;10355;104
2021-U28;06-11;9018;57;0,3;33328;212
2021-U28;12-15;14289;110;0,0;38973;299
2021-U28;16-19;16556;324;0,4;45070;881
2021-U28;20-39;17822;294;3,6;262308;4332
2021-U28;40-64;10067;46;1,3;190372;874
2021-U28;65-79;2266;8;1,1;20381;71
2021-U28;80+;1477;8;1,4;4241;22
2021-U29;00-02;1410;37;1,1;2605;68
2021-U29;03-05;3776;55;0,0;7045;103
2021-U29;06-11;7199;78;0,0;26608;287
2021-U29;12-15;12084;130;0,4;32958;354
2021-U29;16-19;12675;233;1,5;34503;635
2021-U29;20-39;14494;205;3,4;213318;3019
2021-U29;40-64;8133;38;1,3;153791;711
2021-U29;65-79;2112;10;0,8;18997;89
2021-U29;80+;1430;12;3,8;4107;34
2021-U30;00-02;1170;41;2,2;2162;76
2021-U30;03-05;3289;80;0,0;6137;150
2021-U30;06-11;6157;113;0,5;22754;416
2021-U30;12-15;10111;152;0,4;27576;415
2021-U30;16-19;10671;263;0,4;29050;715
2021-U30;20-39;12559;232;3,3;184838;3409
2021-U30;40-64;7510;52;2,3;142009;983
2021-U30;65-79;2229;12;1,2;20043;110
2021-U30;80+;1549;9;2,1;4449;26
2021-U31;00-02;673;28;1,4;2488;103
2021-U31;03-05;1905;45;0,0;7122;167
2021-U31;06-11;3468;79;0,1;25600;585
2021-U31;12-15;5512;102;0,4;30056;555
2021-U31;16-19;4546;113;0,6;24732;616
2021-U31;20-39;5456;103;1,4;160712;3029
2021-U31;40-64;3711;31;1,2;140352;1157
2021-U31;65-79;1130;8;0,7;20351;145
2021-U31;80+;802;6;2,3;4625;36
2021-U32;00-02;1137;41;2,4;4205;153
2021-U32;03-05;2758;71;0,8;10312;265
2021-U32;06-11;3776;111;0,1;27869;817
2021-U32;12-15;4897;125;0,9;26704;682
2021-U32;16-19;3746;101;0,9;20379;548
2021-U32;20-39;5158;100;2,4;151930;2933
2021-U32;40-64;3631;34;1,7;137321;1288
2021-U32;65-79;1233;10;0,9;22210;172
2021-U32;80+;899;10;2,4;5181;56
2021-U33;00-02;1549;46;2,7;5727;170
2021-U33;03-05;4181;79;0,5;15633;296
2021-U33;06-11;6469;171;0,3;47749;1265
2021-U33;12-15;7118;144;0,4;38819;783
2021-U33;16-19;4840;82;1,3;26328;445
2021-U33;20-39;5111;80;2,5;150556;2349
2021-U33;40-64;4144;34;2,1;156739;1293
2021-U33;65-79;1338;13;1,8;24088;230
2021-U33;80+;887;12;2,4;5117;67
2021-U34;00-02;1819;38;1,4;6727;142
2021-U34;03-05;4662;68;0,0;17434;255
2021-U34;06-11;7683;177;0,3;56711;1305
2021-U34;12-15;7686;122;0,7;41916;667
2021-U34;16-19;4872;63;1,1;26505;342
2021-U34;20-39;4969;62;2,2;146376;1825
2021-U34;40-64;4583;37;1,5;173329;1395
2021-U34;65-79;1548;14;2,2;27874;259
2021-U34;80+;1022;13;4,0;5895;74
2021-U35;00-02;1425;18;0,8;5269;68
2021-U35;03-05;3257;44;0,3;12178;166
2021-U35;06-11;5031;116;0,1;37136;855
2021-U35;12-15;5464;80;0,7;29799;437
2021-U35;16-19;3564;39;0,6;19386;213
2021-U35;20-39;4056;46;2,0;119483;1351
2021-U35;40-64;3728;29;1,6;140977;1093
2021-U35;65-79;1425;12;1,5;25652;209
2021-U35;80+;1091;14;5,0;6292;83
2021-U36;00-02;2123;33;1,6;3931;61
2021-U36;03-05;4713;65;1,1;8821;121
2021-U36;06-11;6673;163;0,3;24599;602
2021-U36;12-15;6949;85;0,4;18962;231
2021-U36;16-19;5893;58;0,0;16038;158
2021-U36;20-39;6791;71;2,9;100080;1048
2021-U36;40-64;6353;40;3,0;120135;755
2021-U36;65-79;2722;20;3,1;24532;184
2021-U36;80+;2261;24;7,6;6541;70
2021-U37;00-02;1467;17;1,1;2715;31
2021-U37;03-05;3509;33;0,0;6568;61
2021-U37;06-11;5274;122;0,5;19443;450
2021-U37;12-15;4949;61;0,0;13506;166
2021-U37;16-19;4455;29;0,0;12125;79
2021-U37;20-39;5382;46;1,4;79307;682
2021-U37;40-64;5319;27;1,6;100577;519
2021-U37;65-79;2454;15;1,9;22116;138
2021-U37;80+;1829;18;6,6;5293;51
2021-U38;00-02;1384;17;0,5;2563;32
2021-U38;03-05;3545;40;0,5;6636;75
2021-U38;06-11;5472;140;0,3;20170;516
2021-U38;12-15;4316;71;0,0;11778;195
2021-U38;16-19;3696;36;0,4;10058;99
2021-U38;20-39;4640;47;1,0;68372;688
2021-U38;40-64;4983;32;1,1;94217;612
2021-U38;65-79;2354;22;3,0;21217;199
2021-U38;80+;1819;27;9,3;5262;79
2021-U39;00-02;1198;23;0,5;2217;43
2021-U39;03-05;3182;43;0,0;5955;81
2021-U39;06-11;6130;181;0,0;22597;667
2021-U39;12-15;4562;71;0,4;12449;193
2021-U39;16-19;3812;42;0,4;10373;113
2021-U39;20-39;4448;57;1,4;65548;835
2021-U39;40-64;5069;43;1,2;95844;814
2021-U39;65-79;2512;24;2,9;22642;212
2021-U39;80+;1926;19;4,5;5572;56
2021-U40;00-02;1260;32;1,1;2339;60
2021-U40;03-05;3756;69;0,0;7029;130
2021-U40;06-11;7601;241;0,0;27999;889
2021-U40;12-15;5453;93;0,7;14881;254
2021-U40;16-19;4337;57;1,5;11859;156
2021-U40;20-39;4781;74;2,1;70657;1098
2021-U40;40-64;5489;57;1,5;103776;1072
2021-U40;65-79;2545;34;2,2;22955;303
2021-U40;80+;1919;29;8,6;5565;85
2021-U41;00-02;1328;27;1,1;2465;50
2021-U41;03-05;4387;72;0,0;8210;135
2021-U41;06-11;11527;269;0,3;42460;990
2021-U41;12-15;10357;99;0,0;28262;271
2021-U41;16-19;7317;69;0,7;20006;188
2021-U41;20-39;6444;94;2,2;95232;1382
2021-U41;40-64;7344;78;2,6;138843;1470
2021-U41;65-79;3068;50;5,4;27666;447
2021-U41;80+;2248;35;10,0;6516;102
2021-U42;00-02;1538;51;2,2;2854;94
2021-U42;03-05;4865;139;0,5;9105;261
2021-U42;06-11;9816;311;0,8;36157;1146
2021-U42;12-15;9025;166;0,4;24628;453
2021-U42;16-19;7126;113;1,5;19485;310
2021-U42;20-39;7721;170;3,4;114109;2512
2021-U42;40-64;9981;145;3,2;188706;2748
2021-U42;65-79;6550;108;6,8;59067;970
2021-U42;80+;4342;77;22,4;12588;224
2021-U43;00-02;2074;86;2,2;3849;160
2021-U43;03-05;7291;190;0,5;13646;356
2021-U43;06-11;12496;450;0,5;46030;1656
2021-U43;12-15;11727;229;1,1;32001;626
2021-U43;16-19;9890;206;1,5;27042;562
2021-U43;20-39;10912;232;3,9;161271;3425
2021-U43;40-64;13508;194;4,4;255379;3670
2021-U43;65-79;8201;136;10,2;73957;1230
2021-U43;80+;5411;91;19,0;15688;264
2021-U44;00-02;3449;104;6,0;6326;190
2021-U44;03-05;13731;280;0,5;25699;524
2021-U44;06-11;23963;947;2,2;88228;3486
2021-U44;12-15;17732;310;1,1;48332;846
2021-U44;16-19;12649;221;0,4;34660;605
2021-U44;20-39;13790;279;5,3;204290;4129
2021-U44;40-64;17148;242;5,7;324172;4569
2021-U44;65-79;9163;153;10,6;82744;1383
2021-U44;80+;5908;107;24,7;17251;311
2021-U45;00-02;4654;159;4,9;8538;291
2021-U45;03-05;17943;389;0,0;33583;729
2021-U45;06-11;30919;1339;1,6;113838;4929
2021-U45;12-15;22934;468;1,1;62512;1277
2021-U45;16-19;15671;304;1,8;42940;834
2021-U45;20-39;17850;402;4,6;264434;5956
2021-U45;40-64;22247;350;6,3;420570;6618
2021-U45;65-79;11488;203;16,4;103743;1830
2021-U45;80+;6671;130;33,6;19480;381
2021-U46;00-02;5615;200;10,9;10301;366
2021-U46;03-05;20924;528;1,6;39162;989
2021-U46;06-11;34986;1572;4,1;128811;5789
2021-U46;12-15;26072;559;0,7;71067;1524
2021-U46;16-19;16116;412;0,7;44160;1129
2021-U46;20-39;19545;496;6,1;289544;7350
2021-U46;40-64;24023;442;8,0;454145;8357
2021-U46;65-79;10906;253;16,5;98487;2285
2021-U46;80+;6287;155;43,8;18359;454
2021-U47;00-02;5913;205;8,7;10846;376
2021-U47;03-05;22385;560;2,1;41898;1049
2021-U47;06-11;36097;1683;2,4;132902;6198
2021-U47;12-15;25651;542;1,1;69919;1478
2021-U47;16-19;17206;411;1,5;47144;1127
2021-U47;20-39;20814;490;7,8;308333;7255
2021-U47;40-64;26228;463;8,3;495825;8758
2021-U47;65-79;11512;275;17,4;103954;2487
2021-U47;80+;6563;141;34,2;19163;411
2021-U48;00-02;6222;287;10,4;11414;526
2021-U48;03-05;23055;643;2,7;43152;1204
2021-U48;06-11;36015;1970;2,7;132600;7252
2021-U48;12-15;25662;606;2,6;69949;1651
2021-U48;16-19;17881;559;3,3;48994;1533
2021-U48;20-39;22631;604;7,8;335250;8944
2021-U48;40-64;27086;560;9,4;512060;10579
2021-U48;65-79;11397;282;19,5;102915;2542
2021-U48;80+;6757;126;34,6;19731;368
2021-U49;00-02;8188;378;11,3;15219;703
2021-U49;03-05;28930;978;2,7;54139;1831
2021-U49;06-11;39583;2592;5,4;145733;9544
2021-U49;12-15;29694;877;0,7;80848;2389
2021-U49;16-19;21772;882;2,2;59743;2420
2021-U49;20-39;25676;917;9,4;381536;13631
2021-U49;40-64;28742;782;11,0;543208;14785
2021-U49;65-79;11230;302;19,4;101405;2730
2021-U49;80+;7421;143;37,7;21638;417
2021-U50;00-02;10340;521;18,3;19218;968
2021-U50;03-05;33845;1251;1,6;63336;2341
2021-U50;06-11;39243;2779;6,2;144479;10230
2021-U50;12-15;31936;1400;6,2;86953;3811
2021-U50;16-19;28178;2010;6,9;77323;5515
2021-U50;20-39;29883;1738;12,4;444059;25824
2021-U50;40-64;29548;1245;12,9;558446;23536
2021-U50;65-79;11632;338;19,4;105036;3051
2021-U50;80+;8291;182;37,4;24176;530
2021-U51;00-02;8632;568;21,5;16044;1055
2021-U51;03-05;24594;1199;2,7;46024;2244
2021-U51;06-11;22093;1552;3,3;81341;5715
2021-U51;12-15;22848;1428;2,9;62208;3889
2021-U51;16-19;25129;2454;6,2;68955;6734
2021-U51;20-39;25860;1977;13,3;384278;29383
2021-U51;40-64;25161;1430;14,7;475533;27027
2021-U51;65-79;11754;357;20,6;106137;3225
2021-U51;80+;9267;216;40,8;27021;631
2021-U52;00-02;5742;952;42,5;10672;1770
2021-U52;03-05;15396;1852;4,8;28811;3465
2021-U52;06-11;15674;2257;4,6;57708;8310
2021-U52;12-15;18524;2423;3,7;50435;6597
2021-U52;16-19;21805;3452;6,9;59835;9472
2021-U52;20-39;22733;3199;21,3;337806;47538
2021-U52;40-64;23153;2085;17,9;437576;39410
2021-U52;65-79;11909;870;24,1;107541;7859
2021-U52;80+;11099;668;59,3;32365;1949
2022-U01;00-02;6847;1393;38,6;12761;2597
2022-U01;03-05;19210;2728;6,4;35930;5102
2022-U01;06-11;19610;2636;6,0;72144;9696
2022-U01;12-15;25196;3307;8,4;68609;9006
2022-U01;16-19;34790;6152;13,5;95491;16887
2022-U01;20-39;25849;3578;21,2;384695;53251
2022-U01;40-64;26305;1792;16,6;497043;33866
2022-U01;65-79;10550;537;24,2;95312;4853
2022-U01;80+;11157;481;58,6;32554;1403
2022-U02;00-02;12240;2641;57,4;22813;4922
2022-U02;03-05;33238;6259;20,9;62168;11706
2022-U02;06-11;29004;6773;10,9;106705;24918
2022-U02;12-15;31140;6749;10,3;84795;18378
2022-U02;16-19;28715;6288;17,1;78817;17259
2022-U02;20-39;24975;3765;26,8;371694;56033
2022-U02;40-64;27080;2323;17,9;511689;43892
2022-U02;65-79;9846;552;23,2;88957;4984
2022-U02;80+;10368;433;57,9;30254;1262
2022-U03;00-02;14576;3541;84,2;27168;6599
2022-U03;03-05;37347;8556;30,5;69854;16004
2022-U03;06-11;37861;11029;16,6;139289;40575
2022-U03;12-15;40988;11891;17,6;111613;32380
2022-U03;16-19;31774;9086;23,3;87212;24938
2022-U03;20-39;27238;5373;33,9;405366;79967
2022-U03;40-64;31208;3953;18,6;589700;74686
2022-U03;65-79;10826;917;25,2;97810;8285
2022-U03;80+;11141;564;68,9;32507;1647
2022-U04;00-02;11463;3272;80,5;21365;6099
2022-U04;03-05;27692;7680;28,9;51795;14364
2022-U04;06-11;29893;10538;18,8;109973;38767
2022-U04;12-15;32763;12178;23,1;89216;33162
2022-U04;16-19;23610;7863;21,5;64804;21582
2022-U04;20-39;23359;5561;36,6;347649;82760
2022-U04;40-64;27044;4586;26,8;511011;86656
2022-U04;65-79;10356;1356;30,1;93565;12251
2022-U04;80+;11216;882;86,7;32726;2574
2022-U05;00-02;9637;3331;97,6;17965;6210
2022-U05;03-05;22085;7386;24,6;41343;13827
2022-U05;06-11;21907;8748;18,8;80395;32105
2022-U05;12-15;22888;10359;23,1;62392;28239
2022-U05;16-19;16115;6673;28,1;44179;18293
2022-U05;20-39;19715;5666;39,3;293422;84326
2022-U05;40-64;23128;4859;31,1;436924;91791
2022-U05;65-79;10230;1918;48,0;92462;17335
2022-U05;80+;11714;1247;122,6;34202;3641
2022-U06;00-02;8611;3202;123,9;16053;5969
2022-U06;03-05;17114;5952;19,8;32037;11142
2022-U06;06-11;15527;6051;15,8;56980;22205
2022-U06;12-15;16647;7084;24,9;45380;19312
2022-U06;16-19;16017;7547;18,6;43911;20689
2022-U06;20-39;20420;7074;43,1;303920;105291
2022-U06;40-64;21457;5324;35,5;405347;100574
2022-U06;65-79;11048;2759;62,3;99852;24940
2022-U06;80+;12492;1806;163,0;36474;5273
2022-U07;00-02;5541;2127;115,9;10330;3965
2022-U07;03-05;9580;3177;17,6;17933;5947
2022-U07;06-11;8537;2864;7,1;31330;10510
2022-U07;12-15;8607;3522;10,3;23463;9602
2022-U07;16-19;9252;3874;16,8;25364;10621
2022-U07;20-39;14807;4961;39,8;220381;73833
2022-U07;40-64;16861;4657;34,4;318527;87968
2022-U07;65-79;10704;3254;80,5;96744;29408
2022-U07;80+;12210;2346;198,3;35649;6849
2022-U08;00-02;3315;1209;64,9;6180;2254
2022-U08;03-05;5181;1611;10,7;9699;3016
2022-U08;06-11;4665;1376;4,6;17120;5049
2022-U08;12-15;5084;1799;11,4;13859;4905
2022-U08;16-19;5914;2009;11,3;16213;5507
2022-U08;20-39;9626;2810;29,6;143260;41828
2022-U08;40-64;12436;3123;30,1;234925;59005
2022-U08;65-79;8950;2666;81,3;80895;24095
2022-U08;80+;10498;2107;199,7;30651;6151
2022-U09;00-02;1153;390;26,3;4296;1453
2022-U09;03-05;1817;499;4,3;6807;1868
2022-U09;06-11;1920;489;2,3;14072;3581
2022-U09;12-15;1957;618;3,1;10677;3374
2022-U09;16-19;2249;637;5,3;12332;3496
2022-U09;20-39;3375;900;10,5;100604;26837
2022-U09;40-64;4709;1160;12,7;177903;43817
2022-U09;65-79;3758;1145;37,7;67988;20709
2022-U09;80+;4467;910;91,4;26136;5326
2022-U10;00-02;713;202;14,2;2657;751
2022-U10;03-05;1159;221;2,1;4341;826
2022-U10;06-11;1518;288;1,8;11126;2109
2022-U10;12-15;1785;406;3,5;9737;2215
2022-U10;16-19;2000;423;3,1;10971;2319
2022-U10;20-39;2809;634;7,1;83726;18887
2022-U10;40-64;3731;862;10,2;140952;32568
2022-U10;65-79;3169;905;31,7;57332;16365
2022-U10;80+;3856;740;82,6;22556;4329
2022-U11;00-02;390;88;9,9;1453;326
2022-U11;03-05;623;84;1,3;2332;315
2022-U11;06-11;896;115;0,8;6563;846
2022-U11;12-15;1115;185;2,2;6084;1008
2022-U11;16-19;1171;190;3,5;6423;1041
2022-U11;20-39;1881;358;5,6;56064;10667
2022-U11;40-64;2530;563;9,2;95569;21284
2022-U11;65-79;2357;662;25,4;42648;11981
2022-U11;80+;3159;570;74,9;18481;3335
2022-U12;00-02;315;62;9,1;1174;231
2022-U12;03-05;465;49;0,5;1742;185
2022-U12;06-11;647;62;0,4;4744;453
2022-U12;12-15;723;105;1,8;3945;571
2022-U12;16-19;825;108;1,3;4525;593
2022-U12;20-39;1405;240;3,7;41869;7162
2022-U12;40-64;1920;393;7,1;72521;14835
2022-U12;65-79;1871;484;23,1;33840;8754
2022-U12;80+;2560;415;58,3;14978;2429
2022-U13;00-02;242;34;5,9;903;125
2022-U13;03-05;316;24;0,0;1185;89
2022-U13;06-11;421;35;0,3;3086;258
2022-U13;12-15;492;52;0,4;2685;284
2022-U13;16-19;627;65;0,5;3440;359
2022-U13;20-39;1041;141;3,0;31046;4213
2022-U13;40-64;1456;264;5,4;55021;9955
2022-U13;65-79;1460;324;20,0;26418;5870
2022-U13;80+;2071;273;49,6;12118;1599
2022-U14;00-02;425;43;9,6;796;81
2022-U14;03-05;598;44;2,7;1118;82
2022-U14;06-11;852;50;0,8;3122;183
2022-U14;12-15;1096;89;0,4;2991;243
2022-U14;16-19;1253;95;2,2;3438;262
2022-U14;20-39;1797;217;5,6;26868;3245
2022-U14;40-64;2387;404;9,3;45082;7638
2022-U14;65-79;2422;518;33,6;21914;4688
2022-U14;80+;3589;453;85,3;10521;1328
2022-U15;00-02;327;35;9,1;611;66
2022-U15;03-05;433;30;0,5;810;57
2022-U15;06-11;456;34;0,3;1669;123
2022-U15;12-15;551;56;0,0;1504;153
2022-U15;16-19;588;59;0,4;1615;163
2022-U15;20-39;1214;156;4,5;18153;2332
2022-U15;40-64;1489;289;6,2;28131;5451
2022-U15;65-79;1733;373;26,7;15678;3375
2022-U15;80+;2808;330;79,8;8231;967
2022-U16;00-02;243;25;6,4;455;47
2022-U16;03-05;260;28;2,1;486;52
2022-U16;06-11;298;31;0,0;1091;115
2022-U16;12-15;474;58;0,0;1294;157
2022-U16;16-19;664;66;1,5;1823;182
2022-U16;20-39;1208;150;3,5;18061;2243
2022-U16;40-64;1592;257;6,3;30076;4847
2022-U16;65-79;1814;279;20,2;16412;2528
2022-U16;80+;2823;294;72,0;8276;861
2022-U17;00-02;228;24;3,2;427;45
2022-U17;03-05;232;16;0,5;433;29
2022-U17;06-11;265;20;0,0;971;72
2022-U17;12-15;387;35;0,0;1056;96
2022-U17;16-19;491;40;0,4;1348;111
2022-U17;20-39;1032;89;2,3;15431;1326
2022-U17;40-64;1304;157;4,4;24632;2956
2022-U17;65-79;1536;201;19,6;13898;1815
2022-U17;80+;2359;194;52,9;6914;568
2022-U18;00-02;228;22;5,4;425;41
2022-U18;03-05;211;14;0,0;395;26
2022-U18;06-11;260;19;0,3;954;70
2022-U18;12-15;350;24;0,7;956;66
2022-U18;16-19;460;30;0,0;1261;82
2022-U18;20-39;854;68;1,5;12780;1020
2022-U18;40-64;1130;136;4,5;21337;2577
2022-U18;65-79;1214;167;16,8;10988;1512
2022-U18;80+;1774;135;32,2;5227;397
2022-U19;00-02;198;17;3,2;369;31
2022-U19;03-05;199;6;0,0;372;12
2022-U19;06-11;252;14;0,3;922;51
2022-U19;12-15;416;20;0,7;1136;54
2022-U19;16-19;443;27;0,4;1215;73
2022-U19;20-39;748;60;1,3;11193;894
2022-U19;40-64;953;111;2,5;17997;2097
2022-U19;65-79;987;133;11,9;8935;1201
2022-U19;80+;1428;109;31,6;4207;321
2022-U20;00-02;192;10;2,1;358;18
2022-U20;03-05;173;7;0,0;323;14
2022-U20;06-11;219;10;0,3;804;38
2022-U20;12-15;367;30;0,0;1002;81
2022-U20;16-19;336;15;1,1;922;42
2022-U20;20-39;678;47;1,1;10153;703
2022-U20;40-64;900;102;2,8;17006;1918
2022-U20;65-79;903;107;10,7;8179;973
2022-U20;80+;1284;90;25,5;3782;264
2022-U21;00-02;152;8;1,1;284;15
2022-U21;03-05;132;5;0,5;248;10
2022-U21;06-11;185;9;0,0;677;34
2022-U21;12-15;375;16;0,4;1023;45
2022-U21;16-19;271;13;0,4;743;37
2022-U21;20-39;534;40;0,9;7999;604
2022-U21;40-64;679;76;2,0;12832;1441
2022-U21;65-79;729;92;9,2;6596;834
2022-U21;80+;1085;70;20,0;3196;205
2022-U22;00-02;163;8;3,8;304;14
2022-U22;03-05;136;5;0,0;254;10
2022-U22;06-11;174;11;0,0;637;39
2022-U22;12-15;307;9;0,0;837;25
2022-U22;16-19;245;16;0,4;671;43
2022-U22;20-39;534;45;1,3;7994;677
2022-U22;40-64;695;94;1,9;13120;1769
2022-U22;65-79;705;103;7,7;6381;935
2022-U22;80+;948;75;22,7;2794;220
2022-U23;00-02;181;15;3,2;337;28
2022-U23;03-05;169;11;0,0;318;20
2022-U23;06-11;218;16;0,0;802;59
2022-U23;12-15;333;22;0,0;911;60
2022-U23;16-19;278;29;0,7;763;80
2022-U23;20-39;576;84;1,3;8642;1259
2022-U23;40-64;803;143;2,4;15174;2707
2022-U23;65-79;788;137;8,7;7139;1244
2022-U23;80+;917;84;22,6;2715;248
2022-U24;00-02;230;25;6,4;428;47
2022-U24;03-05;250;14;0,5;470;27
2022-U24;06-11;333;15;0,5;1223;56
2022-U24;12-15;428;41;0,4;1170;112
2022-U24;16-19;329;44;1,1;905;122
2022-U24;20-39;727;123;1,3;10907;1840
2022-U24;40-64;943;201;3,4;17827;3803
2022-U24;65-79;947;195;13,2;8584;1767
2022-U24;80+;1231;123;30,4;3645;363
