Aldersgruppe;Uge 10-2022_Ingen vaccination;Uge 10-2022_Første vaccination;Uge 10-2022_Anden vaccination;Uge 10-2022_Fuld effekt efter primært forløb;Uge 10-2022_Fuld effekt efter revaccination;Uge 09-2022_Ingen vaccination;Uge 09-2022_Første vaccination;Uge 09-2022_Anden vaccination;Uge 09-2022_Fuld effekt efter primært forløb;Uge 09-2022_Fuld effekt efter revaccination;Uge 08-2022_Ingen vaccination;Uge 08-2022_Første vaccination;Uge 08-2022_Anden vaccination;Uge 08-2022_Fuld effekt efter primært forløb;Uge 08-2022_Fuld effekt efter revaccination;Uge 07-2022_Ingen vaccination;Uge 07-2022_Første vaccination;Uge 07-2022_Anden vaccination;Uge 07-2022_Fuld effekt efter primært forløb;Uge 07-2022_Fuld effekt efter revaccination;Uge 06-2022_Ingen vaccination;Uge 06-2022_Første vaccination;Uge 06-2022_Anden vaccination;Uge 06-2022_Fuld effekt efter primært forløb;Uge 06-2022_Fuld effekt efter revaccination;Uge 05-2022_Ingen vaccination;Uge 05-2022_Første vaccination;Uge 05-2022_Anden vaccination;Uge 05-2022_Fuld effekt efter primært forløb;Uge 05-2022_Fuld effekt efter revaccination;Uge 04-2022_Ingen vaccination;Uge 04-2022_Første vaccination;Uge 04-2022_Anden vaccination;Uge 04-2022_Fuld effekt efter primært forløb;Uge 04-2022_Fuld effekt efter revaccination;Uge 03-2022_Ingen vaccination;Uge 03-2022_Første vaccination;Uge 03-2022_Anden vaccination;Uge 03-2022_Fuld effekt efter primært forløb;Uge 03-2022_Fuld effekt efter revaccination;Uge 02-2022_Ingen vaccination;Uge 02-2022_Første vaccination;Uge 02-2022_Anden vaccination;Uge 02-2022_Fuld effekt efter primært forløb;Uge 02-2022_Fuld effekt efter revaccination;Uge 01-2022_Ingen vaccination;Uge 01-2022_Første vaccination;Uge 01-2022_Anden vaccination;Uge 01-2022_Fuld effekt efter primært forløb;Uge 01-2022_Fuld effekt efter revaccination;Uge 52-2021_Ingen vaccination;Uge 52-2021_Første vaccination;Uge 52-2021_Anden vaccination;Uge 52-2021_Fuld effekt efter primært forløb;Uge 52-2021_Fuld effekt efter revaccination;Uge 51-2021_Ingen vaccination;Uge 51-2021_Første vaccination;Uge 51-2021_Anden vaccination;Uge 51-2021_Fuld effekt efter primært forløb;Uge 51-2021_Fuld effekt efter revaccination;Uge 50-2021_Ingen vaccination;Uge 50-2021_Første vaccination;Uge 50-2021_Anden vaccination;Uge 50-2021_Fuld effekt efter primært forløb;Uge 50-2021_Fuld effekt efter revaccination;Uge 49-2021_Ingen vaccination;Uge 49-2021_Første vaccination;Uge 49-2021_Anden vaccination;Uge 49-2021_Fuld effekt efter primært forløb;Uge 49-2021_Fuld effekt efter revaccination;Uge 48-2021_Ingen vaccination;Uge 48-2021_Første vaccination;Uge 48-2021_Anden vaccination;Uge 48-2021_Fuld effekt efter primært forløb;Uge 48-2021_Fuld effekt efter revaccination;Uge 47-2021_Ingen vaccination;Uge 47-2021_Første vaccination;Uge 47-2021_Anden vaccination;Uge 47-2021_Fuld effekt efter primært forløb;Uge 47-2021_Fuld effekt efter revaccination
0-5;0;0;0;0;0;0;0;0;0;0;0;0;0;0;0;0;0;0;0;0;0;0;0;0;0;0;0;0;0;0;0;0;0;0;0;0;0;0;0;0;0;0;0;0;0;0;0;0;0;0;0;0;0;0;0;0;0;0;0;0;0;0;0;0;0;0;0;0;0;0;0;0;0;0;0;0;0;0;0;0
6-11;0;0;0;0;0;0;0;0;0;0;0;0;0;0;0;0;0;0;0;0;0;0;0;0;0;0;0;1;1;0;0;0;0;0;0;0;0;0;0;0;0;0;0;0;0;0;0;0;0;0;0;0;0;0;0;0;0;0;0;0;0;0;0;0;0;0;0;0;0;0;0;0;0;0;0;0;0;0;0;0
12-15;0;0;0;0;0;0;0;0;0;0;0;0;0;0;0;0;0;0;0;0;0;0;0;0;0;0;0;0;0;0;0;0;0;0;0;0;0;0;0;0;0;0;0;0;0;0;0;0;0;0;0;0;0;0;0;0;0;0;0;0;0;0;0;0;0;0;0;0;0;0;0;0;0;0;0;0;0;0;0;0
16-19;0;0;0;0;0;0;0;0;0;0;0;0;0;0;0;0;0;0;0;0;0;0;0;0;0;0;0;0;0;0;0;0;0;0;0;0;0;0;0;0;0;0;0;0;0;0;0;0;0;0;0;0;0;0;0;0;0;0;0;0;0;0;0;0;0;0;0;0;0;0;0;0;0;0;0;0;0;0;0;0
20-29;0;0;0;0;0;0;0;2;2;0;0;0;0;0;0;0;0;1;1;0;0;0;2;1;1;0;0;0;0;0;0;0;3;2;0;0;0;1;0;1;0;0;0;0;0;2;0;1;1;0;1;0;0;0;0;0;0;0;0;0;0;0;0;0;0;0;0;0;0;0;0;0;0;0;0;0;0;0;0;0
30-39;0;0;0;0;0;1;0;0;0;0;0;0;0;0;0;0;0;1;1;0;1;0;0;0;0;0;0;2;1;1;0;0;1;1;0;0;0;1;1;0;0;0;0;0;0;0;0;0;0;0;0;0;0;0;0;1;0;0;0;0;0;0;0;0;0;0;0;0;0;0;0;0;0;0;0;0;0;0;0;0
40-49;1;0;4;0;4;0;0;5;0;5;0;0;4;2;2;3;1;3;0;3;0;0;4;1;3;0;0;0;0;0;0;0;1;0;1;0;0;2;0;2;1;0;2;2;0;0;0;0;0;0;0;0;0;0;0;0;0;0;0;0;1;0;0;0;0;0;1;1;1;0;1;0;1;1;0;2;0;0;0;0
50-59;0;0;4;0;4;3;0;10;1;9;0;0;5;2;3;2;1;5;1;4;1;0;7;0;7;2;0;3;0;3;1;1;3;2;1;3;0;2;2;0;3;0;2;1;1;0;0;3;3;0;1;1;0;0;0;2;1;3;3;0;1;0;2;2;0;1;0;4;3;1;1;0;1;1;0;0;0;3;3;0
60-64;1;0;4;1;3;0;0;5;1;4;3;0;15;1;14;0;0;4;1;3;0;1;4;0;4;0;0;5;3;2;2;0;4;0;4;1;3;2;0;2;1;0;4;4;0;1;0;2;2;0;1;0;3;2;1;1;0;2;2;0;2;0;2;2;0;0;0;1;1;0;1;0;2;2;0;1;0;3;3;0
65-69;0;0;13;1;12;0;1;17;4;13;1;0;6;3;3;3;0;5;1;4;0;0;11;3;8;0;0;6;1;5;1;1;11;5;6;2;2;4;2;2;1;0;1;0;1;4;0;11;10;1;0;0;5;4;1;0;0;3;2;1;2;0;3;3;0;1;0;3;1;2;1;0;0;0;0;1;0;4;4;0
70-79;2;0;59;8;51;9;0;63;4;59;4;1;51;7;44;6;2;51;7;44;5;1;41;7;34;5;1;22;6;16;5;0;33;5;28;1;1;18;4;14;4;0;21;10;11;5;1;21;8;13;9;2;12;8;4;5;1;21;13;8;5;0;16;14;2;3;0;19;17;2;3;0;15;13;2;5;0;18;18;0
80+;12;1;152;10;142;13;1;161;17;142;12;3;170;19;151;12;1;123;9;114;11;0;120;13;106;23;0;75;8;67;7;1;61;7;54;6;0;62;13;48;10;2;54;9;45;7;2;46;21;24;6;0;27;11;16;8;3;35;22;13;8;0;34;22;12;7;0;25;15;10;6;1;34;26;8;9;1;29;27;2
12+;16;1;236;20;216;26;2;263;29;232;20;4;251;34;217;26;5;193;21;172;18;2;189;25;163;30;1;113;19;94;16;3;117;22;94;13;6;92;22;69;20;2;84;26;58;19;3;84;45;38;18;3;47;25;22;17;5;64;42;22;19;0;57;43;14;12;1;53;38;15;13;1;53;43;10;18;1;57;55;2
Alle;16;1;236;20;216;26;2;263;29;232;20;4;251;34;217;26;5;193;21;172;18;2;189;25;163;30;1;114;20;94;16;3;117;22;94;13;6;92;22;69;20;2;84;26;58;19;3;84;45;38;18;3;47;25;22;17;5;64;42;22;19;0;57;43;14;12;1;53;38;15;13;1;53;43;10;18;1;57;55;2
