Aldersgruppe;Uge 10-2022_Ingen vaccination;Uge 10-2022_Første vaccination;Uge 10-2022_Anden vaccination;Uge 10-2022_Fuld effekt efter primært forløb;Uge 10-2022_Fuld effekt efter revaccination;Uge 09-2022_Ingen vaccination;Uge 09-2022_Første vaccination;Uge 09-2022_Anden vaccination;Uge 09-2022_Fuld effekt efter primært forløb;Uge 09-2022_Fuld effekt efter revaccination;Uge 08-2022_Ingen vaccination;Uge 08-2022_Første vaccination;Uge 08-2022_Anden vaccination;Uge 08-2022_Fuld effekt efter primært forløb;Uge 08-2022_Fuld effekt efter revaccination;Uge 07-2022_Ingen vaccination;Uge 07-2022_Første vaccination;Uge 07-2022_Anden vaccination;Uge 07-2022_Fuld effekt efter primært forløb;Uge 07-2022_Fuld effekt efter revaccination;Uge 06-2022_Ingen vaccination;Uge 06-2022_Første vaccination;Uge 06-2022_Anden vaccination;Uge 06-2022_Fuld effekt efter primært forløb;Uge 06-2022_Fuld effekt efter revaccination;Uge 05-2022_Ingen vaccination;Uge 05-2022_Første vaccination;Uge 05-2022_Anden vaccination;Uge 05-2022_Fuld effekt efter primært forløb;Uge 05-2022_Fuld effekt efter revaccination;Uge 04-2022_Ingen vaccination;Uge 04-2022_Første vaccination;Uge 04-2022_Anden vaccination;Uge 04-2022_Fuld effekt efter primært forløb;Uge 04-2022_Fuld effekt efter revaccination;Uge 03-2022_Ingen vaccination;Uge 03-2022_Første vaccination;Uge 03-2022_Anden vaccination;Uge 03-2022_Fuld effekt efter primært forløb;Uge 03-2022_Fuld effekt efter revaccination;Uge 02-2022_Ingen vaccination;Uge 02-2022_Første vaccination;Uge 02-2022_Anden vaccination;Uge 02-2022_Fuld effekt efter primært forløb;Uge 02-2022_Fuld effekt efter revaccination;Uge 01-2022_Ingen vaccination;Uge 01-2022_Første vaccination;Uge 01-2022_Anden vaccination;Uge 01-2022_Fuld effekt efter primært forløb;Uge 01-2022_Fuld effekt efter revaccination;Uge 52-2021_Ingen vaccination;Uge 52-2021_Første vaccination;Uge 52-2021_Anden vaccination;Uge 52-2021_Fuld effekt efter primært forløb;Uge 52-2021_Fuld effekt efter revaccination;Uge 51-2021_Ingen vaccination;Uge 51-2021_Første vaccination;Uge 51-2021_Anden vaccination;Uge 51-2021_Fuld effekt efter primært forløb;Uge 51-2021_Fuld effekt efter revaccination;Uge 50-2021_Ingen vaccination;Uge 50-2021_Første vaccination;Uge 50-2021_Anden vaccination;Uge 50-2021_Fuld effekt efter primært forløb;Uge 50-2021_Fuld effekt efter revaccination;Uge 49-2021_Ingen vaccination;Uge 49-2021_Første vaccination;Uge 49-2021_Anden vaccination;Uge 49-2021_Fuld effekt efter primært forløb;Uge 49-2021_Fuld effekt efter revaccination;Uge 48-2021_Ingen vaccination;Uge 48-2021_Første vaccination;Uge 48-2021_Anden vaccination;Uge 48-2021_Fuld effekt efter primært forløb;Uge 48-2021_Fuld effekt efter revaccination;Uge 47-2021_Ingen vaccination;Uge 47-2021_Første vaccination;Uge 47-2021_Anden vaccination;Uge 47-2021_Fuld effekt efter primært forløb;Uge 47-2021_Fuld effekt efter revaccination
0-5;63;0;0;0;0;117;0;0;0;0;142;1;1;1;0;248;0;3;3;0;260;1;0;0;0;220;2;2;1;0;200;1;1;1;0;208;3;0;0;0;142;3;0;0;0;80;0;0;0;0;88;1;0;0;0;45;0;0;0;0;37;0;0;0;0;26;0;0;0;0;24;0;0;0;0;20;0;0;0;0
6-11;2;0;9;9;0;5;2;10;10;0;7;1;11;11;0;13;0;9;9;0;30;4;20;18;0;41;8;15;12;0;42;7;13;7;0;42;6;7;3;0;25;11;2;0;0;15;4;1;0;0;12;4;0;0;0;9;2;0;0;0;19;4;0;0;0;17;1;0;0;0;10;0;0;0;0;9;0;0;0;0
12-15;4;0;15;15;0;3;0;13;13;0;5;0;25;23;1;1;1;21;20;1;12;0;53;53;0;16;2;41;37;4;12;2;47;46;0;17;0;29;28;0;12;3;12;12;0;5;5;11;11;0;3;1;5;5;0;4;1;3;3;0;7;3;7;7;0;1;1;0;0;0;4;1;1;1;0;2;0;1;1;0
16-19;2;0;13;7;6;2;1;22;13;9;4;0;25;12;13;5;3;31;20;11;8;1;39;26;13;11;1;59;46;13;15;1;42;34;7;10;1;45;36;8;9;2;31;26;5;5;1;30;28;2;0;2;17;16;1;3;1;11;11;0;4;0;12;12;0;2;0;4;4;0;5;0;3;3;0;1;0;3;3;0
20-29;17;3;68;32;36;23;2;111;48;62;57;5;138;62;75;51;10;182;80;102;91;10;185;98;86;73;10;137;82;54;63;6;115;81;31;77;13;119;87;26;68;8;85;67;16;51;7;91;74;14;54;7;72;63;7;32;7;38;35;1;32;3;34;26;5;29;2;24;21;2;32;2;14;13;1;26;4;9;9;0
30-39;15;3;85;36;49;34;3;103;38;65;35;10;149;72;77;66;11;220;113;107;75;9;237;129;106;83;6;236;125;104;76;8;229;143;82;70;8;185;138;45;59;9;135;107;26;53;4;80;70;10;60;8;90;75;10;46;8;58;48;6;57;7;44;41;1;54;3;24;23;1;43;7;16;10;5;49;5;22;21;1
40-49;15;1;74;14;60;19;2;104;19;85;28;3;150;41;108;26;4;157;31;126;38;8;175;43;132;41;1;185;57;128;27;3;166;63;102;19;3;119;63;55;29;4;96;51;45;21;2;86;68;18;41;7;77;63;14;51;4;46;37;9;45;0;47;40;7;27;4;45;42;3;34;2;27;23;3;35;4;22;21;1
50-59;16;0;127;9;118;17;1;168;23;145;19;5;206;19;187;31;2;212;29;182;30;5;236;35;200;33;3;190;33;157;30;4;158;39;119;29;4;103;32;71;30;3;109;49;60;34;2;85;52;32;35;3;103;79;24;44;0;71;60;11;33;6;56;47;9;29;2;55;49;6;24;1;42;35;7;24;1;31;28;3
60-64;7;0;101;7;94;13;1;113;9;104;6;2;130;11;119;19;1;156;21;135;16;0;122;20;102;15;5;87;14;73;19;1;76;21;53;9;2;38;15;23;8;2;36;14;22;17;3;47;18;29;15;1;50;33;17;15;1;39;34;5;13;1;36;32;4;15;1;26;25;1;10;1;33;31;2;12;1;26;21;5
65-69;13;0;137;8;129;15;1;158;16;142;11;2;159;8;151;21;3;170;16;154;9;1;136;10;126;12;3;96;14;82;8;0;64;13;51;4;2;53;13;40;13;3;52;17;35;11;3;45;24;21;12;3;52;31;21;15;0;38;29;9;5;0;45;36;9;6;1;37;32;5;10;1;26;22;4;10;0;20;19;1
70-79;22;2;370;14;356;26;5;451;21;430;36;3;510;28;482;27;2;477;26;451;29;4;372;38;334;26;1;285;22;263;18;2;174;22;152;14;2;146;21;124;19;0;115;28;86;28;3;124;35;89;26;3;120;42;78;30;2;96;56;39;18;0;104;78;26;18;0;109;91;18;15;2;123;105;18;18;2;106;98;8
80+;30;0;434;16;418;33;3;495;25;470;43;2;524;39;485;42;2;524;39;484;32;3;434;34;399;29;2;315;24;290;18;1;225;25;200;18;1;179;26;153;23;2;141;21;120;27;5;136;25;109;11;4;157;55;102;22;3;89;45;42;12;4;87;46;40;17;2;89;64;25;12;1;88;75;13;14;1;86;78;8
12+;141;9;1424;158;1266;185;19;1738;225;1512;244;32;2016;315;1698;289;39;2150;395;1753;340;41;1989;486;1498;339;34;1631;454;1168;286;28;1296;487;797;267;36;1016;459;545;270;36;812;392;415;252;35;735;405;324;257;39;743;462;274;262;27;489;358;122;226;24;472;365;101;198;16;413;351;61;189;18;373;318;53;191;18;326;299;27
Alle;206;9;1433;167;1266;307;21;1748;235;1512;393;34;2028;327;1698;550;39;2162;407;1753;630;46;2009;504;1498;600;44;1648;467;1168;528;36;1310;495;797;517;45;1023;462;545;437;50;814;392;415;347;39;736;405;324;357;44;743;462;274;316;29;489;358;122;282;28;472;365;101;241;17;413;351;61;223;18;373;318;53;220;18;326;299;27
