Aldersgruppe;Uge 10-2022_Ingen vaccination;Uge 10-2022_Første vaccination;Uge 10-2022_Anden vaccination;Uge 10-2022_Fuld effekt efter primært forløb;Uge 10-2022_Fuld effekt efter revaccination;Uge 09-2022_Ingen vaccination;Uge 09-2022_Første vaccination;Uge 09-2022_Anden vaccination;Uge 09-2022_Fuld effekt efter primært forløb;Uge 09-2022_Fuld effekt efter revaccination;Uge 08-2022_Ingen vaccination;Uge 08-2022_Første vaccination;Uge 08-2022_Anden vaccination;Uge 08-2022_Fuld effekt efter primært forløb;Uge 08-2022_Fuld effekt efter revaccination;Uge 07-2022_Ingen vaccination;Uge 07-2022_Første vaccination;Uge 07-2022_Anden vaccination;Uge 07-2022_Fuld effekt efter primært forløb;Uge 07-2022_Fuld effekt efter revaccination;Uge 06-2022_Ingen vaccination;Uge 06-2022_Første vaccination;Uge 06-2022_Anden vaccination;Uge 06-2022_Fuld effekt efter primært forløb;Uge 06-2022_Fuld effekt efter revaccination;Uge 05-2022_Ingen vaccination;Uge 05-2022_Første vaccination;Uge 05-2022_Anden vaccination;Uge 05-2022_Fuld effekt efter primært forløb;Uge 05-2022_Fuld effekt efter revaccination;Uge 04-2022_Ingen vaccination;Uge 04-2022_Første vaccination;Uge 04-2022_Anden vaccination;Uge 04-2022_Fuld effekt efter primært forløb;Uge 04-2022_Fuld effekt efter revaccination;Uge 03-2022_Ingen vaccination;Uge 03-2022_Første vaccination;Uge 03-2022_Anden vaccination;Uge 03-2022_Fuld effekt efter primært forløb;Uge 03-2022_Fuld effekt efter revaccination;Uge 02-2022_Ingen vaccination;Uge 02-2022_Første vaccination;Uge 02-2022_Anden vaccination;Uge 02-2022_Fuld effekt efter primært forløb;Uge 02-2022_Fuld effekt efter revaccination;Uge 01-2022_Ingen vaccination;Uge 01-2022_Første vaccination;Uge 01-2022_Anden vaccination;Uge 01-2022_Fuld effekt efter primært forløb;Uge 01-2022_Fuld effekt efter revaccination;Uge 52-2021_Ingen vaccination;Uge 52-2021_Første vaccination;Uge 52-2021_Anden vaccination;Uge 52-2021_Fuld effekt efter primært forløb;Uge 52-2021_Fuld effekt efter revaccination;Uge 51-2021_Ingen vaccination;Uge 51-2021_Første vaccination;Uge 51-2021_Anden vaccination;Uge 51-2021_Fuld effekt efter primært forløb;Uge 51-2021_Fuld effekt efter revaccination;Uge 50-2021_Ingen vaccination;Uge 50-2021_Første vaccination;Uge 50-2021_Anden vaccination;Uge 50-2021_Fuld effekt efter primært forløb;Uge 50-2021_Fuld effekt efter revaccination;Uge 49-2021_Ingen vaccination;Uge 49-2021_Første vaccination;Uge 49-2021_Anden vaccination;Uge 49-2021_Fuld effekt efter primært forløb;Uge 49-2021_Fuld effekt efter revaccination;Uge 48-2021_Ingen vaccination;Uge 48-2021_Første vaccination;Uge 48-2021_Anden vaccination;Uge 48-2021_Fuld effekt efter primært forløb;Uge 48-2021_Fuld effekt efter revaccination;Uge 47-2021_Ingen vaccination;Uge 47-2021_Første vaccination;Uge 47-2021_Anden vaccination;Uge 47-2021_Fuld effekt efter primært forløb;Uge 47-2021_Fuld effekt efter revaccination
0-5;24,2;0;0;0;0;42,2;0;0;0;0;48;30,1;9,9;10,2;0;78,8;0;28,1;29,5;0;79,3;19,9;0;0;0;65,9;34,9;18,9;12,3;0;59,2;14,4;10,3;18,4;0;61;34,6;0;0;0;41,2;26,7;0;0;0;23;0;0;0;0;25,1;7,9;0;0;0;12,7;0;0;0;0;10,2;0;0;0;0;7,1;0;0;0;0;6,6;0;0;0;0;5,5;0;0;0;0
6-11;3,4;0;11,6;11,6;0;7;19,2;10,8;10,9;0;7,8;6,9;10,2;10,3;0;12;0;7,5;7,6;0;25,2;15,8;16;15,1;0;33,1;27,1;12,1;10,9;0;32,8;19;10,9;7,8;0;31,7;12,3;6,4;7;0;17,5;15;2,4;0;0;9,5;3,4;2,9;0;0;6,8;2,9;0;0;0;4,5;1,6;0;0;0;7,3;5,6;0;0;0;5,4;4,6;0;0;0;3;0;0;0;0;2,6;0;0;0;0
12-15;24,9;0;15;15,1;0;15,2;0;10,6;10,6;0;20,3;0;16,7;15,5;170,9;3,4;26;12,1;11,6;165,3;37;0;28,6;28,8;0;46,7;38,7;21,4;19,5;751,9;33,9;32,9;24;23,9;0;46,7;0;14,6;14,6;0;31,4;33,8;6,1;6,3;0;12,4;43,1;5,6;5,8;0;7,1;7,4;2,6;2,7;0;8,9;7,1;1,6;1,7;0;14,3;20,2;3,8;4;0;1,9;6,1;0;0;0;7,1;5,6;0,6;0,6;0;3,3;0;0,6;0,6;0
16-19;16,7;0;11,3;12,6;10,1;15,1;64,6;16,8;19,5;14;27;0;16,7;14,9;18,9;30,4;148,5;18,2;20,5;15,2;44,9;43,7;21,3;23,8;17,7;57,1;38,5;30;36,9;18,2;74,9;34,7;20,7;24,2;11,3;48,3;31,5;21,6;22,7;16,4;41,8;54,5;14,6;14,1;18,2;22,4;23,1;14;13,4;51,4;0;40,4;7,9;7,6;55,6;12,5;18,7;5,1;5,2;0;15,9;0;5,6;5,7;0;7,6;0;1,9;1,9;0;17,9;0;1,4;1,4;0;3,4;0;1,4;1,4;0
20-29;22,2;38,7;16,9;29,8;12,2;28,2;23,8;25,8;41,1;19,9;65,7;54,4;30,3;48,2;23;55,4;99,4;38,1;55,8;30,6;94,3;90,8;37,4;58,4;26,4;71,7;80,8;26,3;37;18,2;59,4;43;21,4;27,5;12,9;70,5;83,2;21,6;23,6;14,9;60,4;44,8;15,3;15,1;15,1;44,1;33,4;16,4;14,6;33,7;45,5;29,7;13;12,3;21,1;26,2;27,1;6,9;6,8;3,6;25,3;10,3;6,2;5;20,7;22,1;6,3;4,4;4,1;9,5;23,4;6,2;2,6;2,5;5,6;18,4;12,6;1,7;1,7;0
30-39;23,8;52,4;24,2;35,5;19,6;49,9;46,9;26,5;32,9;23,8;47,1;137;34,8;54,1;26,2;82,4;134,4;47,5;73;34,8;89,4;99,7;48,8;71,1;35;94,9;60,5;47,2;55,3;38,3;84;72,2;44,6;48,8;37,9;75,3;63,7;35,5;37,1;31,4;61,7;61,6;25,7;24,5;31;53,9;22,6;15,2;15;18,9;59,6;39,7;17,1;15,8;22,3;44,4;36,1;11;10,1;15,4;53;27;8,4;8,6;2,9;48,4;10,4;4,6;4,8;3,3;37,1;23,1;3,1;2,1;18,8;40,8;16,6;4,3;4,3;4,7
40-49;38;35,9;18,1;30,8;16,5;44,7;66,1;23,1;37,4;21,3;60,7;89;30,5;71,1;24,9;52,7;107,4;29,7;46,9;27,3;73,9;196,7;32;57,1;28;76,9;22,5;32,9;61,3;27,3;49,2;61,2;28,9;51,1;22,6;33,8;56,3;20,3;37;13,3;50,2;66;16,2;22;12,5;35,5;28;14,4;21,1;6,6;67,7;86,2;12,7;12,1;17,6;82,1;45,9;7,6;6,9;14,2;70,2;0;7,7;7,3;12,2;40,9;36,7;7,4;7,6;5,9;49,9;17,7;4,4;4,1;6,7;49,9;36,4;3,6;3,7;2,7
50-59;48,1;0;22,5;28;22,2;48,7;45,8;28,3;67,2;25,9;51,8;213,9;33,3;51,6;32,1;81,2;80;33,2;72,8;30,4;76,3;186,5;36,2;79,6;33;81,8;104,4;28,7;62,5;25,8;72,4;126,1;23,4;56,2;19,6;68,7;116,9;15;32,5;12,1;69,7;78,2;15,7;32,9;11,1;77,6;45,8;12,2;20;7,4;78,5;61,3;14,7;14,2;17,2;96,7;0;10,1;9,8;12,8;70,7;111,1;8;7,6;11,5;60,6;35;7,8;7,8;8,6;49;17,1;6;5,5;11,2;48;17,9;4,4;4,3;5,8
60-64;59,7;0;37;68,2;35,8;107,3;137,2;39,8;83,7;38,1;48;259,7;44,5;96,9;42,4;148,5;122,9;52,4;174,2;47,3;122,6;0;40,5;152,8;35,5;112,8;521,4;28,6;91,5;25,3;139,8;94,9;24,6;107,5;18,4;65,2;180,7;12,2;54;8,1;57;163,5;11,5;32,1;8,2;119,1;224,4;15;20,8;12,8;103,7;68,1;15,9;15,8;16,2;101,6;66,9;12,3;12,8;9,9;86;63,8;11,4;11,8;9,1;97,2;62;8,2;9;2,5;63,6;60,9;10,4;11;5,7;74,9;64,2;8,2;7,3;16,6
65-69;141;0;50,5;112,4;48,9;159,3;183,8;56,8;217,3;52,5;114,4;346,6;56,1;103,9;54,8;215,3;493,4;59,3;198,2;55,3;91,4;154,3;47,1;116,1;45;120,1;436;33;143,8;29,2;78,9;0;21,8;107,5;18,1;39;248,4;17,9;79,6;14,4;125,2;326,8;17,5;71,5;12,8;104,4;295,9;15,1;51;8,4;112,4;286,8;17,5;23;13;137,6;0;12,8;13,2;11,7;44,8;0;15,1;14,6;17,5;52,8;100,7;12,4;12,4;12,5;87;96,1;8,7;8,3;11,8;85,6;0;6,7;7;3,4
70-79;172,4;302,6;72,3;144,2;70,9;201;718,4;86,6;209,7;84,2;274,5;419;96,8;269,2;93,3;203,4;265,6;89,9;240,3;86,8;216,7;484,8;69,8;330;64;192;112;53,2;171,5;50,3;131,2;203,5;32,2;145,1;29;101;187,4;27;113;23,7;135,1;0;21,2;120,7;16,6;196,1;228,3;22,8;96,9;17,5;179,8;219,8;22;50,2;16,9;203,4;150,7;17,6;34;10,2;118,9;0;19;28,2;9,6;116,7;0;19,9;22,7;12,2;95,8;158,4;22,4;22,3;23,3;113,2;169,5;19,3;20;13,3
80+;440,4;0;169,8;277,2;167,3;476,1;622,4;191;418,7;185,7;611,8;381,7;200,2;627,1;189,8;591,1;356,5;198,8;600,5;188,4;443,3;495,9;163,8;492,2;154,7;395,5;302,1;118,1;317,9;112;242,4;136,8;83,7;286,4;77;238,2;130,4;66,4;251,3;59,1;299,4;228,6;52,1;169,5;46,5;343,8;543,5;50,2;141,1;43;137,7;427,8;57,8;175,3;42,5;268,5;335,2;32,7;92,7;18,8;141,2;485,4;31,9;66,6;19,7;196;248,8;32,6;67,1;14,1;136,2;122,5;32,2;60,8;8,7;156,4;126,9;31,4;50,4;6,7
12+;50,2;37,9;43,8;33,3;45,6;61,4;72,5;50,3;41,6;51,9;74,9;108,5;55,1;50,7;56;82,9;118;56,1;55,5;56,3;93,2;112;50,5;60,6;47,9;89,1;83,8;40,5;47,6;38,1;72,7;61,5;31,5;41,7;27,2;66,2;70,7;24,4;32;20,1;65,1;60,9;19,3;22,5;17;59,1;49,5;17,4;18,9;15,8;58,7;48,8;17,6;15,8;21,6;58,1;31,4;11,6;11,1;12,8;48,2;25,1;11,2;10,7;13,2;40,7;15,3;9,8;9,8;10,5;37,4;16,6;8,9;8,5;11,8;36,5;17,1;7,8;7,9;7,4
Alle;34,4;26,3;42,9;29,8;45,6;47,2;53,5;49,1;36,6;51,9;55,3;71,8;53,7;44,3;56;71,3;67,9;54,6;48,5;56,3;77,6;68,7;49,3;54,2;47,9;71,6;58,1;39,6;43,6;38,1;61,5;40,3;30,9;39,2;27,2;59;41,5;23,9;31,3;20,1;48,4;34,8;19;22,4;17;37,2;19,2;17,3;18,9;15,8;37;19,2;17,6;15,8;21,6;31,5;13,1;11,6;11,1;12,8;25,9;16,5;11,2;10,7;13,2;20,7;13,4;9,8;9,8;10,5;18,5;16,5;8,9;8,5;11,8;17,9;17,1;7,8;7,9;7,4
